key,translation,locale
cart.remove.items.success,Produkty zostały pomyślnie usunięte,pl_PL
cart.add.items.success,Pozycje zostały pomyślnie dodane,pl_PL
cart.add.items.error.text,Coś poszło nie tak. Przepraszamy.,pl_PL
cart.your-order,Twoje zamówienie,pl_PL
cart.price,Cena,pl_PL
cart.shipping.order-item,+ Dostawa,pl_PL
cart.shipping,Dostawa,pl_PL
cart.total,Suma,pl_PL
cart.checkout,Kasa,pl_PL
cart.empty,Twój koszyk jest pusty!,pl_PL
cart.cart,Koszyk,pl_PL
cart.total.discount,Rabat,pl_PL
cart.vouchers,Kody rabatowe,pl_PL
cart.discounts,Rabaty,pl_PL
cart.item_quantity,Ilość,pl_PL
cart.item_attributes_needed,Wybierz więcej atrybutów,pl_PL
cart.voucher.redeem,Wykorzystaj kod,pl_PL
cart.price.subtotal,Suma częściowa,pl_PL
cart.price.grand.total,Suma całkowita,pl_PL
cart.total.tax_total,Podatek,pl_PL
cart.total.tax_total.calculated_at_checkout,obliczane w kasie,pl_PL
cart.delete.item,Usuń,pl_PL
cart.sales-order-threshold,Minimalna wartość zamówienia,pl_PL
cart.title.available_discounts,Dostępne rabaty,pl_PL
checkout.sales-order-threshold,Minimalna wartość zamówienia,pl_PL
sales-order-threshold.expense.name,Dopłata,pl_PL
sales-order-threshold.strategy.soft-minimum-threshold-fixed-fee,Dopłata,pl_PL
sales-order-threshold.strategy.soft-minimum-threshold-flexible-fee,Dopłata,pl_PL
auth.login,Zarejestruj się,pl_PL
auth.password,Hasło,pl_PL
auth.password-forgot,Nie pamiętasz?,pl_PL
auth.email,E-mail,pl_PL
auth.register,Zarejestruj się,pl_PL
auth.im-new-customer,Nowy klient,pl_PL
auth.im-already-customer,Mam już konto,pl_PL
navigation.menu.categories,Kategorie,pl_PL
navigation.menu.have-a-look,Warto zobaczyć,pl_PL
navigation.browse_by_category,Przeglądaj według kategorii,pl_PL
navigation.show_all,Pokaż wszystko,pl_PL
navigation.all_prefix,Wszystko,pl_PL
page.checkout.errors,Sprawdź wprowadzone dane.,pl_PL
page.checkout.client.existing,Istniejący klient,pl_PL
page.checkout.client.new,Nowy klient,pl_PL
customer.password,Hasło,pl_PL
password.confirm,Potwierdź hasło,pl_PL
page.checkout.address.heading,1. Dane adresowe,pl_PL
page.checkout.address.name,Nazwa,pl_PL
page.checkout.address.billing-address,Adres rozliczeniowy,pl_PL
page.checkout.address.billing-isnt-shipping-address,Inny adres dostawy,pl_PL
page.checkout.address.shipping-address,Adres dostawy,pl_PL
page.checkout.address.address-example,Przykład:</br>Wayne Manor 1</br>10292 Gotham City</br>do rąk Alfred Pennyworth,pl_PL
page.checkout.address.next-step,Przejdź do metody dostawy,pl_PL
page.checkout.address.edit,edytuj dane adresowe,pl_PL
page.checkout.address.use_selected_address,Użyj wybranego adresu,pl_PL
page.checkout.address.different_delivery_address,Użyj innego adresu dostawy,pl_PL
page.checkout.address.different_billing_address,Użyj innego adresu rozliczeniowego,pl_PL
page.checkout.address.option_group.customer,Adresy klienta,pl_PL
page.checkout.address.option_group.company_business_unit,Adresy firmowe,pl_PL
page.checkout.address.delivery.address_select,Wybierz adres dostawy,pl_PL
page.checkout.address.multi_shipment.title,Przypisz każdemu produktowi własny adres dostawy,pl_PL
page.checkout.address.billing.address_select,Wybierz adres rozliczeniowy,pl_PL
page.checkout.address.manage_your_addresses,Zarządzaj swoimi adresami,pl_PL
page.checkout.address.address_select.label,Wybierz adres dostawy,pl_PL
page.checkout.address.address_select.placeholder,Wybierz adres,pl_PL
page.checkout.shipment.heading,2. Metoda dostawy,pl_PL
page.checkout.shipment.shipping_method_heading,Metoda dostawy,pl_PL
page.checkout.shipment.shipment_group_heading,Przesyłka %current% z %total%,pl_PL
shipment.standart.name,Standardowy,pl_PL
shipment.express.name,Ekspres,pl_PL
shipment.standart.description,2-4 dni robocze,pl_PL
page.checkout.shipping.delivery_time,Czas dostawy:,pl_PL
page.checkout.shipping.day,dzień,pl_PL
page.checkout.shipping.days,dni,pl_PL
page.checkout.shipping.price,Cena:,pl_PL
shipment.express.description,24-48 godzin (dni robocze),pl_PL
page.checkout.shipment.edit,edytuj metodę dostawy,pl_PL
page.checkout.shipment.next-step,Przejdź do metody płatności,pl_PL
page.checkout.shipment.item.quantity,Kwota,pl_PL
page.checkout.shipment.item.price,Cena,pl_PL
page.checkout.shipment.shipping_address.title,Adres dostawy,pl_PL
page.checkout.shipment.requested_delivery_date.label,Żądana data dostawy,pl_PL
page.checkout.shipment.requested_delivery_date.placeholder,"Pozostaw puste, jeśli chcesz otrzymać jak najszybciej",pl_PL
page.checkout.shipment.requested_delivery_date.title,Kiedy chcesz otrzymać dostawę?,pl_PL
page.checkout.shipping.delivery_time,Czas dostawy,pl_PL
page.checkout.payment.heading,3. Metoda płatności,pl_PL
page.checkout.payment.title,Metoda płatności,pl_PL
page.checkout.payment.edit,edytuj metodę płatności,pl_PL
page.checkout.payment.next-step,Przejdź do złożenia zamówienia,pl_PL
page.checkout.summary.billing,Adres do faktury,pl_PL
page.checkout.summary.shipping,Adres dostawy,pl_PL
page.checkout.summary.date_of_birth,Data urodzenia,pl_PL
page.checkout.summary.card_type,Typ karty,pl_PL
page.checkout.summary.card_number,Numer karty,pl_PL
page.checkout.summary.name_on_card,Imię i nazwisko na karcie,pl_PL
page.checkout.summary.card_expires,Data ważności,pl_PL
page.checkout.summary.complete_checkout,Zakończ zamówienie,pl_PL
page.checkout.summary.accept_terms_and_conditions,Akceptuję regulamin,pl_PL
page.checkout.finalize.heading,4. Sprawdź i złóż zamówienie,pl_PL
shipment.international.parcel.service,Międzynarodowe usługi paczkowe,pl_PL
page.checkout.terms,Akceptuję ogólne warunki handlowe.,pl_PL
page.checkout.finalize.enter-voucher,Wpisz kod rabatowy,pl_PL
page.checkout.finalize.tos,"Klikając przycisk ""Kup teraz"", potwierdzam ogólne warunki handlowe.",pl_PL
page.checkout.finalize.buy-now,Kup teraz,pl_PL
page.detail.add-to-cart,Dodaj do koszyka,pl_PL
page.detail.dimensions,Wymiary,pl_PL
page.product.by,przez,pl_PL
page.product.details,Szczegóły,pl_PL
page.imprint.url,/en/imprint,pl_PL
page.imprint.title,Nota prawna,pl_PL
page.terms.url,/en/gtc,pl_PL
page.terms.title,GTC,pl_PL
page.privacy.url,/en/privacy,pl_PL
page.privacy.title,Ochrona danych,pl_PL
catalog.currency,€,pl_PL
catalog.filter.button,Filtruj,pl_PL
catalog.filter.and.sorting.button,Filtry,pl_PL
catalog.filter.active,Aktywny filtr,pl_PL
catalog.filter.main_color,Kolor,pl_PL
catalog.filter.extras,Inne cechy,pl_PL
catalog.filter.pricerangeFrom,od,pl_PL
catalog.filter.pricerangeTo,do,pl_PL
catalog.filter.rangeFrom,Zakres,pl_PL
catalog.filter.rangeTo,do,pl_PL
catalog.filter.show,dodaj filtr,pl_PL
catalog.filter.hide,ukryj filtr,pl_PL
catalog.filter.per,Na stronę,pl_PL
catalog.filter.sort,Sortuj według,pl_PL
catalog.filter.rating_up,i więcej,pl_PL
catalog.filter.active_rating_up,Gwiazdek i więcej,pl_PL
catalog.itemsFound,Znalezione pozycje,pl_PL
catalog.loading,Ładowanie,pl_PL
catalog.next,kontynuuj,pl_PL
catalog.prev,wstecz,pl_PL
catalog.sort,Sortowanie,pl_PL
catalog.sort.relevance,Sortuj po trafności,pl_PL
catalog.sort.name_asc,Sortuj po nazwie rosnąco,pl_PL
catalog.sort.name_desc,Sortuj po nazwie malejąco,pl_PL
catalog.sort.price_asc,Sortuj po cenie rosnąco,pl_PL
catalog.sort.price_desc,Sortuj po cenie malejąco,pl_PL
catalog.sort.rating,Sortuj po ocenach produktów,pl_PL
catalog.filter.activeFilters,Aktywne filtry,pl_PL
catalog.filter.resetAllFilters,Zresetuj wszystkie filtry,pl_PL
catalog.no-results,Brak wyników.,pl_PL
product.filter.category,Kategorie,pl_PL
product.filter.price,Zakres cen,pl_PL
product.filter.rating,Oceny produktu,pl_PL
shipment.dhl,DHL,pl_PL
shipment.dhl.paket.name,Paczka,pl_PL
shipment.dhl.paket.description,"DHL Paket to prosta, tania, szybka i niezawodna usługa wysyłkowa do ponad 220 krajów na całym świecie.",pl_PL
shipment.dhl.express.name,Ekspres,pl_PL
shipment.dhl.express.description,Nasza kadra 100 000 zaangażowanych pracowników działa na całym świecie. Lokalna wiedza i nasza wyjątkowa sieć czynią z nas Twoich międzynarodowych specjalistów.,pl_PL
shipment.dpd,DPD,pl_PL
shipment.hermes,Hermes,pl_PL
customer.first_name,Imię,pl_PL
customer.last_name,Nazwa,pl_PL
customer.salutation.mr,Pan,pl_PL
customer.salutation.mrs,Pani,pl_PL
customer.salutation.ms,Pani,pl_PL
customer.salutation.dr,Dr,pl_PL
customer.birth_date,Data urodzenia (DD.MM.RRRR),pl_PL
customer.email,E-Mail,pl_PL
customer.phone,Numer telefonu,pl_PL
customer.reset.password.error.already.loggedIn,"Inny klient jest już zalogowany. Wyloguj się, aby zresetować hasło.",pl_PL
payment.prepay,Przedpłata,pl_PL
payment.paypal,PayPal,pl_PL
payment.creditcard,Karta kredytowa,pl_PL
payment.invoice,Faktura,pl_PL
payment.cancellation.title,Anulowanie płatności,pl_PL
payment.cancellation.message,Anulowałeś swoją płatność.,pl_PL
address.street,Ulica,pl_PL
address.street_nr,Numer,pl_PL
address.city,Miasto,pl_PL
address.zip_code,Kod pocztowy,pl_PL
page.checkout.create_account,Utwórz konto klienta,pl_PL
whishlist.whishlist,Lista życzeń,pl_PL
whishlist.remove,Usuń,pl_PL
whishlist.reduce,Zmniejsz,pl_PL
whishlist.increase,Zwiększ,pl_PL
whishlist.move.to.cart,Przenieś do koszyka,pl_PL
checkout.thank.you,Dziękujemy,pl_PL
checkout.this.is.demoshop,To jest sklep demonstracyjny,pl_PL
checkout.nothing.will.be.sent,Dlatego oczywiście nic nie zostanie wysłane!,pl_PL
global.skip-to-navigation,Przejdź do nawigacji,pl_PL
global.skip-to-products,Przejdź do produktów,pl_PL
global.skip-to-content,Przejdź do treści,pl_PL
global.order.ascendent,A-Z,pl_PL
global.show_more,Pokaż więcej,pl_PL
global.account,Konto,pl_PL
global.order.descendent,Z-A,pl_PL
global.close,Zamknij,pl_PL
global.search,Szukaj,pl_PL
global.search.results,Wyniki dla,pl_PL
global.search.results.no_query,Wyniki wyszukiwania,pl_PL
global.search.spellingSuggestion,Czy chodziło Ci o,pl_PL
global.search.suggestions,Sugestie wyszukiwania,pl_PL
global.search.suggestion.in_products,Produkty,pl_PL
global.search.suggestion.in_categories,Kategorie,pl_PL
global.search.suggestion.in_cms,Strony,pl_PL
global.search.suggestion.no_result,Nic nie znaleziono...,pl_PL
global.search.suggestion.see_all_products,Zobacz wszystkie produkty,pl_PL
global.benefit.free_returns,Darmowe zwroty,pl_PL
global.benefit.warranty,3 lata gwarancji,pl_PL
global.benefit.competitive_prices,Konkurencyjne ceny,pl_PL
global.spryker.shop,Spryker Shop,pl_PL
global.spryker.motto,technologia z jakością,pl_PL
global.payment_providers,Dostawcy płatności,pl_PL
global.shipment_providers,Dostawcy przesyłek,pl_PL
global.get_in_touch,Skontaktuj się z nami,pl_PL
global.social,Media społecznościowe,pl_PL
global.home,Strona główna,pl_PL
global.email.address,Adres e-mail,pl_PL
global.password,Hasło,pl_PL
global.password.invalid_password,"Twoje hasło musi zawierać co najmniej jedną wielką literę, jedną małą literę, jedną cyfrę i jeden znak specjalny z następującej listy: !@#$%^&*()_-+=[]{}|;:<>.,/?\~. Znaki niełacińskie i inne znaki specjalne nie są dozwolone.",pl_PL
global.permission.failed,Ta akcja jest zabroniona,pl_PL
global.recover.password,Odzyskaj hasło,pl_PL
global.accept.terms.and.conditions,Zaakceptuj regulamin,pl_PL
global.login,Zaloguj się,pl_PL
global.create.account,Utwórz konto,pl_PL
global.cart,Koszyk,pl_PL
global.my-cart,Mój koszyk,pl_PL
global.no_image_available,Brak dostępnego zdjęcia,pl_PL
global.add-to-cart,Dodaj do koszyka,pl_PL
global.subscribe.title,Wyselekcjonowane analizy dla handlu cyfrowego,pl_PL
global.payment_shipping,Akceptowane metody płatności i dostawy,pl_PL
global.top_categories,Główne kategorie,pl_PL
global.popular_brands,Popularne marki,pl_PL
global.about,O nas,pl_PL
global.contact_us,Kontakt,pl_PL
global.hint,"Wszystkie ceny bez kosztów dostawy i obsługi, o ile nie podano inaczej.",pl_PL
global.thank_certeo,Wielkie podziękowania dla naszych przyjaciół z Certeo.,pl_PL
global.privacy_nav.imprint,Nota prawna,pl_PL
global.privacy_nav.imprint_url,https://spryker.com/imprint/,pl_PL
global.privacy_nav.data_privacy,Ochrona danych,pl_PL
global.privacy_nav.data_privacy_url,https://spryker.com/privacy-policy/,pl_PL
global.build_with,Zbuduj z,pl_PL
global.build_with.link,https://spryker.com/,pl_PL
global.phone.number,+49 (0) 30 208 498 350,pl_PL
global.email.text,info@spryker.com,pl_PL
global.select.placeholder.value,Wybierz wartość,pl_PL
global.show,Pokaż,pl_PL
global.hide,Ukryj,pl_PL
global.cancel,Anuluj,pl_PL
global.keep,Zachowaj,pl_PL
error.404,Błąd 404,pl_PL
homepage.carousel.previous,Poprzednia,pl_PL
homepage.carousel.next,Dalej,pl_PL
customer.signup,Nowy klient?,pl_PL
customer.signin,Zaloguj się,pl_PL
customer.logout,Wyloguj się,pl_PL
customer.register,Zarejestruj się,pl_PL
customer.login,Zaloguj się,pl_PL
customer.please_login,Zaloguj się,pl_PL
customer.login.email,E-mail,pl_PL
customer.login.password,Hasło,pl_PL
customer.login.title,Uzyskaj dostęp do swojego konta,pl_PL
customer.login.welcome_back,Witaj ponownie,pl_PL
customer.login.subtitle,"Zaloguj się, aby zarządzać zamówieniami i kontem",pl_PL
customer.login.submit,Zaloguj się,pl_PL
customer.login.terms,Warunki,pl_PL
customer.login.error,Wprowadzony adres e-mail lub hasło są nieprawidłowe.,pl_PL
customer.login.continue_as_guest,Kontynuuj jako gość,pl_PL
customer.registration.title,Utwórz konto,pl_PL
customer.account.no_order,Brak zamówień w tej chwili,pl_PL
customer.account,Konto klienta,pl_PL
customer.account.contact,Kontakt,pl_PL
customer.account.overview,Przegląd,pl_PL
customer.account.profile_data,Profil,pl_PL
customer.account.address,Adresy,pl_PL
customer.account.address.no-addresses,Nie dodano jeszcze żadnych adresów!,pl_PL
customer.account.address.no-addresses-description,"Tutaj znajdziesz swoje adresy i będziesz nimi zarządzać, gdy będą dostępne.",pl_PL
customer.account.order_history,Historia zamówień,pl_PL
customer.account.button.search_filters,Szukaj i filtruj,pl_PL
customer.account.newsletter,Newsletter,pl_PL
customer.account.last_orders,Ostatnie zamówienia,pl_PL
customer.account.default_billing_address,Domyślny adres rozliczeniowy,pl_PL
customer.account.please_specify_billing_address,Podaj adres rozliczeniowy,pl_PL
customer.account.default_shipping_address,Domyślny adres dostawy,pl_PL
customer.account.default_address,Adres,pl_PL
customer.account.default_both_addresses,Adres domyślny,pl_PL
customer.account.please_specify_shipping_address,Podaj adres dostawy,pl_PL
customer.account.edit_address_information,Edytuj dane adresowe,pl_PL
customer.account.additional_addresses,Dodatkowe adresy,pl_PL
customer.account.button.add_new_address,Dodaj nowy adres,pl_PL
customer.account.add_new_address,Zdefiniuj nowy adres,pl_PL
customer.account.deliver_to_multiple_addresses,Dostawa na wiele adresów,pl_PL
customer.account.delete.error,Nie można usunąć konta,pl_PL
customer.newsletter.not_subscribed,Brak subskrypcji newslettera,pl_PL
customer.profile.order_history,Ostatnie zamówienia,pl_PL
customer.account.no_orders,Brak zamówień w tej chwili,pl_PL
customer.address.updated,Adres został pomyślnie zaktualizowany,pl_PL
customer.address.delete.success,Adres został pomyślnie usunięty,pl_PL
customer.address.added,Adres został pomyślnie dodany,pl_PL
customer.address.first_name,Imię,pl_PL
customer.address.last_name,Nazwisko,pl_PL
customer.address.company,Firma,pl_PL
customer.address.address1,Ulica,pl_PL
customer.address.address2,Numer,pl_PL
customer.address.address3,Uzupełnienie adresu,pl_PL
customer.address.zip_code,Kod pocztowy,pl_PL
customer.address.city,Miasto,pl_PL
customer.address.country,Kraj,pl_PL
customer.address.phone,Telefon,pl_PL
customer.address.is_default_billing,Domyślny adres rozliczeniowy,pl_PL
customer.address.is_default_shipping,Domyślny adres dostawy,pl_PL
customer.anonymization.success,Twoje konto zostało pomyślnie usunięte,pl_PL
customer.anonymization.failed,Nie udało się usunąć Twojego konta,pl_PL
customer.authorization.success,"Już prawie! Wysłaliśmy Ci e-mail w celu weryfikacji adresu e-mail. Potwierdź go, aby móc się zalogować.",pl_PL
customer.authorization.account_confirmed,"Twój adres e-mail został zweryfikowany. Zaloguj się, aby kontynuować.",pl_PL
customer.error.confirm_email_link.invalid_or_used,Ten link weryfikacyjny jest nieprawidłowy lub został już użyty.,pl_PL
customer.authorization.validate_email_address,"Już prawie! Wysłaliśmy Ci e-mail w celu weryfikacji adresu e-mail. Potwierdź go, aby móc się zalogować.",pl_PL
customer.profile.change.success,Profil został pomyślnie zapisany,pl_PL
customer.password.invalid_password,Bieżące hasło jest nieprawidłowe,pl_PL
customer.password.invalid,Hasło jest nieprawidłowe,pl_PL
customer.password.changed,Twoje hasło zostało pomyślnie zmienione,pl_PL
customer.token.invalid,Token jest nieprawidłowy,pl_PL
customer.forgotten-password.description,Podaj adres e-mail powiązany z Twoim kontem.,pl_PL
customer.forgotten_password.email,Adres e-mail,pl_PL
customer.forgotten-password.title,Odzyskaj moje hasło,pl_PL
customer.recovery.request.title,Nie pamiętasz hasła?,pl_PL
customer.recovery.request.subtitle,"Podaj swój służbowy adres e-mail, a wyślemy Ci link do zresetowania hasła.",pl_PL
customer.recovery.email_label,Służbowy adres e-mail,pl_PL
customer.recovery.request.submit,Wyślij link do zresetowania,pl_PL
customer.recovery.back_to_sign_in,Powrót do logowania,pl_PL
customer.recovery.sent.title,Sprawdź swoją skrzynkę e-mail,pl_PL
customer.recovery.sent.text,"Jeśli istnieje konto dla %email%, wysłaliśmy link do zresetowania hasła.",pl_PL
customer.recovery.sent.resend,Wyślij e-mail ponownie,pl_PL
customer.recovery.reset.title,Ustaw nowe hasło,pl_PL
customer.recovery.reset.subtitle,Twoje nowe hasło musi różnić się od wcześniej używanych haseł.,pl_PL
customer.recovery.reset.new_label,Nowe hasło,pl_PL
customer.recovery.reset.confirm_label,Potwierdź hasło,pl_PL
customer.recovery.reset.hint,"Co najmniej 8 znaków, w tym cyfra i wielka litera.",pl_PL
customer.recovery.reset.submit,Zapisz hasło,pl_PL
customer.recovery.success.title,Hasło zaktualizowane,pl_PL
customer.recovery.success.text,Twoje hasło zostało pomyślnie zmienione. Możesz teraz zalogować się nowym hasłem.,pl_PL
customer.order.order_id,ID zamówienia,pl_PL
customer.order.view_all,Zobacz wszystko,pl_PL
customer.order.all_orders,Zobacz zamówienia,pl_PL
customer.order.total,Suma,pl_PL
customer.order.view_order,Zobacz zamówienie,pl_PL
customer.order.reorder,Zamów ponownie,pl_PL
customer.order.reorder_all,Zamów ponownie wszystko,pl_PL
customer.order.reorder_selected,Zamów ponownie wybrane pozycje,pl_PL
customer.order.reorder.error.unable_to_reorder_items,"Nie możesz zamówić tych produktów ponownie bezpośrednio, dodaj je do koszyka osobno",pl_PL
customer.order.date,Data,pl_PL
customer.order.item_sku,SKU,pl_PL
customer.order.product_name,Nazwa produktu,pl_PL
customer.order.item_price,Cena,pl_PL
customer.order.item_quantity,Ilość,pl_PL
customer.order.item_sum,Suma pozycji,pl_PL
customer.order.item_amount,Kwota,pl_PL
customer.order.subTotal,Suma częściowa,pl_PL
customer.order.taxTotal,Podatek,pl_PL
customer.order.expenseTotal,Koszty dostawy (razem),pl_PL
customer.order.shipment,Przesyłka,pl_PL
customer.order.discount.total,Rabat,pl_PL
customer.order.grandTotal,Suma całkowita,pl_PL
customer.order.shipping_address,Adres dostawy,pl_PL
customer.order.billing_address,Adres rozliczeniowy,pl_PL
customer.order.shipment_method,Przesyłka,pl_PL
customer.order.payment_method,Metoda płatności,pl_PL
customer.order.products,Produkty,pl_PL
customer.order.payment,Płatność,pl_PL
customer.order.complete_checkout,Zakończ zamówienie,pl_PL
customer.order.item,Pozycja,pl_PL
customer.order.items,Pozycje,pl_PL
customer.order.items_state,Stan pozycji,pl_PL
customer.order.no_orders,Brak dostępnej historii zamówień!,pl_PL
customer.order.no_orders_description,"Tutaj znajdziesz historię zamówień i będziesz nią zarządzać, gdy będzie dostępna.",pl_PL
customer.order.item_options,Opcje pozycji,pl_PL
customer.order.overview,Przegląd,pl_PL
customer.order.summary.items,Pozycje,pl_PL
customer.order.summary.discounts,Rabaty,pl_PL
customer.newsletter.subscription,Ustawienia newslettera,pl_PL
customer.newsletter.subscription_agreement,Zgadzam się na subskrypcję newslettera,pl_PL
customer.newsletter.text,"Otrzymuj informacje o innowacjach produktowych, zmianach na rynku i strategii handlu cyfrowego.",pl_PL
customer.newsletter.subtitle,NEWSLETTER,pl_PL
customer.newsletter.hint,W każdej chwili możesz zrezygnować z subskrypcji.,pl_PL
customer.profile,Moje konto,pl_PL
customer.profile.update,Zaktualizuj profil,pl_PL
customer.profile.delete,Usuń konto,pl_PL
customer.profile.delete.description,Spowoduje to usunięcie wszystkich informacji o koncie.,pl_PL
customer.profile.delete.confirmation_question,Czy na pewno chcesz usunąć swoje konto?,pl_PL
customer.profile.first_name,Imię,pl_PL
customer.profile.last_name,Nazwisko,pl_PL
customer.profile.email,E-mail,pl_PL
customer.profile.phone,Telefon,pl_PL
customer.profile.old_password,Stare hasło,pl_PL
customer.profile.request.new_password,Nowe hasło,pl_PL
customer.profile.confirm.new_password,Potwierdź nowe hasło,pl_PL
customer.profile.address.edit,Edytuj,pl_PL
customer.profile.address.delete,Usuń,pl_PL
customer.profile.order_details,Szczegóły zamówienia,pl_PL
customer.password.update,Zmień hasło,pl_PL
customer.password.old_password,Stare hasło,pl_PL
customer.password.request.new_password,Nowe hasło,pl_PL
customer.password.confirm.new_password,Potwierdź hasło,pl_PL
customer.table.actions,Akcje,pl_PL
profile.form.salutation,Forma grzecznościowa,pl_PL
customer.salutation.dr,Dr,pl_PL
customer.salutation.n/a,nd.,pl_PL
customer.customer_id,ID,pl_PL
forms.submit-btn,Wyślij,pl_PL
forms.save-btn,Zapisz,pl_PL
forms.submit.login,Zaloguj się,pl_PL
forms.submit.register,Zarejestruj się,pl_PL
forms.forgot-password,Nie pamiętam hasła,pl_PL
forms.first-name,Imię,pl_PL
forms.last-name,Nazwisko,pl_PL
forms.email,E-mail,pl_PL
forms.password,Hasło,pl_PL
forms.confirm-password,Potwierdź hasło,pl_PL
forms.accept_terms,Zaakceptuj warunki,pl_PL
address.salutation,Forma grzecznościowa,pl_PL
email.orderEmail.salutationMale,Pan,pl_PL
email.orderEmail.salutationFemale,Pani,pl_PL
mail.trans.customerRegistration.confirmationLink,Zweryfikuj swój adres e-mail,pl_PL
customer.login.failed,Logowanie nie udało się,pl_PL
customer.email.already.used,"Jeśli ten adres e-mail jest już używany, otrzymasz link do zresetowania hasła. W przeciwnym razie musisz najpierw zweryfikować swój adres e-mail, aby zakończyć rejestrację. Sprawdź swoją skrzynkę e-mail.",pl_PL
customer.data_change_request.email_change.success,Twój adres e-mail został pomyślnie zmieniony.,pl_PL
customer.data_change_request.email_change.requested,"Poprosiłeś o zmianę swojego adresu e-mail na `%newEmail%`. Potwierdź ją, klikając link weryfikacyjny wysłany na ten adres. Link jest ważny %minutes% minut.",pl_PL
customer.data_change_request.invalid,Nie znaleziono prawidłowego żądania zmiany danych.,pl_PL
general.back.button,Wstecz,pl_PL
general.cancel.button,Anuluj,pl_PL
general.edit.button,Edytuj,pl_PL
general.required_fields.text,*Pola wymagane,pl_PL
newsletter.subscription.success,Pomyślnie zapisałeś się do newslettera,pl_PL
newsletter.unsubscription.success,Pomyślnie wypisałeś się z newslettera,pl_PL
newsletter.subscription.already_subscribed,Jesteś już zapisany do newslettera,pl_PL
newsletter.subscription.email_format_invalid,Nieprawidłowy format adresu e-mail,pl_PL
customer.authentication.failed,"Sprawdź, czy Twój adres e-mail i hasło są poprawne oraz czy potwierdziłeś swój adres e-mail, klikając link w wiadomości rejestracyjnej",pl_PL
customer.email.invalid,Adres e-mail jest nieprawidłowy,pl_PL
customer.email.format.invalid,Nieprawidłowy format adresu e-mail,pl_PL
customer.password.recovery.mail.sent,"Jeśli z tym adresem e-mail powiązane jest konto, otrzymasz wiadomość z dalszymi instrukcjami",pl_PL
customer.address.number,Numer,pl_PL
customer.address.save_new_address,Zapisz nowy adres w książce adresowej,pl_PL
countries.iso.AT,Austria,pl_PL
countries.iso.DE,Niemcy,pl_PL
countries.iso.NO,Norwegia,pl_PL
countries.iso.CH,Szwajcaria,pl_PL
countries.iso.ES,Hiszpania,pl_PL
countries.iso.GB,Wielka Brytania,pl_PL
countries.iso.US,Stany Zjednoczone,pl_PL
customer.billingSameAsShipping,Adres rozliczeniowy taki sam jak adres dostawy,pl_PL
checkout.customer.proceed_as_user,Kontynuuj jako zarejestrowany użytkownik (zarejestruj się),pl_PL
checkout.customer.proceed_as_guest,Kontynuuj jako gość,pl_PL
checkout.customer.order_as_guest,Zamów jako gość,pl_PL
checkout.step.customer.title,Zaloguj się,pl_PL
checkout.step.address.title,Adres,pl_PL
checkout.step.shipment.title,Dostawa,pl_PL
checkout.step.payment.title,Płatność,pl_PL
checkout.step.summary.title,Potwierdź,pl_PL
checkout.step.shipment,Dalej,pl_PL
checkout.step.address.select_address,Wybierz adres,pl_PL
checkout.step.payment,Dalej,pl_PL
checkout.step.summary,Przejdź do podsumowania,pl_PL
checkout.step.summary.with_method,Z,pl_PL
checkout.step.summary.items,Pozycje,pl_PL
checkout.step.summary.overview,Przegląd,pl_PL
checkout.step.summary.sub_total,Suma częściowa,pl_PL
checkout.step.summary.grand_total,Suma całkowita,pl_PL
checkout.step.summary.payment,Płatność,pl_PL
checkout.step.summary.shipping,Dostawa,pl_PL
checkout.step.summary.tax,Podatek,pl_PL
checkout.step.summary.billing_address,Adres rozliczeniowy,pl_PL
checkout.step.summary.delivery_method,Metoda dostawy,pl_PL
checkout.step.summary.requested_delivery_date,Żądana data dostawy,pl_PL
checkout.step.summary.delivery_address,Adres dostawy,pl_PL
checkout.step.summary.products,Produkty,pl_PL
checkout.step.place.order,Złóż zamówienie,pl_PL
checkout.step.payment.must_be_older_than_18_years,Musisz mieć co najmniej 18 lat.,pl_PL
checkout.step.success.title,Dziękujemy!,pl_PL
checkout.step.success.text,Twoje zamówienie zostało pomyślnie złożone. E-mail z potwierdzeniem otrzymasz w ciągu kilku minut.,pl_PL
checkout.step.error.title,Twoje zamówienie nie zostało złożone.,pl_PL
checkout.step.error.text,Coś poszło nie tak. Przepraszamy.,pl_PL
checkout.back_button,Powrót do koszyka,pl_PL
checkout.secure,Bezpieczna kasa,pl_PL
customer.password.change.success,Hasło zostało pomyślnie zmienione,pl_PL
customer.newsletter.subscribed,Newsletter zasubskrybowany,pl_PL
dynamic_entity.validation.invalid_data_format,"Nieprawidłowy lub brakujący format danych. Upewnij się, że dane są podane w prawidłowym formacie. Przykładowa treść żądania: {'data':[{...},{...},..]}",pl_PL
dynamic_entity.validation.persistence_failed,Nie udało się zapisać danych dla `%errorPath%`. Sprawdź podane dane i spróbuj ponownie.,pl_PL
dynamic_entity.validation.persistence_failed_duplicate_entry,Nie udało się zapisać danych dla `%errorPath%`. Sprawdź podane dane i spróbuj ponownie. Wpis jest zduplikowany.,pl_PL
dynamic_entity.validation.persistence_failed_not_nullable_field,Nie udało się zapisać danych dla `%errorPath%`. Sprawdź podane dane i spróbuj ponownie. Pole nie może być puste.,pl_PL
dynamic_entity.validation.delete_foreign_key_constraint_fails,Nie udało się usunąć danych dla `%errorPath%`. Encja ma encję podrzędną i nie może zostać usunięta. Encja podrzędna: `%childEntity%`.,pl_PL
dynamic_entity.validation.entity_does_not_exist,Nie znaleziono encji `%errorPath%` w bazie danych.,pl_PL
dynamic_entity.validation.invalid_field_type,Nieprawidłowy typ danych `%errorPath%` dla pola `%fieldName%`,pl_PL
dynamic_entity.validation.invalid_field_value,Nieprawidłowa wartość danych `%errorPath%` dla pola: `%fieldName%`. Reguły pola: %validationRules%,pl_PL
dynamic_entity.validation.required_field_is_missing,Pole wymagane nie może być puste. Pole: `%errorPath%.%fieldName%`,pl_PL
dynamic_entity.validation.entity_not_found_or_identifier_is_not_creatable,"Nie znaleziono encji `%errorPath%.%identifier%` po identyfikatorze, a nowego identyfikatora nie można zapisać. Zaktualizuj żądanie.",pl_PL
dynamic_entity.validation.modification_of_immutable_field_prohibited,Modyfikacja niezmiennego pola `%errorPath%.%fieldName%` jest zabroniona,pl_PL
dynamic_entity.validation.missing_identifier,Niekompletne żądanie — brak identyfikatora dla `%errorPath%`,pl_PL
dynamic_entity.validation.provided_field_is_invalid,Podane `%errorPath%.%fieldName%` jest niepoprawne lub nieprawidłowe.,pl_PL
dynamic_entity.validation.relation_is_not_editable,Relacja `%relationName%` nie jest edytowalna zgodnie z konfiguracją.,pl_PL
dynamic_entity.validation.relation_not_found,Nie znaleziono relacji `%relationName%`. Sprawdź żądaną nazwę relacji i spróbuj ponownie.,pl_PL
dynamic_entity.validation.configuration_not_found,Nie znaleziono konfiguracji encji dynamicznej dla aliasu tabeli `%aliasName%`.,pl_PL
dynamic_entity.validation.filter_field_not_found,Nie znaleziono pola filtra `%filterField%` dla aliasu tabeli `%aliasName%`.,pl_PL
dynamic_entity.validation.invalid_url,Adres URL jest nieprawidłowy. Pole `%errorPath%` `%fieldName%` musi mieć format danych URL.,pl_PL
dynamic_entity.validation.method_not_allowed,Metoda niedozwolona dla encji `%aliasName%`.,pl_PL
validator.constraints.password.do_not_match,Hasła nie są zgodne,pl_PL
discount.successfully.applied,"Rabat ""display_name"" został pomyślnie zastosowany",pl_PL
discount.quote_change.discount.not_available,Wybrane przez Ciebie rabaty dla pozycji o następujących sku nie są już dostępne,pl_PL
discount.quote_change.discount.amount_changed,Wybrane przez Ciebie rabaty dla pozycji o następujących sku zostały zmienione,pl_PL
discount.quote_change.does_not_apply_for_currency,"Kod rabatowy ""%code%"" został wyłączony, ponieważ nie obowiązuje dla tej waluty.",pl_PL
discount.voucher_code.usage_limit.reached,Osiągnięto limit użycia kodu rabatowego,pl_PL
product.unavailable,Produkt '%sku%' jest w tej chwili niedostępny,pl_PL
product.access.denied,Niestety ten produkt jest niedostępny.,pl_PL
product_bundle.unavailable,Produkt '%productSku%' w zestawie '%bundleSku%' jest w tej chwili niedostępny,pl_PL
product.attribute.slug,slug,pl_PL
product.attribute.variant_id,ID,pl_PL
product.attribute.sku,SKU,pl_PL
product.attribute.image_quality,Jakość zdjęcia,pl_PL
product.attribute.lens_system,System obiektywu,pl_PL
product.attribute.focus,Ostrość,pl_PL
product.attribute.shutter,Migawka,pl_PL
product.attribute.video,Wideo,pl_PL
product.attribute.screen,Ekran,pl_PL
product.attribute.processor,Procesor,pl_PL
product.attribute.memory,Pamięć,pl_PL
product.attribute.display,Wyświetlacz,pl_PL
product.attribute.storage,Pamięć masowa,pl_PL
product.attribute.color,Kolor,pl_PL
product.attribute.design,Wzornictwo,pl_PL
product.attribute.graphics,Grafika,pl_PL
product.attribute.camera,Kamera,pl_PL
product.attribute.gps,GPS,pl_PL
product.attribute.weight,Waga,pl_PL
product.attribute.waterproof,Wodoodporny,pl_PL
product.attribute.battery,Bateria,pl_PL
product.attribute.short_description,Krótki opis,pl_PL
product.attribute.long_description,Opis,pl_PL
product.attribute.manufacturer_name,Marka,pl_PL
product.attribute.product_id,ID produktu,pl_PL
product.attribute.image_big,Zdjęcie duże,pl_PL
product.attribute.image_small,Zdjęcie małe,pl_PL
product.attribute.license,Licencja,pl_PL
product.product_options,Opcje produktu,pl_PL
product.product_options_select,Wybierz opcję,pl_PL
product.attachments.downloads,Pliki do pobrania,pl_PL
product.attachments.name.col,Nazwa,pl_PL
product.attachments.download.col,Pobierz,pl_PL
product.sets,Zestawy produktów,pl_PL
product.sets.no-results,Brak wyników.,pl_PL
product.set.detail.add-all-to-cart,Dodaj wszystko do koszyka,pl_PL
product.set.detail.set-contents,Produkty w tym zestawie,pl_PL
product.set.detail.no-products,Brak produktów w zestawie,pl_PL
product.view,Zobacz produkt,pl_PL
product.color-selector,Dostępne kolory,pl_PL
product.relation.similar-products,Podobne produkty,pl_PL
newsletter.subscribe,Zapisz się do newslettera,pl_PL
newsletter.form.subscribe,Subskrybuj,pl_PL
newsletter.form.subscribe.text,"Otrzymuj informacje o innowacjach produktowych, zmianach na rynku i strategii handlu cyfrowego.",pl_PL
pagination.previous,Poprzednia,pl_PL
pagination.next,Dalej,pl_PL
product.attribute.iso_en,ISO,pl_PL
product.attribute.waterproof_up_to,Wodoodporny do,pl_PL
product.attribute.width,Szerokość,pl_PL
product.attribute.touchscreen,Ekran dotykowy,pl_PL
product.attribute._none,Wybierz wartość atrybutu,pl_PL
product.variants,Warianty produktu,pl_PL
product.attribute.usb_version,Wersja USB,pl_PL
product.attribute.thermal_design_power,Projektowa moc cieplna,pl_PL
product.attribute.processor_boost_frequency,Podbicie procesora,pl_PL
product.attribute.touch_technology,Technologia dotykowa,pl_PL
product.attribute.video_recording_modes,Tryby nagrywania wideo,pl_PL
product.attribute.voice_recording,Nagrywanie dźwięku,pl_PL
product.attribute.total_megapixels,Łączna liczba megapikseli,pl_PL
product.attribute.white_balance,Balans bieli,pl_PL
product.attribute.themes,Motywy,pl_PL
product.attribute.usb_port,Port USB,pl_PL
product.detail.out_of_stock,Ten produkt jest obecnie niedostępny.,pl_PL
product.groups,Grupy produktów,pl_PL
cart.pre.check.availability.failed,Pozycja %sku% jest dostępna tylko w ilości %stock%.,pl_PL
cart.pre.check.availability.failed.empty,Produkt '%sku%' jest w tej chwili niedostępny.,pl_PL
cart.pre.check.availability.failed.lead.product,Produkty w pozycji 'sku' są w tej chwili niedostępne.,pl_PL
mail.auth.restore_password.subject,Nowe hasło do Twojego konta Spryker Backoffice,pl_PL
mail.auth.restore_password.text,"""Ktoś poprosił o nowe hasło do Twojego konta Spryker Backoffice. Jeśli to nie Ty, po prostu zignoruj tę wiadomość. Jeśli to Ty, skorzystaj z poniższego linku:""",pl_PL
mail.auth.restore_password.label,Zmień hasło,pl_PL
mail.sender.name,Spryker No-Reply,pl_PL
mail.sender.email,noreply@demo-spryker.com,pl_PL
mail.auth.restore_password.subject,Nowe hasło do Twojego konta Spryker Backoffice,pl_PL
mail.auth.restore_password.text,"""Ktoś poprosił o nowe hasło do Twojego konta Spryker Backoffice. Jeśli to nie Ty, po prostu zignoruj tę wiadomość. Jeśli to Ty, skorzystaj z poniższego linku:""",pl_PL
mail.auth.restore_password.label,Zmień hasło,pl_PL
mail.company.status.subject,Status Twojej firmy się zmienił,pl_PL
mail.company.status.text,Status Twojej firmy zmienił się na: ,pl_PL
mail.company.status.approved,Zatwierdzone ,pl_PL
mail.company.status.pending,Oczekuje na zatwierdzenie,pl_PL
mail.company.status.denied,Odmowa,pl_PL
mail.customer.registration.subject,Dziękujemy za rejestrację w Spryker Shop!,pl_PL
mail.customer.registration.text,Dziękujemy za rejestrację w Spryker Shop!,pl_PL
mail.customer.restore_password.subject,Nowe hasło do Twojego konta Spryker Shop,pl_PL
mail.customer.restore_password.text,"""Ktoś poprosił o nowe hasło do Twojego konta Spryker Shop. Jeśli to nie Ty, po prostu zignoruj tę wiadomość. Jeśli to Ty, skorzystaj z poniższego linku:""",pl_PL
mail.customer.restore_password_confirmation.subject,Twoje hasło zostało pomyślnie zmienione!,pl_PL
mail.customer.restore_password_confirmation.text,Twoje hasło zostało pomyślnie zmienione!,pl_PL
mail.merchant.restore_password.subject,Nowe hasło do Twojego konta Spryker Merchant Portal,pl_PL
mail.merchant.restore_password.text,"""Ktoś poprosił o nowe hasło do Twojego konta Spryker Merchant Portal. Jeśli to nie Ty, po prostu zignoruj tę wiadomość. Jeśli to Ty, skorzystaj z poniższego linku:""",pl_PL
mail.merchant.restore_password.label,Zmień hasło,pl_PL
mail.newsletter.subscribed.subject,Witaj w newsletterze Spryker,pl_PL
mail.newsletter.subscribed.text,"Cieszymy się, że zapisałeś się do naszego newslettera. Dołożymy wszelkich starań, aby dostarczać Ci najbardziej trafne i interesujące informacje oraz aktualności.",pl_PL
mail.newsletter.subscribed.footer.text,Życzymy udanych zakupów.,pl_PL
mail.newsletter.unsubscribed.subject,"Przykro nam, że odchodzisz…",pl_PL
mail.newsletter.unsubscribed.text,"Twój adres e-mail został wypisany z newslettera Spryker Shop, ale zawsze możesz zarządzać subskrypcją w swoim profilu klienta.",pl_PL
mail.order.confirmation.subject,Dziękujemy za zamówienie w Spryker Shop,pl_PL
mail.order.confirmation.salutation,Witaj,pl_PL
mail.order.confirmation.text_line_1,Dziękujemy za zakupy w Spryker Shop!,pl_PL
mail.order.confirmation.text_line_2,"Informujemy, że otrzymaliśmy Twoje zamówienie. Potwierdzenie wysyłki otrzymasz od nas e-mailem, gdy tylko zamówienie zostanie nadane.",pl_PL
mail.order.confirmation.text_line_3,"Mamy nadzieję, że zamówienie Ci się spodoba. Jeśli zmienisz zdanie, możesz je zwrócić w ciągu 14 dni.",pl_PL
mail.order.confirmation.details,Szczegóły Twojego zamówienia,pl_PL
mail.order.confirmation.shipping_address,Adres dostawy,pl_PL
mail.order.confirmation.billing_address,Adres rozliczeniowy,pl_PL
mail.order.confirmation.order_number,Numer zamówienia,pl_PL
mail.order.confirmation.price_including_tax,Cena łączna z podatkami,pl_PL
mail.order.confirmation.date,Data zamówienia,pl_PL
mail.order.confirmation.footer.text_line_1,Miłego dnia!,pl_PL
mail.order.confirmation.footer.text_line_2,Twój Spryker Shop,pl_PL
mail.order.confirmation.shipment_details,Szczegóły przesyłki,pl_PL
mail.order.confirmation.shipment_number,Numer przesyłki,pl_PL
mail.order.confirmation.shipping_method,Metoda dostawy,pl_PL
mail.order.confirmation.delivery_date,Żądana data dostawy,pl_PL
mail.order.confirmation.products_in_shipment,Produkty według przesyłki,pl_PL
mail.order.confirmation.product_title,Tytuł produktu,pl_PL
mail.order.confirmation.item_quantity,Ilość pozycji,pl_PL
mail.order.confirmation.item_sku,SKU artykułu,pl_PL
mail.order.confirmation.item_price_including_tax,Łączna cena pozycji z podatkami,pl_PL
mail.order.shipped.subject,Twoje zamówienie %orderReference% jest w drodze,pl_PL
mail.order.shipped.salutation,Witaj,pl_PL
mail.order.shipped.text,Twoje zamówienie jest już w drodze.,pl_PL
mail.order.shipped.details,Szczegóły Twojego zamówienia,pl_PL
mail.order.shipped.order_number,Numer zamówienia,pl_PL
mail.order.shipped.price_including_tax,Cena łączna z podatkami,pl_PL
mail.order.shipped.date,Data zamówienia,pl_PL
mail.order.shipped.footer.text_line_1,Miłego dnia!,pl_PL
mail.order.shipped.footer.text_line_2,Twój Spryker Shop,pl_PL
mail.order_invoice.subject,Faktura: %invoiceReference%,pl_PL
cart.item.remove.confirm,Czy na pewno chcesz usunąć tę pozycję?,pl_PL
cart.voucher.remove,Usuń,pl_PL
cart.vouchers.clear-all,Wyczyść wszystko,pl_PL
cart.voucher.apply.failed,Twój kod rabatowy jest nieprawidłowy.,pl_PL
cart.voucher.apply.successful,Twój kod rabatowy został zastosowany,pl_PL
cart.voucher.apply.non_applicable,Kod rabatowy jest nieprawidłowy,pl_PL
cart.code.apply.failed,Nie udało się zastosować kodu,pl_PL
cart_code_widget.error.too_many_requests,Zbyt wiele prób użycia kodu rabatowego. Spróbuj ponownie później.,pl_PL
cart.code.enter-code,Wpisz kod rabatowy,pl_PL
cart.item.bundle.description,Pozycje w zestawie:,pl_PL
cart_widget.add_product.separate,Dodaj jako osobną pozycję,pl_PL
checkout.summary.item.bundle.description,Pozycje w zestawie:,pl_PL
customer.order.bundled_items,Pozycje w zestawie:,pl_PL
customer.order.options,Opcje produktu:,pl_PL
countries.iso.AT,Austria,pl_PL
cart.item.option.description,Opcje produktu:,pl_PL
cart.item.sku,SKU,pl_PL
cart.item.color,Kolor,pl_PL
checkout.summary.item.option.description,Opcje produktu:,pl_PL
invoice.order.address.billing,Adres rozliczeniowy,pl_PL
invoice.order.address.shipping,Adres dostawy,pl_PL
invoice.header,Faktura,pl_PL
invoice.order.number,Numer zamówienia,pl_PL
invoice.customer.number,Numer klienta,pl_PL
invoice.created.at,Data faktury,pl_PL
invoice.order.item.sku,SKU,pl_PL
invoice.order.item.product_name,NAZWA PRODUKTU,pl_PL
invoice.order.item.quantity,ILOŚĆ,pl_PL
invoice.order.item.price,CENA POZYCJI,pl_PL
invoice.order.item.price_total,SUMA POZYCJI,pl_PL
invoice.order.grand_total,SUMA CAŁKOWITA,pl_PL
invoice.order.tax_amount,Z VAT,pl_PL
invoice.order.expenses.total,Koszty dostawy,pl_PL
invoice.company.address,Spryker Systems GmbH<br/>Julie-Wolfthorn-Straße 1<br />10115 Berlin / Niemcy,pl_PL
invoice.company.bank.information,Nazwa banku<br/>IBAN 1234 5678 9123 4567 89<br />BIC 12345678<br/>Rejestr handlowy ABC123456<br />Numer podatkowy 12/345/6789,pl_PL
invoice.company.contact.information,+49 (0)30 2084983 50<br/>hello@spryker.com,pl_PL
DummyPaymentCreditCard,Karta kredytowa,pl_PL
payment.dummy-payment.credit-card,Zapłać następującą kartą kredytową:,pl_PL
dummyPaymentCreditCard.card_type,Typ karty,pl_PL
dummyPaymentCreditCard.card_number,Numer karty,pl_PL
dummyPaymentCreditCard.name_on_card,Imię i nazwisko na karcie,pl_PL
dummyPaymentCreditCard.card_expires,Data ważności,pl_PL
dummyPaymentCreditCard.card_security_code,CVC,pl_PL
DummyPaymentInvoice,Faktura,pl_PL
dummyPaymentInvoice.invoice,Zapłać na fakturę:,pl_PL
dummyPaymentInvoice.date_of_birth,Data urodzenia,pl_PL
dummyPaymentInvoice.icon,invoice-logo,pl_PL
DummyMarketplacePaymentInvoice,Faktura marketplace,pl_PL
dummyMarketplacePaymentInvoice.invoice,Zapłać na fakturę:,pl_PL
checkout.payment.provider.DummyMarketplacePayment,Testowa płatność marketplace,pl_PL
cart.item.item_price,Cena pozycji,pl_PL
cart.item.item_total,Suma pozycji,pl_PL
cart.shipping,Dostawa,pl_PL
product_review.product_ratings,Oceny produktu,pl_PL
product_review.product_reviews,Opinie o produkcie,pl_PL
product_review.reviews,Opinie,pl_PL
product_review.on,w dniu,pl_PL
product_review.summary.star,gwiazdka,pl_PL
product_review.summary.stars,gwiazdki,pl_PL
product_review.summary.out_of,z,pl_PL
product_review.summary.review,opinia,pl_PL
product_review.summary.reviews,opinie,pl_PL
product_review.summary.title,Oceny i opinie,pl_PL
product_review.no_reviews,Brak jeszcze opinii o tym produkcie,pl_PL
product_review.submit.add_a_review,Dodaj opinię,pl_PL
product_review.submit.rating,Ocena,pl_PL
product_review.submit.rating.none,Nie wybrano oceny,pl_PL
product_review.submit.summary,Podsumowanie,pl_PL
product_review.submit.description,Opis,pl_PL
product_review.submit.nickname,Nazwa,pl_PL
product_review.submit.success,Opinia o produkcie została pomyślnie przesłana.,pl_PL
product_review.error.no_customer,"Zaloguj się, aby skorzystać z tej funkcji.",pl_PL
product_review.error.invalid_rating,Należy wybrać ocenę produktu.,pl_PL
cart.promotion.items,Produkty promocyjne,pl_PL
checkout.payment_method.invalid,Płatność w kasie jest nieprawidłowa,pl_PL
checkout.payment.provider.DummyPayment,Płatność testowa,pl_PL
checkout.order.duplicate,Zamówienie o podanym numerze {{reference}} już istnieje,pl_PL
checkout.order.checkout.error.duplicate-order-processing,Koszyk o podanym uid %quote-uid% został już przetworzony,pl_PL
cms.preview.access_denied,Nie jesteś zalogowany lub nie masz uprawnień do tej strony.,pl_PL
product-cart.validation.error.abstract-product-exists,"Nie znaleziono produktu ""sku""",pl_PL
product-cart.validation.error.concrete-product-exists,"Nie znaleziono produktu ""sku""",pl_PL
cart.item.option.pre.check.validation.error.exists,Opcja produktu %name% nie jest już dostępna.,pl_PL
product-cart.validation.error.product-option-value-price-exists,Nie znaleziono ceny opcji produktu dla produktu '%sku%'.,pl_PL
product-cart.validation.error.concrete-product-inactive,"Produkt ""sku"" nie jest aktywny.",pl_PL
product-approval.message.not-approved,Produkt o sku %sku% nie jest aktywny.,pl_PL
product-cart.info.concrete-product-inactive.removed,Nieaktywna pozycja %sku% została usunięta z Twojego koszyka.,pl_PL
product-cart.info.restricted-product.removed,"Pozycja %sku% została usunięta z koszyka, ponieważ została dezaktywowana.",pl_PL
reorder.info.restricted-product.removed,"Nie można dodać pozycji %sku% do koszyka, ponieważ została dezaktywowana.",pl_PL
product.filter.label,Etykiety produktów,pl_PL
product.filter.price-default-chf-gross_mode,Zakres cen,pl_PL
product.filter.price-default-chf-net_mode,Zakres cen,pl_PL
product.filter.price-default-eur-net_mode,Zakres cen,pl_PL
product.filter.price-default-eur-gross_mode,Zakres cen,pl_PL
product.filter.price-default-usd-net_mode,Zakres cen,pl_PL
product.filter.price-default-usd-gross_mode,Zakres cen,pl_PL
price.mode.gross_mode,Ceny brutto,pl_PL
price.mode.net_mode,Ceny netto,pl_PL
price.mode.incl_vat,z VAT,pl_PL
price.mode.excl_vat,bez VAT,pl_PL
price_product.error.price_not_found,Nie znaleziono ceny produktu.,pl_PL
cart.pre.check.price.failed,Nie znaleziono ceny w wybranej walucie dla produktu o sku '%sku%'. Zmień walutę lub usuń produkt z zamówienia.,pl_PL
price.mode.switch.error,"Nie można przełączyć trybu ceny, gdy w koszyku są pozycje.",pl_PL
price-cart-connector.info.concrete-product-without-price.removed,Pozycja %sku% bez ceny została usunięta z Twojego koszyka.,pl_PL
cart.pre.check.shipment.failed,Nie można zastosować tych zmian. Nie znaleziono metody dostawy. Wybierz inną metodę dostawy.,pl_PL
catalog.view.mode.grid,Siatka,pl_PL
catalog.view.mode.list,Lista,pl_PL
cart.quantity.adjusted,"Żądana ilość pozycji została dostosowana, ponieważ wybrana ilość jest niedostępna.",pl_PL
catalog.sale,Wyprzedaż,pl_PL
catalog.new,Nowy,pl_PL
company.account.page-title,Moja firma,pl_PL
company.account.no-company-title,Brak firmy,pl_PL
company.account.name,Nazwa firmy,pl_PL
company.account,Konto firmowe,pl_PL
company.account.address.edit,Edytuj,pl_PL
company.account.address.delete,Usuń,pl_PL
company.account.shipping_address,Domyślny adres dostawy,pl_PL
company.account.billing_address,Domyślny adres rozliczeniowy,pl_PL
company.account.address.address1,Ulica,pl_PL
company.account.address.number,Numer,pl_PL
company.account.address.address3,Uzupełnienie adresu,pl_PL
company.account.address.zip_code,Kod pocztowy,pl_PL
company.account.address.city,Miasto,pl_PL
company.account.address.country,Kraj,pl_PL
company.account.address.phone,Numer telefonu,pl_PL
company.account.address,Adresy,pl_PL
company.account.edit_address_information,Edytuj dane adresowe,pl_PL
company.account.login.title,Uzyskaj dostęp do swojego konta,pl_PL
company.account.login.email,E-mail,pl_PL
company.account.login.password,Hasło,pl_PL
company.account.registration.title,Utwórz konto,pl_PL
company.user.first_name,Imię,pl_PL
company.user.last_name,Nazwisko,pl_PL
company.user.salutation.mr,Pan,pl_PL
company.user.salutation.mrs,Pani,pl_PL
company.user.salutation.ms,Pani,pl_PL
company.user.salutation.dr,Dr,pl_PL
company.account.overview,Przegląd,pl_PL
company.user.invitation.title.plural,Zaproszenia,pl_PL
company.user.invitation.invite_users,Zaproś użytkowników,pl_PL
company.user.invitation.imported.title.plural,Zaimportowane zaproszenia,pl_PL
company.user.invitation.import.title,Zaimportuj nowe zaproszenia,pl_PL
company.user.invitation.import.download.errors.file,"Nie udało się zaimportować części zaproszeń. Kliknij <a href=""%link%"">tutaj</a>, aby pobrać plik błędów",pl_PL
company.user.invitation.import.error.message,Import zaproszeń nie udał się,pl_PL
company.user.invitation.file,Plik zaproszeń,pl_PL
company.user.invitation.first.name,Imię,pl_PL
company.user.invitation.last.name,Nazwisko,pl_PL
company.user.invitation.mail,Poczta,pl_PL
company.user.invitation.business.unit,Jednostka biznesowa,pl_PL
company.user.invitation.status,Status,pl_PL
company.user.invitation.actions,Akcje,pl_PL
company.user.invitation.status.new,Niewysłane,pl_PL
company.user.invitation.status.pending,Oczekujące,pl_PL
company.user.invitation.status.accepted,Zaakceptowane,pl_PL
company.user.invitation.not.found.message,Nie znaleziono zaproszenia,pl_PL
company.user.invitation.send.button,Wyślij,pl_PL
company.user.invitation.sent.success.message,Zaproszenie zostało pomyślnie wysłane,pl_PL
company.user.invitation.sent.error.message,Zaproszenie nie zostało wysłane,pl_PL
company.user.invitation.send.all.button,Wyślij wszystko,pl_PL
company.user.invitation.sent.all.success.message,Wszystkie zaproszenia zostały pomyślnie wysłane,pl_PL
company.user.invitation.sent.all.none.found.message,Nie znaleziono zaproszeń do wysłania,pl_PL
company.user.invitation.sent.all.error.message,Nie udało się wysłać części zaproszeń,pl_PL
company.user.invitation.resend.title,Wyślij zaproszenie ponownie,pl_PL
company.user.invitation.resend.confirmation.question,Czy na pewno chcesz wysłać zaproszenie ponownie?,pl_PL
company.user.invitation.resend.button,Wyślij ponownie,pl_PL
company.user.invitation.resent.success.message,Zaproszenie zostało pomyślnie wysłane ponownie,pl_PL
company.user.invitation.resent.error.message,Zaproszenie nie zostało wysłane ponownie,pl_PL
company.user.invitation.delete.title,Usuń zaproszenie,pl_PL
company.user.invitation.delete.confirmation.question,Czy na pewno chcesz usunąć zaproszenie?,pl_PL
company.user.invitation.delete.button,Usuń,pl_PL
company.user.invitation.deleted.success.message,Zaproszenie zostało pomyślnie usunięte,pl_PL
company.user.invitation.deleted.error.message,Zaproszenie nie zostało usunięte,pl_PL
company.user.invitation.invalid,Twoje zaproszenie jest nieprawidłowe,pl_PL
company.user.invitation.expired,Twoje zaproszenie wygasło,pl_PL
company.user.invitation.accepted,Twoje zaproszenie zostało już wykorzystane,pl_PL
company.user.invitation.import.file.invalid,Plik importu jest nieprawidłowy,pl_PL
mail.company.user.invitation.subject,Zaproszenie,pl_PL
mail.company.user.invitation.body.html,"Witaj %name%, zostałeś zaproszony do konta firmowego w Spryker Demo-shop. Skorzystaj z tego <a href=""%invitationLink%"">linku</a>, aby zakończyć rejestrację",pl_PL
mail.company.user.invitation.body.text,"Witaj %name%, zostałeś zaproszony do konta firmowego w Spryker Demo-shop. Skorzystaj z tego linku %invitationLink%, aby zakończyć rejestrację",pl_PL
company.account.add_new_address,Zdefiniuj nowy adres,pl_PL
company.account.table.actions,Akcje,pl_PL
company.account.business_unit.view,Zobacz,pl_PL
company.account.business_unit.create,Utwórz jednostkę biznesową,pl_PL
company.account.business_unit.edit,Edytuj,pl_PL
company.account.business_unit.delete,Usuń,pl_PL
company.account.business_unit.address,Adresy,pl_PL
company.account.business_unit.details,Szczegóły,pl_PL
company.account.business_unit.description,"Tworząc nową jednostkę biznesową, możesz ustawić różne role i jednostki podrzędne.",pl_PL
company.company_business_unit.delete.error.has_users,"Nie możesz usunąć jednostki biznesowej, dopóki zawiera użytkowników",pl_PL
company.company_business_unit.delete.confirmation.warning,Ostrzeżenie,pl_PL
company.company_business_unit.delete.confirmation.back,Wstecz,pl_PL
company.account.address.is_default_billing,Domyślny adres rozliczeniowy,pl_PL
company.account.authorization.success,Rejestracja zakończona pomyślnie,pl_PL
company.account.company_user,Użytkownicy,pl_PL
company.account.company_user.add,Dodaj nowego użytkownika,pl_PL
company.account.company_role,Role,pl_PL
company.account.company_role.add,Dodaj nową rolę,pl_PL
company.account.company_role.default,Domyślne,pl_PL
company.account.company_role.edit,Edytuj,pl_PL
company.account.company_role.name,Nazwa,pl_PL
company.account.company_role.is_default,Domyślne,pl_PL
company.account.company_role.edit_information,Edytuj rolę '%role_name%',pl_PL
company.account.company_role.details,Szczegóły,pl_PL
company.account.company_role.view,Zobacz,pl_PL
company.account.company_role.user.manage,Zarządzaj przypisanymi użytkownikami firmy,pl_PL
company.account.company_role.users,Użytkownicy,pl_PL
company.account.company_role.permissions,Uprawnienia,pl_PL
company.account.company_role.permission.key,Klucz,pl_PL
company.account.company_role.permission.configure,Skonfiguruj,pl_PL
company.account.company_role.permission.manage,Zarządzaj uprawnieniami,pl_PL
company.account.company_role.permission.status,Status,pl_PL
company.account.company_role.permission.assign,Przypisz,pl_PL
company.account.company_role.permission.assigned,Przypisane,pl_PL
company.account.company_role.permission.unassign,Usuń przypisanie,pl_PL
company.account.company_role.permission.unassigned,Nieprzypisane,pl_PL
company.company_role.delete.error.has_users,"Nie możesz usunąć roli, dopóki zawiera użytkowników",pl_PL
company.account.business_unit.name,Nazwa,pl_PL
company.account.business_unit.email,E-mail,pl_PL
company.account.business_unit.phone,Numer telefonu,pl_PL
company.account.business_unit.external_url,Zewnętrzny adres URL,pl_PL
company.account.business_unit,Jednostki biznesowe,pl_PL
company.account.business_unit.add,Utwórz jednostkę biznesową,pl_PL
company.account.business_unit.edit,Edytuj,pl_PL
company.account.business_unit.edit_information,Edytuj jednostkę biznesową,pl_PL
company.account.company_name,Nazwa firmy,pl_PL
company.account.company_user,Użytkownicy,pl_PL
company.account.company_user.name,Nazwa,pl_PL
company.account.company_user.role,Role,pl_PL
company.account.company_user.add,Utwórz użytkownika,pl_PL
company.account.company_user.business_unit,Jednostka biznesowa,pl_PL
company.account.company_user.edit,Edytuj,pl_PL
company.account.company_user.create.successful,Użytkownik firmy został pomyślnie utworzony,pl_PL
company.account.company_user.update.successful,Użytkownik firmy został pomyślnie zaktualizowany,pl_PL
company.account.company_user.delete.successful,Użytkownik firmy został pomyślnie usunięty,pl_PL
company.account.company_user.delete.error,Nie można usunąć użytkownika firmy,pl_PL
company.account.company_user.delete.error.delete_yourself,Nie możesz usunąć samego siebie,pl_PL
company.account.company_user.delete.confirmation.warning,Ostrzeżenie,pl_PL
company.account.company_user.delete.confirmation.trying_to_delete,Próbujesz usunąć użytkownika,pl_PL
company.account.company_user.delete.confirmation.deleted_from_everywhere,Zostanie usunięty ze wszystkich miejsc,pl_PL
company.account.company_user.delete,Usuń,pl_PL
company.account.company_user.edit_information,Edytuj dane użytkownika,pl_PL
customer.access.cannot_see_price,"Zaloguj się, aby zobaczyć cenę",pl_PL
company.account.company_user.delete.back,Wstecz,pl_PL
company.account.company_user.edit_information,Edytuj użytkownika '%first_name% %last_name%',pl_PL
company.account.company_user.enable,Włącz,pl_PL
company.account.company_user.disable,Wyłącz,pl_PL
company.account.company_user.status.enable.success,Użytkownik firmy został pomyślnie włączony,pl_PL
company.account.company_user.status.enable.error,Nie można włączyć użytkownika firmy,pl_PL
company.account.company_user.status.enable.error.cannot_enable_yourself,Nie możesz włączyć samego siebie,pl_PL
company.account.company_user.status.disable.success,Użytkownik firmy został pomyślnie wyłączony,pl_PL
company.account.company_user.status.disable.error,Nie można wyłączyć użytkownika firmy,pl_PL
company.account.company_user.status.disable.error.cannot_disable_yourself,Nie możesz wyłączyć samego siebie,pl_PL
quick-order.page-title,Szybkie zamówienie,pl_PL
quick-order.input-label.qty,Ilość,pl_PL
quick-order.input-label.sku,SKU,pl_PL
quick-order.button.add-more-rows,Dodaj więcej wierszy,pl_PL
quick-order.button.create-order,Utwórz zamówienie,pl_PL
quick-order.button.clear-all-rows,Wyczyść wszystkie wiersze,pl_PL
quick-order.message.success.the-form-items-have-been-successfully-cleared,Pozycje formularza zostały pomyślnie wyczyszczone.,pl_PL
quick-order.errors.items-required,Podaj co najmniej jedno SKU produktu,pl_PL
quick-order.errors.quantity-required,Ilość musi wynosić co najmniej 1,pl_PL
quick-order.errors.quantity-invalid,Wprowadzona ilość jest nieprawidłowa. Ilość została dostosowana do najbliższej możliwej prawidłowej wartości.,pl_PL
quick-order.paste-order.title,Dodaj artykuły,pl_PL
quick-order.paste-order.description,"Skopiuj i wklej swoje artykuły, podając SKU i ilość rozdzielone spacją, średnikiem lub przecinkiem.",pl_PL
quick-order.paste-order.input-placeholder.copy-paste-order,Wklej tutaj swoje zamówienie,pl_PL
quick-order.paste-order.button.verify,Zweryfikuj,pl_PL
quick-order.paste-order.errors.text-order-format-incorrect,Nieprawidłowy format zamówienia.,pl_PL
quick-order.paste-order.errors.parser.separator-not-detected,Separator nie został zdefiniowany.,pl_PL
quick-order.file-upload-order.title,Wgraj swoje zamówienie,pl_PL
quick-order.file-upload-order.description,Wybierz plik,pl_PL
quick-order.file-upload-order.success-message,Plik został pomyślnie przesłany,pl_PL
quick-order.file-upload-order.error-message,"Nie udało się przesłać pliku. Kliknij tutaj %url%, aby pobrać szablon csv",pl_PL
quick-order.file-upload-order.file-template-download-message,"Kliknij tutaj, aby pobrać szablon %template%",pl_PL
quick-order.file-upload-order.button.upload,Wgraj,pl_PL
quick-order.upload-order.errors.upload-order-invalid-mime-type,Nieprawidłowy typ pliku.,pl_PL
quick-order.upload-order.errors.upload-order-invalid-amount-of-rows,Za dużo wierszy — nie można przetworzyć pliku.,pl_PL
quick-order.upload-order.errors.upload-order-invalid-format,Nieprawidłowy format.,pl_PL
quick-order.upload-order.errors.upload-order-no-file,Nie dodano żadnego pliku.,pl_PL
quick-order.input-label.sku.name,SKU lub nazwa,pl_PL
quick-order.input.placeholder,Szukaj po SKU lub nazwie,pl_PL
quick-order.input-label.measurement_unit,Jednostka miary,pl_PL
quick-order.input-label.merchant,Sprzedawca,pl_PL
quick-order.input-label.price,Cena,pl_PL
quick-order.search.no_results,Nie można znaleźć pozycji,pl_PL
quick-order.input-quantity.message.error,Zamawiana ilość została dostosowana do najbliższej możliwej ilości dla artykułu.,pl_PL
quick-order.upload-order.errors.upload-order-invalid-sku-item,Nie znaleziono produktu o tym SKU.,pl_PL
quick-order.upload-order.allowed-file-extensions,Akceptowane są tylko pliki %extensions%,pl_PL
quick-order.upload-order.browse-file,Nie wybrano pliku. Przeglądaj pliki,pl_PL
checkout.pre.check.shipment.failed,Nieprawidłowa metoda dostawy %method_name% (%carrier_name%).,pl_PL
checkout.validation.company_address.not_found,Nie znaleziono adresu firmy o ID %id%.,pl_PL
checkout.validation.company_address.not_applicable,Adresy firmowe dotyczą wyłącznie użytkowników firmy.,pl_PL
checkout.validation.item.no_shipment_selected,Nie wybrano przesyłki dla pozycji koszyka %id%.,pl_PL
checkout.validation.customer_address.not_found,Nie znaleziono adresu klienta o ID %id%.,pl_PL
checkout.validation.customer_address.not_applicable,Adresy klienta dotyczą wyłącznie klientów.,pl_PL
measurement_units.item.name,Pozycja,pl_PL
measurement_units.standard.weight.kilo.name,Kilo,pl_PL
measurement_units.standard.weight.gram.name,Gram,pl_PL
measurement_units.standard.weight.tone.name,Tona,pl_PL
measurement_units.standard.weight.gbou.name,GB Ounce,pl_PL
measurement_units.standard.weight.usou.name,Uncja USA,pl_PL
measurement_units.standard.weight.pund.name,Funt,pl_PL
measurement_units.standard.weight.huwg.name,Cetnar,pl_PL
measurement_units.standard.weight.gbtn.name,GB Ton,pl_PL
measurement_units.standard.weight.ustn.name,Tona USA,pl_PL
measurement_units.standard.weight.oztr.name,Uncja trojańska,pl_PL
measurement_units.standard.weight.ucwt.name,Cetnar USA,pl_PL
measurement_units.standard.length.metr.name,Metr,pl_PL
measurement_units.standard.length.cmet.name,Centymetr,pl_PL
measurement_units.standard.length.mmet.name,Milimetr,pl_PL
measurement_units.standard.length.kmet.name,Kilometr,pl_PL
measurement_units.standard.length.inch.name,Cal,pl_PL
measurement_units.standard.length.yard.name,Jard,pl_PL
measurement_units.standard.length.foot.name,Stopa,pl_PL
measurement_units.standard.length.mile.name,Mila,pl_PL
measurement_units.standard.area.smet.name,Metr kwadratowy,pl_PL
measurement_units.standard.area.sqki.name,Kilometr kwadratowy,pl_PL
measurement_units.standard.area.smil.name,Milimetr kwadratowy,pl_PL
measurement_units.standard.area.scmt.name,Centymetr kwadratowy,pl_PL
measurement_units.standard.area.sqin.name,Cal kwadratowy,pl_PL
measurement_units.standard.area.sqfo.name,Stopa kwadratowa,pl_PL
measurement_units.standard.area.sqmi.name,Mila kwadratowa,pl_PL
measurement_units.standard.area.sqya.name,Jard kwadratowy,pl_PL
measurement_units.standard.area.acre.name,Akr,pl_PL
measurement_units.standard.area.ares.name,Są,pl_PL
measurement_units.standard.area.hect.name,Hektar,pl_PL
measurement_units.standard.litr.name,Litr,pl_PL
measurement_units.standard.celi.name,Centylitr,pl_PL
measurement_units.standard.mili.name,Mililitr,pl_PL
measurement_units.standard.gbga.name,GB Gallon,pl_PL
measurement_units.standard.gbpi.name,GB Pint,pl_PL
measurement_units.standard.uspi.name,Pinta USA,pl_PL
measurement_units.standard.gbqa.name,GB Quart,pl_PL
measurement_units.standard.usqa.name,Kwarta USA,pl_PL
measurement_units.standard.usga.name,Galon USA,pl_PL
measurement_units.standard.barl.name,Baryłka,pl_PL
measurement_units.standard.bcuf.name,Miliard stóp sześciennych,pl_PL
measurement_units.standard.bdft.name,Stopy deskowe,pl_PL
measurement_units.standard.cbme.name,Metr sześcienny,pl_PL
measurement_units.standard.miba.name,Milion baryłek,pl_PL
measurement_units.standard.dgeu.name,Ekwiwalent galona diesla,pl_PL
measurement_units.standard.ggeu.name,Ekwiwalent galona benzyny,pl_PL
measurement_units.standard.busl.name,Buszel,pl_PL
measurement_units.recommendation.between-units-info,Wybrana przez Ciebie ilość mieści się pomiędzy 2 jednostkami bazowymi,pl_PL
measurement_units.recommendation.min-violation,Wymagania dotyczące minimalnej ilości dla produktu nie są spełnione,pl_PL
measurement_units.recommendation.max-violation,Wymagania dotyczące maksymalnej ilości dla produktu nie są spełnione,pl_PL
measurement_units.recommendation.suggestion,Czy chcesz dodać,pl_PL
measurement_units.new-price,Nowa cena,pl_PL
product.measurement.sales_unit,Jednostka sprzedaży,pl_PL
cart.pre.check.quantity.min.failed,Wymagania dotyczące minimalnej ilości dla produktu o SKU '%sku%' nie są spełnione.,pl_PL
cart.pre.check.quantity.max.failed,Przekroczono maksymalną ilość dla produktu o SKU '%sku%'.,pl_PL
cart.pre.check.quantity.value.failed,Nieprawidłowa ilość dla produktu o SKU '%sku%'.,pl_PL
cart.pre.check.quantity.interval.failed,Wymagania dotyczące przedziału ilości dla produktu o SKU '%sku%' nie są spełnione.,pl_PL
persistent_cart.error.quote.not_available,Koszyk nie istnieje,pl_PL
persistent_cart.quote.remove.success,Koszyk został pomyślnie usunięty,pl_PL
persistent_cart.quote.remove.can_not_remove_last_cart,Klient powinien mieć co najmniej jeden koszyk,pl_PL
cart_note.cart_page.item.note_added,Notatka została pomyślnie dodana do pozycji '%sku%',pl_PL
cart_note.cart_page.cart.note_added,Notatka została pomyślnie dodana do koszyka,pl_PL
cart_note.quote_form.enter_note,Dodaj notatkę do koszyka,pl_PL
cart_note.quote_form.placeholder,Wpisz swoją notatkę,pl_PL
cart_note.item_form.enter_note,Dodaj notatkę do pozycji,pl_PL
cart_note.item_form.placeholder,Wpisz swoją notatkę,pl_PL
cart_note.form.save,Zapisz,pl_PL
cart_note.form.comment,Komentarz,pl_PL
cart_note.form.add_comment,Dodaj komentarz,pl_PL
cart_note.form.edit_comment,Edytuj komentarz,pl_PL
cart_note.form.remove_comment,Usuń komentarz,pl_PL
cart_note.checkout_page.item_note,Notatka,pl_PL
cart_note.checkout_page.quote_note,Notatka koszyka,pl_PL
cart_note.customer_page.item_note,Notatka pozycji zamówienia,pl_PL
cart_note.customer_page.order_note,Notatka zamówienia,pl_PL
cart.validate.items.price.changed,Zmieniono ceny produktów o SKU '%sku%'.,pl_PL
multi_cart.form.create_cart,Dodaj nowy koszyk,pl_PL
multi_cart.form.quote.name,Nazwa koszyka,pl_PL
multi_cart.form.duplicate,Duplikuj,pl_PL
multi_cart.form.edit,Edytuj,pl_PL
multi_cart.form.edit_cart,Edytuj koszyk,pl_PL
multi_cart.form.edit_cart_information,"Edytuj ""cart_name""",pl_PL
multi_cart.cart.set_default.success,Koszyk '%quote%' został pomyślnie ustawiony jako Twój aktywny koszyk.,pl_PL
multi_cart_page.cart_clear.success,Koszyk został pomyślnie wyczyszczony,pl_PL
multi_cart_page.cart_delete_confirmation.warning,Ostrzeżenie,pl_PL
multi_cart_page.cart_delete_confirmation.trying_to_delete,Próbujesz usunąć koszyk,pl_PL
multi_cart_page.cart_delete_confirmation.shared_with,Jest udostępniony następującym użytkownikom,pl_PL
multi_cart_page.cart_delete_confirmation.from_all_of_them,Zostanie usunięty ze wszystkich,pl_PL
multi_cart_page.cart_delete_confirmation.cancel,Anuluj,pl_PL
multi_cart_page.cart_delete_confirmation.delete,Usuń,pl_PL
multi_cart_page.cart_delete_confirmation.breadcrumbs.shopping_carts,Koszyki,pl_PL
multi_cart_page.delete_all,Usuń wszystko,pl_PL
multi_cart_widget.cart.cart_name,Nazwa koszyka,pl_PL
multi_cart_widget.cart.cart_name.aria_label,Nazwa koszyka: %cartName%,pl_PL
multi_cart_widget.cart.add,Utwórz nowy koszyk,pl_PL
multi_cart_widget.cart.action.change_name,Zmień nazwę,pl_PL
multi_cart_widget.cart.action.duplicate,Duplikuj,pl_PL
multi_cart_widget.cart.action.clear,Wyczyść koszyk,pl_PL
multi_cart_widget.cart.action.delete,Usuń koszyk,pl_PL
multi_cart_widget.cart.action.view,Zobacz szczegóły,pl_PL
multi_cart_widget.cart.action.set_default,Ustaw jako aktywne,pl_PL
multi_cart_widget.cart.default,Aktywny,pl_PL
multi_cart_widget.cart.item,Pozycja,pl_PL
multi_cart_widget.cart.items,Pozycje,pl_PL
multi_cart_widget.cart.view_all,Wszystkie koszyki,pl_PL
multi_cart_widget.cart.cart,Koszyk,pl_PL
multi_cart_widget.cart.carts,Koszyki,pl_PL
multi_cart_widget.cart.list,Lista koszyków,pl_PL
multi_cart_widget.cart.status,Status,pl_PL
multi_cart_widget.cart.sub_total,Suma częściowa,pl_PL
multi_cart_widget.cart.actions,Akcje,pl_PL
multi_cart_widget.cart.created.success,Koszyk '%quoteName%' został pomyślnie utworzony,pl_PL
multi_cart_widget.cart.updated.success,Koszyk został pomyślnie zaktualizowany,pl_PL
multi_cart_widget.cart.remove.confirm,Czy na pewno chcesz usunąć ten koszyk?,pl_PL
multi_cart_widget.cart.delete.error,Nie można usunąć koszyka,pl_PL
multi_cart_widget.aria_label.mini-cart-radio-switcher,Przełącz bieżący koszyk na %cartName%,pl_PL
shared_cart_widget.add_product.separate,Dodaj jako osobną pozycję,pl_PL
shared_cart_widget.cart.share,Udostępnij koszyk,pl_PL
shared_cart_widget.cart.unshare,Zakończ udostępnianie koszyka,pl_PL
shared_cart_widget.cart.dismiss,Odrzuć,pl_PL
shared_cart_widget.share_list.shared_with,Koszyk udostępniony,pl_PL
shared_cart_widget.share_list.customer_name,Użytkownik,pl_PL
shared_cart_widget.share_list.permission,Poziom dostępu,pl_PL
shared_cart_widget.share_list.actions,Akcje,pl_PL
shared_cart_widget.share_list.action.unshare,Zakończ udostępnianie koszyka,pl_PL
shared_cart.share_list.permissions.NO_ACCESS,Brak dostępu,pl_PL
shared_cart.share_list.permissions.READ_ONLY,Tylko do odczytu,pl_PL
shared_cart.share_list.permissions.FULL_ACCESS,Pełny dostęp,pl_PL
shared_cart.share_list.permissions.OWNER_ACCESS,Dostęp właściciela,pl_PL
shared_cart.form.share_cart,Udostępnij koszyk,pl_PL
shared_cart.form.share_cart.title,"Udostępnij koszyk ""cart_name""",pl_PL
shared_cart.form.customer,Użytkownik,pl_PL
shared_cart.form.select_customer,Wybierz użytkownika,pl_PL
shared_cart.form.select_permissions,Dostęp,pl_PL
shared_cart.form.share_button,Udostępnij,pl_PL
shared_cart.form.save_button,Zapisz,pl_PL
shared_cart.form.data_empty,"Nie ma użytkowników, którym możesz udostępnić koszyk.",pl_PL
shared_cart.share.error.already_exist,Koszyk był już udostępniony temu klientowi,pl_PL
shared_cart.share.breadcrumbs.share,Udostępnij,pl_PL
shared_cart.share.breadcrumbs.shopping_carts,Koszyki,pl_PL
shared_cart.share.form.users,Użytkownicy,pl_PL
shared_cart_page.share.success,Koszyk został pomyślnie udostępniony,pl_PL
shared_cart_page.unshare.success,Udostępnianie koszyka zostało pomyślnie zakończone,pl_PL
shared_cart_page.dismiss_confirmation.warning,Ostrzeżenie,pl_PL
shared_cart.dismiss.title,Odrzuć udostępniony koszyk ‘quote_name’,pl_PL
shared_cart_page.share.breadcrumbs.dismiss,Odrzuć,pl_PL
shared_cart_page.cart.dismiss,Odrzuć,pl_PL
shared_cart_page.dismiss_confirmation.trying_to_dismiss,Czy na pewno chcesz odrzucić koszyk?,pl_PL
shared_cart_page.dismiss.success,Koszyk został pomyślnie odrzucony.,pl_PL
shared_cart.cart.set_default.success,Koszyk '%quote%' został pomyślnie ustawiony jako aktywny.,pl_PL
shopping_list.shopping_list,Listy zakupowe,pl_PL
shopping_list.item_quantity,Ilość,pl_PL
shopping_list.remove_all_items,Usuń wszystko,pl_PL
shopping_list.item_note,Komentarz:,pl_PL
shopping_list.item_note.add,Dodaj komentarz,pl_PL
shopping_list.item_note.enter_note,Dodaj notatkę do pozycji,pl_PL
customer.account.shopping_list,Listy zakupowe,pl_PL
customer.account.shopping_list.access,Dostęp,pl_PL
customer.account.shopping_list.access.full_access,Pełny dostęp,pl_PL
customer.account.shopping_list.access.read_only,Tylko do odczytu,pl_PL
customer.account.shopping_list.create.success,Lista '%name%' została pomyślnie utworzona.,pl_PL
customer.account.shopping_list.create.failed,Nie udało się utworzyć listy zakupowej.,pl_PL
customer.account.shopping_list.overview.create.success,Lista zakupowa została pomyślnie utworzona.,pl_PL
customer.account.shopping_list.overview.shared_with,Udostępniono,pl_PL
customer.account.shopping_list.overview.title,Zarządzaj listami zakupowymi,pl_PL
customer.account.shopping_list.overview.enter_name,Wpisz nazwę tutaj,pl_PL
customer.account.shopping_list.overview.add_new,Utwórz listę zakupową,pl_PL
customer.account.shopping_list.overview.name,Nazwa,pl_PL
customer.account.shopping_list.overview.item_count,liczba pozycji,pl_PL
customer.account.shopping_list.overview.modified_date,Data ostatniej aktualizacji,pl_PL
customer.account.shopping_list.overview.created_date,Utworzono,pl_PL
customer.account.shopping_list.overview.actions,Akcje,pl_PL
customer.account.shopping_list.overview.edit,Edytuj,pl_PL
customer.account.shopping_list.overview.warning,Ostrzeżenie,pl_PL
customer.account.shopping_list.overview.view,Zobacz,pl_PL
customer.account.shopping_list.overview.form.new,Utwórz nową listę zakupową,pl_PL
customer.account.shopping_list.overview.delete,Usuń,pl_PL
customer.account.shopping_list.overview.empty,Nie masz jeszcze żadnych list zakupowych.,pl_PL
customer.account.shopping_list.overview.share,Udostępnij,pl_PL
customer.account.shopping_list.overview.print,Drukuj,pl_PL
customer.account.shopping_list.overview.dismiss,Odrzuć,pl_PL
shopping_list_page.dismiss_confirmation.trying_to_dismiss,Czy na pewno chcesz odrzucić listę zakupową?,pl_PL
shopping_list_page.dismiss.failed,Lista zakupowa nie została odrzucona.,pl_PL
shopping_list_page.dismiss.success,Lista zakupowa została pomyślnie odrzucona.,pl_PL
shopping_list_page.aria_label.choose.shopping_list,"Wybierz listę zakupową %shoppingListName%, aby dodać jej pozycje do koszyka.",pl_PL
customer.account.shopping_list.share.from.share,Udostępnij,pl_PL
customer.account.shopping_list.share.from.share.title,"Udostępnij ""%name%""",pl_PL
customer.account.shopping_list.share.from.share_with,Udostępnij listę zakupową:,pl_PL
customer.account.shopping_list.item.select_item,Należy wybrać co najmniej jeden produkt.,pl_PL
customer.account.shopping_list.item.add.success,Pozycja %sku% została dodana do listy.,pl_PL
customer.account.shopping_list.item.add.failed,Nie udało się dodać pozycji %sku% do listy.,pl_PL
customer.account.shopping_list.items.added_to_cart.select_list,Należy wybrać co najmniej jedną listę zakupową.,pl_PL
customer.account.shopping_list.product,Produkt,pl_PL
customer.account.shopping_list.price,Cena,pl_PL
customer.account.shopping_list.overview.variant,Wariant,pl_PL
customer.account.shopping_list.availability,Dostępność,pl_PL
customer.account.shopping_list.available,Dostępny,pl_PL
customer.account.shopping_list.not_available,Obecnie niedostępne,pl_PL
customer.account.shopping_list.add-to-cart,Dodaj do koszyka,pl_PL
customer.account.shopping_list.empty,Obecnie na Twojej liście zakupowej nie ma żadnych pozycji.,pl_PL
customer.account.shopping_list.add_all_available_to_cart,Dodaj wszystkie dostępne produkty do koszyka,pl_PL
customer.account.shopping_list.quick_add,Szybko dodaj do listy zakupowej,pl_PL
customer.account.shopping_list.quick_add.submit,Dodaj,pl_PL
customer.account.shopping_list.subtotal,Suma częściowa,pl_PL
customer.account.shopping_list.print_shopping_list,Drukuj,pl_PL
customer.account.shopping_list.item.not_added,Nie udało się dodać produktu do listy zakupowej.,pl_PL
customer.account.shopping_list.add_item.success,Pozycja została dodana do listy zakupowej.,pl_PL
customer.account.shopping_list.item.remove.success,Produkt został pomyślnie usunięty.,pl_PL
customer.account.shopping_list.item.remove.failed,Produkt nie został usunięty z listy zakupowej.,pl_PL
customer.account.shopping_list.updated,Lista zakupowa została pomyślnie zaktualizowana,pl_PL
customer.account.shopping_list.clear.success,Lista zakupowa została pomyślnie wyczyszczona.,pl_PL
customer.account.shopping_list.delete.success,Lista zakupowa została pomyślnie usunięta.,pl_PL
customer.account.shopping_list.delete.failed,Lista zakupowa nie została usunięta.,pl_PL
customer.account.shopping_list.delete.you_are_trying_to_delete_shopping_list,Próbujesz usunąć listę zakupową,pl_PL
customer.account.shopping_list.delete.warning,Ostrzeżenie,pl_PL
customer.account.shopping_list.delete.it_belongs_to_follow,Należy do następujących,pl_PL
customer.account.shopping_list.delete.it_will_be_deleted_from_all_of_them,Zostanie usunięty ze wszystkich!,pl_PL
customer.account.shopping_list.quantity,Ilość,pl_PL
customer.account.shopping_list.remove,Usuń,pl_PL
customer.account.shopping_list.access,Dostęp,pl_PL
customer.account.shopping_list.permissions.NO_ACCESS,Brak dostępu,pl_PL
customer.account.shopping_list.permissions.READ_ONLY,Tylko do odczytu,pl_PL
customer.account.shopping_list.permissions.FULL_ACCESS,Pełny dostęp,pl_PL
customer.account.shopping_list.item.added_to_cart.failed,Część wybranych pozycji nie została dodana do koszyka.,pl_PL
customer.account.shopping_list.items.added_to_cart.not_found,Brak produktów dostępnych do dodania do koszyka.,pl_PL
customer.account.shopping_list.item.added_to_cart,Pozycja została pomyślnie dodana do koszyka.,pl_PL
customer.account.shopping_list.item.added_all_available_to_cart,Dostępne pozycje zostały pomyślnie dodane do koszyka.,pl_PL
customer.account.shopping_list.item.added_all_available_to_cart.failed,Nie wszystkie pozycje zostały pomyślnie dodane do koszyka,pl_PL
validation.not_blank,Ta wartość nie może być pusta.,pl_PL
validation.invalid_date,Data powinna być w prawidłowym formacie %s.,pl_PL
validation.address_number,Ta wartość jest nieprawidłowa (akceptowany format np.: 12c).,pl_PL
validation.zip_code,To pole powinno zawierać dokładnie 5 cyfr.,pl_PL
validation.min_length,To pole musi mieć co najmniej {{ limit }} znaków.,pl_PL
validation.max_length.singular,Ta wartość jest za długa. Powinna mieć {{ limit }} znak lub mniej.,pl_PL
validation.max_length.plural,Ta wartość jest za długa. Powinna mieć {{ limit }} znaków lub mniej.,pl_PL
validation.email,Ta wartość nie jest prawidłowym adresem e-mail.,pl_PL
validation.choice,Ta wartość jest nieprawidłowa,pl_PL
shopping_list.cart.items_add.failed,Nie udało się dodać pozycji do listy,pl_PL
shopping_list.cart.items_add.success,Pozycje zostały dodane do listy,pl_PL
shopping_list.not_applicable,Nd.,pl_PL
shopping_list_add_items_widget.add_to_shopping_list,Dodaj do listy zakupowej,pl_PL
page.detail.add-to-shopping-list,Dodaj do listy zakupowej,pl_PL
cart.add-to-shopping-list,Dodaj do listy zakupowej,pl_PL
cart.add-to-shopping-list.form,Zapisz koszyk na liście zakupowej,pl_PL
cart.add-to-shopping-list.form.placeholder,Wpisz nazwę nowej listy zakupowej,pl_PL
cart.add-to-shopping-list.form.add_new,Dodaj nową listę zakupową,pl_PL
cart.add-to-shopping-list.form.create,Utwórz listę zakupową,pl_PL
cart.add-to-shopping-list.form.error.empty_name,Podaj nazwę listy zakupowej,pl_PL
cart.quick_add_to_cart,Szybko dodaj do koszyka,pl_PL
cart.quick_add_to_cart.submit,Dodaj do koszyka,pl_PL
product_quick_add_widget.form.quantity,# Szt.,pl_PL
product_quick_add_widget.form.error.quantity.required,Ilość musi wynosić co najmniej 1,pl_PL
product_quick_add_widget.form.error.quantity.max_value_constraint,Podana ilość jest za duża,pl_PL
product_quick_add_widget.form.error.redirect_route_empty,Router przekierowania nie może być pusty,pl_PL
product_quick_add_widget.form.error.sku.empty,SKU nie może być puste,pl_PL
customer.account.shopping_list.overview.add_shopping_list_to_cart,Dodaj wybrane do,pl_PL
customer.account.shopping_list.items.added_to_cart.failed,Część pozycji nie została dodana do koszyka.,pl_PL
customer.account.shopping_list.items.added_to_cart,Pozycje zostały pomyślnie dodane do koszyka.,pl_PL
customer.account.shopping_list.add_selected_items_to_cart,Dodaj wybrane pozycje do koszyka,pl_PL
customer.account.shopping_list.share.select_company_user,Wybierz klienta,pl_PL
customer.account.shopping_list.share.select_company_business_unit,Wybierz jednostkę biznesową,pl_PL
customer.account.shopping_list.share.select_permission,Wybierz poziom dostępu,pl_PL
customer.account.shopping_list.share.error.one_id_required,"Wybierz klienta lub jednostkę biznesową, której chcesz udostępnić listę zakupową",pl_PL
customer.account.shopping_list.share.share_shopping_list_successful,Lista zakupowa została pomyślnie udostępniona,pl_PL
customer.account.shopping_list.share.share_shopping_list_fail,Ta lista zakupowa była już udostępniona temu podmiotowi,pl_PL
customer.account.shopping_list.overview.owner,Właściciel,pl_PL
customer.account.shopping_list.error.duplicate_name,Lista zakupowa o tej samej nazwie już istnieje.,pl_PL
customer.account.shopping_list.error.cannot_update,Nie można zaktualizować listy zakupowej.,pl_PL
customer.account.shopping_list.share.choose_access,Wybierz dostęp,pl_PL
packaging_unit_type.item.name,Pozycja,pl_PL
packaging_unit_type.ring_500.name,Krążek (500 m),pl_PL
packaging_unit_type.box.name,Karton,pl_PL
packaging_unit_type.palette.name,Paleta,pl_PL
packaging_unit_type.giftbox.name,Pudełko upominkowe,pl_PL
packaging_unit_type.valentines_special.name,Oferta walentynkowa,pl_PL
packaging_unit_type.pack_5.name,Opakowanie 5,pl_PL
packaging_unit_type.pack_10.name,Opakowanie 10,pl_PL
business_on_behalf_widget.no_selected_company,Twoja jednostka biznesowa,pl_PL
business_on_behalf_widget.change_company_user,Wybierz jednostkę biznesową,pl_PL
company_user.business_on_behalf.error.company_not_active,Nie możesz wybrać tego użytkownika firmy — firma nie jest aktywna.,pl_PL
company_user.business_on_behalf.error.company_user_invalid,Nie możesz wybrać tego użytkownika firmy — jest nieprawidłowy.,pl_PL
company_user.change_company_user,Wybierz jednostkę biznesową,pl_PL
company_user.no_company,Brak jednostki biznesowej,pl_PL
company_user.company_choice,Jednostka biznesowa,pl_PL
company_user.remember_choice,Zapamiętaj wybór,pl_PL
company_page.company_user_restricted_message,Zwykli klienci nie mogą działać na stronach firmowych,pl_PL
company_page.company_business_unit_restricted_message,Nie masz uprawnień do wykonania tej operacji,pl_PL
company_page.validation.error.company_user.unauthorized_request,Nieautoryzowane żądanie.,pl_PL
customer.account.print_shopping_list.table.barcode,Kod kreskowy,pl_PL
customer.account.print_shopping_list.table.product_sku,SKU produktu,pl_PL
customer.account.print_shopping_list.table.product_name,Nazwa produktu,pl_PL
customer.account.print_shopping_list.table.default_price,Cena domyślna,pl_PL
customer.account.print_shopping_list.table.note,Notatka,pl_PL
customer.account.print_shopping_list.title.shopping_list_id,ID listy zakupowej,pl_PL
customer.account.print_shopping_list.title.shopping_list_name,Nazwa listy zakupowej,pl_PL
company.account.address.delete_confimation_page,Jednostki biznesowe,pl_PL
company_page.address_delete_confirmation.title,Próbujesz usunąć adres,pl_PL
company_page.address_delete_confirmation.notification,Należy do następujących jednostek biznesowych,pl_PL
company_page.address_delete_confirmation.delete_notification,Zostanie usunięty ze wszystkich.,pl_PL
label.button.submit,OK,pl_PL
label.button.cancel,Anuluj,pl_PL
company.account.create_address_information,Utwórz dane adresowe,pl_PL
company.account.address,Adres firmy,pl_PL
company.account.is_default,Główny,pl_PL
message.business_unit_address.create,Adres jednostki biznesowej '%address%' został pomyślnie utworzony.,pl_PL
message.business_unit_address.update,Adres jednostki biznesowej '%address%' został pomyślnie zaktualizowany.,pl_PL
message.business_unit_address.delete,Adres jednostki biznesowej został pomyślnie usunięty.,pl_PL
message.business_unit.create,Jednostka biznesowa '%unit%' została pomyślnie utworzona.,pl_PL
message.business_unit.update,Jednostka biznesowa '%unit%' została pomyślnie zaktualizowana.,pl_PL
message.business_unit.delete,Jednostka biznesowa '%unit%' została pomyślnie usunięta.,pl_PL
message.submit_link,Ok!,pl_PL
company.business_unit.delete.message.text,Próbujesz usunąć jednostkę biznesową,pl_PL
company.account.choose_parent_company_business_unit,Wybierz nadrzędną jednostkę biznesową,pl_PL
company.account.choose_parent_company_business_unit_placeholder,Nazwa nadrzędnej jednostki biznesowej,pl_PL
company.account,Konto firmowe,pl_PL
company.account.form.fk_parent_company_bu.placeholder,Nazwa nadrzędnej jednostki biznesowej,pl_PL
company.account.address.delete.message.title,Ostrzeżenie,pl_PL
company.account.address.delete.message.description,Próbujesz usunąć adres,pl_PL
company.account.address.delete.message.belongs,Należy do następujących jednostek biznesowych,pl_PL
company.account.address.delete.message.all,Zostanie usunięty ze wszystkich,pl_PL
company.account.address.assign,Przypisz adresy,pl_PL
company.account.address.assigned,Przypisane adresy,pl_PL
company.account.address.unassigned,Nieprzypisane adresy,pl_PL
company.account.address.assigned.empty,Brak przypisanych adresów,pl_PL
company.account.address.unassigned.empty,Brak nieprzypisanych adresów,pl_PL
product_discontinued_widget.note,Notatka,pl_PL
product_discontinued.super_attribute_discontinued,Wycofany,pl_PL
product_discontinued.message.product_discontinued,"Produkt został wycofany, wybierz produkt alternatywny.",pl_PL
shopping_list.pre.check.product_discontinued,"Produkt %sku% został wycofany, wybierz produkt alternatywny.",pl_PL
cart.pre.check.product_discontinued,"Produkt '%name%' został wycofany, wybierz produkt alternatywny.",pl_PL
replacement_for_widget.replacement_for,Zamiennik dla,pl_PL
product_alternative_widget.product_alternative,Produkty alternatywne,pl_PL
product_alternative_widget.add_to_shopping_list,Dodaj do listy zakupowej,pl_PL
product_alternative_widget.alternative_for,Alternatywa dla,pl_PL
product_alternative_widget.product_status.discontinued,Wycofany,pl_PL
product_alternative_widget.show_all,Pokaż wszystko,pl_PL
product_alternative_widget.not_applicable,Nd.,pl_PL
place_order.pre_check.product_discontinued,"Produkt '%name%' został wycofany, wybierz produkt alternatywny",pl_PL
page.detail.volume_price.quantity,Ilość,pl_PL
page.detail.volume_price.price,Cena,pl_PL
page.detail.volume_price,Ceny hurtowe,pl_PL
page.detail.volume_price.saving,Zapisywanie,pl_PL
customer.order.canceledTotal,Anulowana kwota,pl_PL
customer.order.remunerationTotal,Suma wynagrodzenia,pl_PL
customer.order.refundTotal,Suma zwrotu,pl_PL
packaging-units.recommendation.amount-min-violation,Wymagania dotyczące minimalnej ilości dla produktu nie są spełnione,pl_PL
packaging-units.recommendation.amount-max-violation,Wymagania dotyczące maksymalnej ilości dla produktu nie są spełnione,pl_PL
packaging-units.recommendation.amount-interval-violation,Wymagania dotyczące przedziału ilości dla produktu nie są spełnione,pl_PL
packaging_units.recommendation.suggestion,Czy chcesz dodać:,pl_PL
packaging_units.recommendation.between-units-info,Wybrana przez Ciebie ilość mieści się pomiędzy 2 jednostkami bazowymi,pl_PL
packaging_units.cart.quantity,Ilość,pl_PL
packaging_units.cart.amount,Kwota,pl_PL
packaging_units.cart.units,Jednostki,pl_PL
packaging_units.cart.item,Pozycje,pl_PL
packaging_units.pdp.quantity,Ilość,pl_PL
packaging_units.pdp.amount,Kwota,pl_PL
packaging_units.pdp.sales-units,Jednostki sprzedaży,pl_PL
cart.pre.check.amount.min.failed,Wymagania dotyczące minimalnej ilości dla produktu o SKU '%sku%' nie są spełnione.,pl_PL
cart.pre.check.amount.max.failed,Przekroczono maksymalną ilość dla produktu o SKU '%sku%'.,pl_PL
cart.pre.check.amount.interval.failed,Wymagania dotyczące przedziału ilości dla produktu o SKU '%sku%' nie są spełnione.,pl_PL
cart.pre.check.amount.is_not_variable.failed,Wymagania dotyczące domyślnej ilości dla produktu o SKU '%sku%' nie są spełnione.,pl_PL
main_slider.btn.title,Kup teraz,pl_PL
show_more.btn.title,Odkrywaj,pl_PL
main_slider_1.url,/en/office-furniture,pl_PL
main_slider_2.url,/en/stationery,pl_PL
main_slider_3.url,/en/office-equipment,pl_PL
company.account.company_role.delete.confirmation.warning,Ostrzeżenie,pl_PL
company.account.company_role.delete.confirmation.trying_to_delete,Próbujesz usunąć rolę firmową,pl_PL
company.account.company_role.delete.confirmation.deletion_warning,Zostanie trwale usunięty z Twojej firmy,pl_PL
company.account.company_role.delete.back,Wstecz,pl_PL
company.account.company_role.delete,Usuń,pl_PL
company.account.company_role.delete.successful,Rola firmowa została pomyślnie usunięta,pl_PL
company.account.company_role.delete.confirmation.assigned_users,Użytkownicy przypisani do tej roli,pl_PL
company.account.company_role.delete.confirmation.assigned_users_message,"Nie możesz usunąć roli firmowej, dopóki ma przypisanych użytkowników firmy",pl_PL
company.account.company_role.delete.error.cannot_remove,Nie można usunąć roli firmowej,pl_PL
permission.name.AddCompanyUserPermissionPlugin,Dodaj użytkowników firmy,pl_PL
permission.name.ManageCompanyUserInvitationPermissionPlugin,Zaproś użytkowników,pl_PL
permission.name.AddCartItemPermissionPlugin,Dodaj pozycję do koszyka,pl_PL
permission.name.ChangeCartItemPermissionPlugin,Zmień pozycję w koszyku,pl_PL
permission.name.RemoveCartItemPermissionPlugin,Usuń pozycję z koszyka,pl_PL
permission.name.PlaceOrderWithAmountUpToPermissionPlugin,Złóż zamówienie,pl_PL
permission.name.SeeCompanyMenuPermissionPlugin,Zobacz menu firmy,pl_PL
permission.name.DeleteCompanyUsersPermissionPlugin,Usuń użytkowników firmy,pl_PL
permission.name.EditCompanyUsersPermissionPlugin,Edytuj użytkowników firmy,pl_PL
permission.name.DeleteCompanyRolesPermissionPlugin,Usuń role firmowe,pl_PL
permission.name.CreateCompanyRolesPermissionPlugin,Utwórz role firmowe,pl_PL
permission.name.EditCompanyRolesPermissionPlugin,Edytuj role firmowe,pl_PL
permission.name.SeeCompanyRolesPermissionPlugin,Zobacz role firmowe,pl_PL
company.account.company_user.assign_roles.empty_roles.error,Do użytkownika musi być przypisana co najmniej jedna rola,pl_PL
company.account.company_role.delete.error.default_role,Nie możesz usunąć roli domyślnej — przed usunięciem ustaw inną rolę domyślną,pl_PL
permission.name.CompanyUserStatusChangePermissionPlugin,Włącz / wyłącz użytkowników firmy,pl_PL
company.account.company_role.create,Utwórz rolę,pl_PL
company.account.company_role.create.successful,Rola została pomyślnie utworzona.,pl_PL
company.account.company_role.update.successful,Rola została pomyślnie zaktualizowana.,pl_PL
company.account.company_user.form.select_roles,Wybierz role,pl_PL
company.account.company_user.form.select_business_unit,Wybierz jednostkę biznesową,pl_PL
message.business_unit.create.error,Wystąpił błąd podczas próby utworzenia jednostki biznesowej '%unit%'.,pl_PL
message.business_unit.update.error,Wystąpił błąd podczas próby zaktualizowania jednostki biznesowej '%unit%'.,pl_PL
message.business_unit.delete.error,Wystąpił błąd podczas próby usunięcia jednostki biznesowej '%unit%'.,pl_PL
product.sets.widget.title,Zobacz kolekcję,pl_PL
product.set,Zestaw produktów,pl_PL
product.set.detail.add_all_to,Dodaj wszystko do,pl_PL
checkout.success.to_orders.url,/en/customer/order,pl_PL
checkout.success.to_orders.title,Przejdź do moich zamówień,pl_PL
checkout.success.back_to_home.title,Powrót na stronę główną,pl_PL
customer.account.shopping_list.create_from_cart.choose_shopping_list,Wybierz listę zakupową,pl_PL
customer.account.shopping_list.create_from_cart.name,Nazwa,pl_PL
customer.account.shopping_list.create_from_cart.form_title,'%cart_name%' dodaj do listy zakupowej,pl_PL
customer.account.shopping_list.create_from_cart.title,Dodaj do listy zakupowej,pl_PL
customer.account.shopping_list.shopping_cart,Koszyki,pl_PL
customer.account.shopping_list.business_unit,Jednostka biznesowa,pl_PL
customer.account.shopping_list.customer,Klient,pl_PL
page.multi_cart.shopping_cart.list.title,Koszyki,pl_PL
page.multi_cart.shopping_cart.list.create_link,Utwórz koszyk,pl_PL
page.multi_cart.shopping_cart.list.label.name,Nazwa,pl_PL
page.multi_cart.shopping_cart.list.label.num_of_products,liczba pozycji,pl_PL
page.multi_cart.shopping_cart.list.label.prices,Ceny,pl_PL
page.multi_cart.shopping_cart.list.label.total,Suma,pl_PL
page.multi_cart.shopping_cart.list.label.actions,Akcje,pl_PL
page.multi_cart.shopping_cart.list.link.edit_name,Edytuj nazwę,pl_PL
page.multi_cart.shopping_cart.list.link.duplicate,Duplikuj,pl_PL
page.multi_cart.shopping_cart.list.link.delete,Usuń,pl_PL
page.multi_cart.shopping_cart.list.link.add_to_list,Dodaj do listy,pl_PL
page.multi_cart.shopping_cart.list.label.item,Pozycja,pl_PL
page.multi_cart.shopping_cart.list.label.items,Pozycje,pl_PL
customer.account.shopping_cart.list.title,Zarządzaj koszykami,pl_PL
widget.shared_cart.multi_cart.permissions.READ_ONLY,Tylko do odczytu,pl_PL
widget.shared_cart.multi_cart.permissions.FULL_ACCESS,Pełny dostęp,pl_PL
widget.shared_cart.multi_cart.permissions.OWNER_ACCESS,Dostęp właściciela,pl_PL
page.multi_cart.shopping_cart.list.label.access,Dostęp,pl_PL
widget.shopping_list.multi_cart.to_shopping_list,Do listy zakupowej,pl_PL
page.multi_cart.shopping_cart.update.title,Edytuj,pl_PL
page.multi_cart.shopping_cart.create.title,Utwórz,pl_PL
validation.address_number,Ta wartość jest nieprawidłowa (akceptowany format np.: 12c).,pl_PL
validation.zip_code,To pole powinno zawierać dokładnie 5 cyfr.,pl_PL
validation.email,Ta wartość nie jest prawidłowym adresem e-mail.,pl_PL
validation.choice,Ta wartość jest nieprawidłowa,pl_PL
customer.order.reorder.error.unable_to_reorder_items,"Nie możesz zamówić tych produktów ponownie bezpośrednio, dodaj je do koszyka osobno",pl_PL
shopping_list_widget.items,Pozycje,pl_PL
shopping_list_widget.full_access,Pełny dostęp,pl_PL
shopping_list_widget.read_only,Tylko do odczytu,pl_PL
shopping_list.create_new_list,Utwórz nową listę,pl_PL
shopping_list.no_lists_created,Nie masz jeszcze żadnych list zakupowych.,pl_PL
agent.authentication.failed,Uwierzytelnianie nie udało się,pl_PL
agent.login.title,Uzyskaj dostęp do swojego konta,pl_PL
agent.login.email,E-mail,pl_PL
agent.login.password,Hasło,pl_PL
agent.login,Logowanie agenta,pl_PL
agent.control_bar.agent_mode,Tryb agenta,pl_PL
agent.control_bar.agent_mode_active,Tryb agenta aktywny,pl_PL
agent.control_bar.select_customer,Wybierz klienta,pl_PL
agent.control_bar.start_customer_session,Rozpocznij sesję klienta,pl_PL
agent.control_bar.search_customers,Szukaj klientów,pl_PL
agent.control_bar.assisting,Wspomaganie,pl_PL
agent.control_bar.quote_requests,Zapytania ofertowe,pl_PL
agent.control_bar.end_agent_session,Zakończ sesję agenta,pl_PL
agent.control_bar.end_agent_session_confirm_title,Zakończyć sesję agenta?,pl_PL
agent.control_bar.end_agent_session_confirm_body,To zakończy tylko Twoją sesję agenta — pozostaniesz zalogowany w sklepie.,pl_PL
agent.control_bar.cancel,Anuluj,pl_PL
agent.control_bar.switch_customer,Zmień klienta,pl_PL
agent.control_bar.switch_customer_confirm_title,Zmienić klienta?,pl_PL
agent.control_bar.switch_customer_confirm_body,"Twoja sesja z %currentName% zostanie zakończona, jeśli przełączysz się na %newName%. Potwierdź, czy chcesz kontynuować.",pl_PL
agent.autocomplete.no_results,Nie znaleziono wyników,pl_PL
agent_security_blocker_merchant_portal_gui.error.account_blocked,"Zbyt wiele prób logowania z Twojego adresu. Odczekaj %minutes% minut, zanim spróbujesz ponownie.",pl_PL
autocomplete.placeholder,Szukaj,pl_PL
bundle.title,Zestaw zawiera,pl_PL
shopping_list.all_shopping_lists,Wszystkie listy zakupowe,pl_PL
error_page.title,Nie znaleziono strony.,pl_PL
error_page.home_link,Przejdź na stronę główną,pl_PL
error_page.text,"Nie znaleźliśmy strony, której szukasz.",pl_PL
company.account.business_unit.create,Utwórz,pl_PL
company.account.address.delete_confimation_page,Jednostki biznesowe,pl_PL
company_page.address_delete_confirmation.title,Próbujesz usunąć adres,pl_PL
company_page.address_delete_confirmation.notification,Należy do następujących jednostek biznesowych,pl_PL
company_page.address_delete_confirmation.delete_notification,Zostanie usunięty ze wszystkich.,pl_PL
label.button.submit,OK,pl_PL
label.button.cancel,Anuluj,pl_PL
company.account.create_address_information,Utwórz dane adresowe,pl_PL
company.account.address,Adres firmy,pl_PL
company.account.is_default,Główny,pl_PL
message.business_unit_address.create,Adres jednostki biznesowej '%address%' został pomyślnie utworzony.,pl_PL
message.business_unit_address.update,Adres jednostki biznesowej '%address%' został pomyślnie zaktualizowany.,pl_PL
message.business_unit_address.delete,Adres jednostki biznesowej został pomyślnie usunięty.,pl_PL
message.business_unit.create,Jednostka biznesowa '%unit%' została pomyślnie utworzona.,pl_PL
message.business_unit.update,Jednostka biznesowa '%unit%' została pomyślnie zaktualizowana.,pl_PL
message.business_unit.delete,Jednostka biznesowa '%unit%' została pomyślnie usunięta.,pl_PL
sales-order-threshold.hard-minimum-threshold.de.eur.message,"Musisz dodać produkty o wartości {{threshold}}, aby przekroczyć zalecany próg. Nie możesz przejść do kasy",pl_PL
sales-order-threshold.hard-minimum-threshold.de.chf.message,"Musisz dodać produkty o wartości {{threshold}}, aby przekroczyć zalecany próg. Nie możesz przejść do kasy",pl_PL
sales-order-threshold.hard-maximum-threshold.de.eur.message,"Wartość koszyka nie może być wyższa niż {{threshold}}. Usuń część pozycji, aby kontynuować zamówienie",pl_PL
sales-order-threshold.hard-maximum-threshold.de.chf.message,"Wartość koszyka nie może być wyższa niż {{threshold}}. Usuń część pozycji, aby kontynuować zamówienie",pl_PL
sales-order-threshold.soft-minimum-threshold.de.eur.message,"Musisz dodać produkty o wartości {{threshold}}, aby przekroczyć zalecany próg, ale jeśli chcesz, możesz przejść do kasy.",pl_PL
sales-order-threshold.soft-minimum-threshold.de.chf.message,"Musisz dodać produkty o wartości {{threshold}}, aby przekroczyć zalecany próg, ale jeśli chcesz, możesz przejść do kasy.",pl_PL
merchant-relationship-threshold.hard.de.eur.mr-8.message,"Musisz dodać produkty o wartości {{threshold}}, aby przekroczyć zalecany próg. Nie możesz przejść do kasy",pl_PL
merchant-relationship-threshold.soft.de.eur.mr-8.message,"Musisz dodać produkty o wartości {{threshold}}, aby przekroczyć zalecany próg, ale jeśli chcesz, możesz przejść do kasy.",pl_PL
merchant-relationship-threshold.hard.de.eur.mr-9.message,"Musisz dodać produkty o wartości {{threshold}}, aby przekroczyć zalecany próg. Nie możesz przejść do kasy",pl_PL
merchant-relationship-threshold.soft.de.eur.mr-9.message,"Musisz dodać produkty o wartości {{threshold}}, aby przekroczyć zalecany próg, ale jeśli chcesz, możesz przejść do kasy z dodatkową opłatą {{fee}} za to zamówienie.",pl_PL
merchant-relationship-threshold.hard.de.eur.mr-10.message,"Musisz dodać produkty o wartości {{threshold}}, aby przekroczyć zalecany próg. Nie możesz przejść do kasy",pl_PL
merchant-relationship-threshold.soft.de.eur.mr-10.message,"Musisz dodać produkty o wartości {{threshold}}, aby przekroczyć zalecany próg, ale jeśli chcesz, możesz przejść do kasy z dodatkową opłatą {{fee}} za to zamówienie.",pl_PL
merchant-relationship-threshold.hard.de.eur.mr-11.message,"Musisz dodać produkty o wartości {{threshold}}, aby przekroczyć zalecany próg. Nie możesz przejść do kasy",pl_PL
merchant-relationship-threshold.soft.de.eur.mr-11.message,"Musisz dodać produkty o wartości {{threshold}}, aby przekroczyć zalecany próg, ale jeśli chcesz, możesz przejść do kasy z dodatkową opłatą {{fee}} za to zamówienie.",pl_PL
merchant-relationship-threshold.hard.de.eur.mr-12.message,"Musisz dodać produkty o wartości {{threshold}}, aby przekroczyć zalecany próg. Nie możesz przejść do kasy",pl_PL
merchant-relationship-threshold.soft.de.eur.mr-12.message,"Musisz dodać produkty o wartości {{threshold}}, aby przekroczyć zalecany próg, ale jeśli chcesz, możesz przejść do kasy z dodatkową opłatą {{fee}} za to zamówienie.",pl_PL
merchant-relationship-threshold.soft.de.eur.mr-13.message,"Musisz dodać produkty o wartości {{threshold}}, aby przekroczyć zalecany próg, ale jeśli chcesz, możesz przejść do kasy z dodatkową opłatą {{fee}} za to zamówienie.",pl_PL
merchant-relationship-threshold.soft.de.eur.mr-14.message,"Musisz dodać produkty o wartości {{threshold}}, aby przekroczyć zalecany próg, ale jeśli chcesz, możesz przejść do kasy z dodatkową opłatą {{fee}} za to zamówienie.",pl_PL
company.business_unit.delete.message.text,Próbujesz usunąć jednostkę biznesową,pl_PL
company.account.choose_parent_company_business_unit,Wybierz nadrzędną jednostkę biznesową,pl_PL
company.account.choose_parent_company_business_unit_placeholder,Nazwa nadrzędnej jednostki biznesowej,pl_PL
company.account,Konto firmowe,pl_PL
company.account.form.fk_parent_company_bu.placeholder,Nazwa nadrzędnej jednostki biznesowej,pl_PL
company.account.address.delete.message.title,Ostrzeżenie,pl_PL
company.account.address.delete.message.text,Próbujesz usunąć adres,pl_PL
company.account.address.delete.message.belongs,Należy do następujących jednostek biznesowych,pl_PL
company.account.address.delete.message.all,Zostanie usunięty ze wszystkich,pl_PL
company.account.address.assigned,Przypisz adresy,pl_PL
company.account.address.unassigned,Nieprzypisane adresy,pl_PL
company.account.address.assigned.empty,Brak przypisanych adresów,pl_PL
company.account.address.unassigned.empty,Brak nieprzypisanych adresów,pl_PL
message.business_unit.update.cycle_dependency_error,Jednostka biznesowa firmy '%unit%' nie została zaktualizowana. Jednostki biznesowej nie można ustawić jako podrzędnej wobec własnej jednostki podrzędnej — sprawdź hierarchię jednostek biznesowych.,pl_PL
customer.access.cannot_see_price,"Zaloguj się, aby zobaczyć cenę",pl_PL
company.account.company_user.edit_information,Edytuj dane użytkownika,pl_PL
Only company users are allowed to access this page,Dostęp do tej strony mają tylko użytkownicy firmy.,pl_PL
shopping_list.not_found,Nie znaleziono listy zakupowej,pl_PL
shopping_list.already_removed,Ta lista zakupowa została usunięta,pl_PL
shopping_list.no_access,Nie masz uprawnień do wyświetlenia tej listy zakupowej,pl_PL
global.search.pages,Strony,pl_PL
global.search.results.view,Zobacz,pl_PL
cms.page.sort.relevance,Sortuj po trafności,pl_PL
cms.page.sort.name_asc,Sortuj po nazwie rosnąco,pl_PL
cms.page.sort.name_desc,Sortuj po nazwie malejąco,pl_PL
cms.page.itemsFound,Znalezione pozycje,pl_PL
cms.page.filter.per,Na stronę,pl_PL
cms.page.filter.sort,Sortuj według,pl_PL
product-quantity.errors.quantity.min.failed,Ilość %s nie spełnia wymagań produktu. Minimalna ilość to %s.,pl_PL
product-quantity.errors.quantity.max.failed,Ilość %s nie spełnia wymagań produktu. Maksymalna ilość to %s.,pl_PL
product-quantity.errors.quantity.interval.failed,Ilość %s nie spełnia wymagań produktu. Krok ilości to %s.,pl_PL
availability_notification.notify_me,"Powiadom mnie, gdy produkt wróci do magazynu",pl_PL
availability_notification.do_not_notify_me,"Nie powiadamiaj mnie, gdy produkt wróci do magazynu",pl_PL
availability_notification.subscribed,Subskrypcja została pomyślnie potwierdzona,pl_PL
availability_notification.unsubscribed,Subskrypcja została anulowana,pl_PL
availability_notification.successfully_unsubscribed,Subskrypcja została anulowana,pl_PL
availability_notification.successfully_unsubscribed_text,Pomyślnie zrezygnowałeś z powiadomienia o ponownej dostępności produktu,pl_PL
availability_notification_subscription.mail.subscribed.head,Właśnie poinformowaliśmy nasz dział zakupów o Twojej subskrypcji!,pl_PL
availability_notification_subscription.mail.subscribed.body,"Otrzymasz e-mail, gdy produkt będzie znowu dostępny",pl_PL
availability_notification_subscription.mail.subscribed.subject,Właśnie poinformowaliśmy nasz dział zakupów o Twojej subskrypcji!,pl_PL
availability_notification_subscription.mail.unsubscribed.subject,"Nie otrzymasz powiadomienia, gdy produkt %name% będzie znowu dostępny.",pl_PL
availability_notification_subscription.mail.unsubscribed.body,"Nie otrzymasz powiadomienia, gdy produkt %name% będzie znowu dostępny.",pl_PL
availability_notification_subscription.mail.notification.buy_now,Kup teraz,pl_PL
availability_notification_subscription.mail.notification.subject,%name% jest znowu dostępny!,pl_PL
availability_notification_subscription.mail.notification.head,%name% jest znowu dostępny!,pl_PL
availability_notification_subscription.mail.notification.body,Koniec czekania — możesz już dodać ten produkt do koszyka.,pl_PL
availability_notification_subscription.mail.copyright,"<em>Copyright © bieżący rok nazwa firmy, Wszelkie prawa zastrzeżone.</em><br><br>",pl_PL
availability_notification_subscription.mail.unsubscribe,"Chcesz zmienić sposób otrzymywania tych wiadomości?<br>Możesz <a target=""_blank"" href=""%link%"" style=""mso-line-height-rule: exactly;-ms-text-size-adjust: 100%;-webkit-text-size-adjust: 100%;color: #656565;font-weight: normal;text-decoration: underline;"">wypisać się z tej listy</a>.",pl_PL
availability_notification.email_address,Adres e-mail,pl_PL
product-quantity.notification.quantity.min.failed,"Zamawiana ilość została dostosowana do najbliższej możliwej ilości dla artykułu, ponieważ minimalna ilość to %min%.",pl_PL
product-quantity.notification.quantity.max.failed,"Zamawiana ilość została dostosowana do najbliższej możliwej ilości dla artykułu, ponieważ maksymalna ilość to %max%.",pl_PL
product-quantity.notification.quantity.interval.failed,"Zamawiana ilość została dostosowana do najbliższej możliwej ilości dla artykułu, ponieważ krok ilości to %step%.",pl_PL
product-quantity.warning.quantity.min.failed,"Zamawiana ilość została dostosowana do najbliższej możliwej ilości dla artykułu, ponieważ minimalna ilość to %min%.",pl_PL
product-quantity.warning.quantity.max.failed,"Zamawiana ilość została dostosowana do najbliższej możliwej ilości dla artykułu, ponieważ maksymalna ilość to %max%.",pl_PL
product-quantity.warning.quantity.interval.failed,"Zamawiana ilość została dostosowana do najbliższej możliwej ilości dla artykułu, ponieważ krok ilości to %step%.",pl_PL
cart.locked.change_denied,"Nie możesz zmodyfikować tego koszyka, ponieważ jest w trakcie zatwierdzania.",pl_PL
quote_approval.request.send,Wyślij zapytanie,pl_PL
quote_approval.remove,Anuluj wniosek,pl_PL
quote_approval.cart.require_approval,Nie możesz złożyć tego zamówienia z powodu swojego limitu zakupowego — wyślij koszyk do zatwierdzenia lub skontaktuj się ze swoim przełożonym.,pl_PL
quote_approval.cart.waiting_approval,Nie możesz złożyć tego zamówienia z powodu oczekującego wniosku o zatwierdzenie.,pl_PL
quote_approval.create.approver_cant_approve_quote,Wybrana osoba zatwierdzająca nie może zatwierdzić Twojego wniosku z powodu limitu zatwierdzania.,pl_PL
quote_approval.create.you_cant_approve_quote,"Nie możesz zatwierdzić ani odrzucić tego koszyka, ponieważ jego kwota przekracza Twój limit zatwierdzania.",pl_PL
quote_approval.create.quote_already_approved,Ten koszyk został już zatwierdzony.,pl_PL
quote_approval.create.quote_already_declined,Ten koszyk został już odrzucony.,pl_PL
quote_approval.create.quote_already_cancelled,Nie możesz pracować z tym koszykiem — został już wysłany do innej osoby zatwierdzającej.,pl_PL
quote_approval.create.quote_already_waiting_for_approval,Ten koszyk został już wysłany do zatwierdzenia.,pl_PL
quote_approval.create.only_quote_owner_can_send_request,Nie możesz wysłać koszyka do zatwierdzenia — może to zrobić tylko właściciel koszyka.,pl_PL
quote_approval.cancel.do_not_have_permission,Nie masz uprawnień do anulowania wniosku o zatwierdzenie.,pl_PL
quote_approval.request.approval_by,przez,pl_PL
quote_approval.created,Twój wniosek o zatwierdzenie został wysłany do %first_name% %last_name%.,pl_PL
quote_approval.removed,Twój wniosek o zatwierdzenie został anulowany.,pl_PL
quote_approval_widget.title,Wniosek o zatwierdzenie,pl_PL
quote_approval_widget.limit.unlimited,Bez limitu,pl_PL
quote_approval_widget.no_approvers_found,Nie znaleziono osób zatwierdzających.,pl_PL
quote_approval_widget.cart.status.approved,Zatwierdzone,pl_PL
quote_approval_widget.cart.status.declined,Odrzucone,pl_PL
quote_approval_widget.cart.status.waiting,Oczekuje,pl_PL
quote_approval_widget.shared_cart_warning,Po wysłaniu koszyka do zatwierdzenia wszystkie jego udostępnienia zostaną anulowane.,pl_PL
quote_approval_widget.limit_text,"Twój limit zakupowy to %amount%. Aby wydać więcej, poproś o zatwierdzenie swojego przełożonego.",pl_PL
quote_approval_widget.no_limit_text,Nie masz limitu zakupowego,pl_PL
quote_approval_widget.quote_not_applicable_for_approval_process,Nie można przetworzyć tego koszyka. Brakuje wymaganych informacji.,pl_PL
quote_approval.request.waiting_for_approval_from,Oczekuje na zatwierdzenie przez,pl_PL
quote_approval.request.approved_by,Zatwierdzone przez,pl_PL
quote_approval.request.declined_by,Odrzucone przez,pl_PL
quote_approval_widget.cart.status,Status,pl_PL
quote_approval_widget.cart.approve,Zatwierdź,pl_PL
quote_approval_widget.cart.decline,Odrzuć,pl_PL
quote_approval_widget.cart.cancel,Anuluj,pl_PL
quote_approval_widget.cart.success_message.approved,Wniosek od %first_name% %last_name% został pomyślnie zatwierdzony,pl_PL
quote_approval_widget.cart.success_message.declined,Wniosek od %first_name% %last_name% został pomyślnie odrzucony,pl_PL
quote_approval_widget.cart.success_message.canceled,Wniosek od %first_name% %last_name% został pomyślnie anulowany,pl_PL
quote_approval.create.cart_cant_be_sent_for_approval,Nie można wysłać koszyka do zatwierdzenia.,pl_PL
quote_approval.create.cant_send_for_approve_empty_quote,Pustego koszyka nie można wysłać do zatwierdzenia.,pl_PL
persistent_cart.quote.label.locked_cart,"Koszyk jest zablokowany, a jego edycja wyłączona. Aby odblokować koszyk, kliknij",pl_PL
persistent_cart.quote.label.locked_cart.by_quote_request,"Koszyk jest zablokowany przez zapytanie ofertowe, a jego edycja wyłączona. Aby odblokować koszyk, kliknij",pl_PL
persistent_cart.quote.label.locked_cart.by_quote_approval,"Koszyk jest zablokowany przez proces zatwierdzania wyceny, a jego edycja wyłączona. Aby odblokować koszyk, kliknij",pl_PL
persistent_cart.quote.label.discarded_locked_cart,Twoje bieżące zmiany zostaną odrzucone.,pl_PL
persistent_cart.quote.button.reset_lock,Zresetuj blokadę,pl_PL
cart_page.quote.reset_lock.success,Blokada koszyka została pomyślnie zresetowana.,pl_PL
cart_page.quote.label.locked_cart,Zablokowany koszyk,pl_PL
quote_request_widget.request_for_quote,Poproś o wycenę,pl_PL
quote_request_widget.request_for_quote.list.title,Zapytania ofertowe,pl_PL
quote_request_page.quote_request,Zapytanie ofertowe,pl_PL
quote_request_page.quote_request.create,Utwórz,pl_PL
quote_request_page.quote_request_version.created,Zapytanie ofertowe ma nową wersję.,pl_PL
quote_request_page.quote_request.submit,Wyślij zapytanie,pl_PL
quote_request_page.quote_request.metadata.label.note,Notatki,pl_PL
quote_request_page.quote_request.metadata.label.delivery_date,Nie wysyłaj później niż,pl_PL
quote_request_page.quote_request.metadata.label.purchase_order_number,Numer zamówienia zakupu,pl_PL
quote_request_page.quote_request.violations.invalid_date,Ta data powinna być późniejsza niż data bieżąca.,pl_PL
quote_request_page.quote_request.created,Zapytanie ofertowe zostało pomyślnie utworzone.,pl_PL
quote_request_page.quote_request.list.reference,#Numer,pl_PL
quote_request_page.quote_request.list.company,Firma,pl_PL
quote_request_page.quote_request.list.business_unit,Jednostka biznesowa,pl_PL
quote_request_page.quote_request.list.owner,Właściciel,pl_PL
quote_request_page.quote_request.list.total,Suma,pl_PL
quote_request_page.quote_request.list.date,Data,pl_PL
quote_request_page.quote_request.list.status,Status,pl_PL
quote_request_page.quote_request.list.actions,Akcje,pl_PL
quote_request_page.quote_request.labels.date,Data,pl_PL
quote_request_page.quote_request.labels.status,Status,pl_PL
quote_request_page.quote_request.labels.valid_till,Ważne do,pl_PL
quote_request_page.quote_request.labels.show_latest_version,Pokaż klientowi najnowszą wersję,pl_PL
quote_request_page.quote_request.labels.latest_version_is_hidden,Najnowsza wersja jest ukryta przed klientem,pl_PL
quote_request_page.quote_request.labels.latest_version_is_visible,Najnowsza wersja jest widoczna dla klienta,pl_PL
quote_request_page.quote_request.labels.history,Historia,pl_PL
quote_request_page.quote_request.labels.customer,Klient,pl_PL
quote_request_page.quote_request.labels.company,Firma,pl_PL
quote_request_page.quote_request.labels.business_unit,Jednostka biznesowa,pl_PL
quote_request_page.quote_request.labels.information,Informacje o zapytaniu ofertowym,pl_PL
quote_request_page.quote_request.labels.version_information,Informacje o wersji,pl_PL
quote_request_page.quote_request.actions.view,Zobacz,pl_PL
quote_request_page.quote_request.actions.cancel,Anuluj,pl_PL
quote_request_page.quote_request.actions.cancel_changes,Anuluj,pl_PL
quote_request_page.quote_request.actions.save,Zapisz,pl_PL
quote_request_page.quote_request.actions.back_to_list,Powrót do listy,pl_PL
quote_request_page.quote_request.actions.back_to_view,Powrót do widoku,pl_PL
quote_request_page.quote_request.actions.send_to_customer,Wyślij do klienta,pl_PL
quote_request_page.quote_request.actions.send_to_agent,Wyślij do agenta,pl_PL
quote_request_page.quote_request.actions.save_and_back_to_edit,Zapisz i wróć do edycji,pl_PL
quote_request_page.quote_request.actions.convert_to_cart,Przekształć w koszyk,pl_PL
quote_request_page.quote_request.actions.revise,Popraw,pl_PL
quote_request_page.quote_request.actions.edit,Edytuj,pl_PL
quote_request_page.quote_request.actions.edit_items,Edytuj pozycje,pl_PL
quote_request_page.quote_request.view.empty,Nie masz jeszcze żadnych zapytań ofertowych.,pl_PL
quote_request_page.quote_request.updated,Zapytanie ofertowe zostało pomyślnie zaktualizowane.,pl_PL
quote_request_page.quote_request.sent_to_customer,Zapytanie ofertowe zostało pomyślnie wysłane do klienta.,pl_PL
quote_request_page.quote_request.sent_to_user,Zapytanie ofertowe zostało pomyślnie przekazane agentowi do obsługi.,pl_PL
quote_request_page.quote_request.use_default_price,Użyj ceny domyślnej,pl_PL
quote_request_page.quote_request.converted_to_cart,Zapytanie ofertowe zostało pomyślnie przekształcone w koszyk.,pl_PL
quote_request_page.quote_request.edit_items_confirm,"Edytujesz zapytanie ofertowe <a href=""%link%"">%reference%</a>; jeśli je opuścisz, wszystkie zmiany zostaną utracone.",pl_PL
quote_request_page.quote_request.source_price_changes_forbidden,"Nie możesz edytować cen w tym zapytaniu ofertowym, ponieważ jest nieprawidłowe.",pl_PL
quote_request.status.waiting,Oczekuje,pl_PL
quote_request.status.in-progress,W toku,pl_PL
quote_request.status.ready,Gotowe,pl_PL
quote_request.status.canceled,Anulowane,pl_PL
quote_request.status.closed,Zamknięte,pl_PL
quote_request.status.draft,Wersja robocza,pl_PL
quote_request.validation.success.canceled,Zapytanie ofertowe zostało pomyślnie anulowane.,pl_PL
quote_request.validation.converted_to_cart.success,Zapytanie ofertowe zostało pomyślnie przekształcone w koszyk.,pl_PL
quote_request.validation.error.not_exists,To zapytanie ofertowe nie istnieje.,pl_PL
quote_request.validation.error.wrong_status,Nieprawidłowy status zapytania ofertowego dla tej operacji.,pl_PL
quote_request.validation.error.company_user_not_found,Nie znaleziono użytkownika firmy.,pl_PL
quote_request.validation.error.empty_cart,Nie można utworzyć zapytania ofertowego z pustego koszyka.,pl_PL
quote_request.checkout.validation.error.version_not_found,Nie znaleziono wersji zapytania ofertowego.,pl_PL
quote_request.checkout.validation.error.not_found,Nie znaleziono zapytania ofertowego.,pl_PL
quote_request.checkout.validation.error.wrong_status,Zapytanie ofertowe ma w tej chwili nieprawidłowy status.,pl_PL
quote_request.checkout.validation.error.wrong_version,Wersja zapytania ofertowego dla tego koszyka jest nieaktualna.,pl_PL
quote_request.checkout.validation.error.wrong_valid_until,"Zapytanie ofertowe, z którego utworzono ten koszyk, nie jest już aktualne.",pl_PL
quote_request.checkout.convert.error.wrong_valid_until,Zapytanie ofertowe nie jest już aktualne.,pl_PL
quote_request.update.validation.error.wrong_valid_until,"Termin ważności tego zapytania ofertowego już minął. Zmień datę, aby wysłać je do klienta.",pl_PL
quote_request.update.validation.concurrent,Nie udało się zaktualizować zapytania ofertowego z powodu równoległej aktywności innego klienta.,pl_PL
agent.account.overview,Przegląd,pl_PL
agent.account.quote_request,Zapytania ofertowe,pl_PL
agent.account.page_title,Agent,pl_PL
agent.account.profile_data,Profil agenta,pl_PL
quote_request_agent_widget.quote_request,Zapytanie ofertowe,pl_PL
quote_request_agent_widget.items,Pozycje,pl_PL
quote_request_agent_widget.no_request_created,Nie masz jeszcze żadnych zapytań ofertowych.,pl_PL
quote_request_agent_widget.create_new_request,Nowe zapytanie ofertowe,pl_PL
quote_request_agent_widget.view_all_requests,Zobacz wszystkie wnioski,pl_PL
quote_request_agent_widget.form.select_customer,Wybierz klienta,pl_PL
quote_request_agent_page.form.invalid_price,Nieprawidłowa cena.,pl_PL
permission.name.PlaceOrderPermissionPlugin,Kupuj do sumy całkowitej (wymaga „Wyślij koszyk do zatwierdzenia”),pl_PL
permission.name.RequestQuoteApprovalPermissionPlugin,Wyślij koszyk do zatwierdzenia (wymaga „Kupuj do sumy całkowitej”),pl_PL
permission.name.ApproveQuotePermissionPlugin,Zatwierdzaj do sumy całkowitej,pl_PL
company_page.multi_currency_type.name.cent_amount.EUR,Kwota w centach,pl_PL
company_page.multi_currency_type.name.cent_amount.CHF,Kwota w centymach,pl_PL
company_page.multi_currency_type.label,Skonfiguruj uprawnienie,pl_PL
company_page.company_role_permission.permission_not_found_error,Nie znaleziono uprawnienia,pl_PL
company_page.company_role_permission.permission_save_error,Konfiguracja uprawnień nie została zaktualizowana,pl_PL
company_page.company_role_permission.permission_save_success,Konfiguracja uprawnień została zaktualizowana,pl_PL
quote.validation.error.price_mode_is_missing,Brak trybu ceny,pl_PL
quote.validation.error.price_mode_is_incorrect,Nieprawidłowy tryb ceny,pl_PL
quote.validation.error.currency_is_missing,Brak waluty,pl_PL
quote.validation.error.currency_is_incorrect,Nieprawidłowy tryb waluty,pl_PL
resource_share.activator.error.strategy_expects_logged_in_customer,"Zaloguj się, aby uzyskać dostęp do żądanego udostępnionego zasobu.",pl_PL
resource_share.reader.error.resource_is_not_found_by_provided_uuid,Nie znaleziono zasobu o podanym UUID.,pl_PL
resource_share.generation.error.resource_type_is_not_defined,Typ zasobu nie został zdefiniowany.,pl_PL
resource_share.generation.error.customer_reference_is_not_defined,Numer klienta nie został określony.,pl_PL
resource_share.validation.error.resource_share_is_expired,Udostępnienie zasobu wygasło.,pl_PL
resource-share.link.error.no-route,Trasa przekierowania nie może być pusta.,pl_PL
persistent_cart_share.error.resource_is_not_available,"Koszyk, do którego próbujesz uzyskać dostęp, jest niedostępny.",pl_PL
persistent_cart_share.error.quote_is_not_available,"Koszyk, do którego próbujesz uzyskać dostęp, jest niedostępny.",pl_PL
persistent_cart_share.share_options.external.PREVIEW,,pl_PL
persistent_cart_share.share_options.internal.READ_ONLY,Tylko do odczytu,pl_PL
persistent_cart_share.share_options.internal.FULL_ACCESS,Pełny dostęp,pl_PL
persistent_cart_share.copy,Kopiuj,pl_PL
persistent_cart_share.external_users,Użytkownicy zewnętrzni,pl_PL
persistent_cart_share.internal_users,Użytkownicy wewnętrzni,pl_PL
persistent_cart_share.title,Udostępnij koszyk linkiem,pl_PL
clipboard.copy.success,Skopiowano do schowka!,pl_PL
clipboard.copy.error,Twoja przeglądarka nie obsługuje kopiowania do schowka. Spróbuj skopiować tekst ręcznie.,pl_PL
persistent_cart_share_page.preview,Podgląd: %title%,pl_PL
shared_cart.resource_share.strategy.error.cart_access_denied,Adres URL koszyka jest nieprawidłowy — spróbuj zalogować się na inne konto użytkownika firmy.,pl_PL
shared_cart.resource_share.strategy.error.unable_to_share_cart,Nie można udostępnić koszyka podanemu klientowi.,pl_PL
shared_cart.resource_share.strategy.success.cart_share_access_updated,Poziom dostępu został zaktualizowany.,pl_PL
category.office.furniture,Meble biurowe,pl_PL
comment.validation.error.comment_not_found,Nie znaleziono komentarza.,pl_PL
comment.validation.error.access_denied,Brak dostępu.,pl_PL
comment.validation.error.comment_thread_not_found,Nie znaleziono wątku komentarzy.,pl_PL
comment.validation.error.comment_thread_already_exists,Wątek komentarzy już istnieje.,pl_PL
comment.validation.error.invalid_message_length,Nieprawidłowa długość wiadomości.,pl_PL
comment.validation.error.comment_tag_not_available,Tag komentarza jest niedostępny.,pl_PL
comment.validation.error.customer_not_set,Nie można utworzyć komentarza bez prawidłowego klienta,pl_PL
comment.validation.error.company_user_not_set,Nie można utworzyć komentarza bez prawidłowego użytkownika firmy,pl_PL
comment.validation.error.owner_not_set,Nie można utworzyć komentarza dla nieznanego %owner%,pl_PL
comment_widget.comments_to_cart,Komentarze do koszyka,pl_PL
comment_widget.form.add_comment,Dodaj,pl_PL
comment_widget.form.update_comment,Zaktualizuj,pl_PL
comment_widget.form.remove_comment,Usuń,pl_PL
comment_widget.form.edit_comment,Edytuj,pl_PL
comment_widget.form.cancel_comment,Anuluj,pl_PL
comment_widget.form.you,Ty,pl_PL
comment_widget.form.attach,Załącz,pl_PL
comment_widget.form.unattach,Odłącz,pl_PL
comment_widget.form.all,Wszystko,pl_PL
comment_widget.form.attached,Załączone,pl_PL
comment_widget.form.button_default,Przycisk,pl_PL
comment_widget.form.edited,edytowane,pl_PL
comment_widget.form.tags,Tagi,pl_PL
comment_widget.form.placeholder.add_comment,Napisz komentarz,pl_PL
comment_widget.tags.all,Wszystko,pl_PL
comment_widget.tags.delivery,Dostawa,pl_PL
comment_widget.tags.important,Ważne,pl_PL
comment_widget.error_message.unexpected_error,Wystąpił nieoczekiwany błąd.,pl_PL
shipment.validation.not_found,Nie znaleziono metody dostawy.,pl_PL
billing.address.validation.is_missing,Brak adresu rozliczeniowego,pl_PL
billing.address.country.validation.not_found,Nie znaleziono kraju adresu rozliczeniowego dla kodu kraju: %code%,pl_PL
shipping.address.country.validation.not_found,Nie znaleziono kraju adresu dostawy dla kodu kraju: %code%,pl_PL
product_search_widget.search.product_discontinued_prefix,[Wycofany],pl_PL
configurable_bundle.template.name.1,Zestaw biurowy,pl_PL
configurable_bundle.template.name.2,Zestaw prezentacyjny,pl_PL
configurable_bundle.template_slots.slot-1.name,Slot 1,pl_PL
configurable_bundle.template_slots.slot-2.name,Slot 2,pl_PL
configurable_bundle.template_slots.slot-3.name,Slot 3,pl_PL
configurable_bundle.template_slots.slot-4.name,Slot 4,pl_PL
configurable_bundle.template_slots.slot-5.name,Slot 5,pl_PL
configurable_bundle.template_slots.slot-6.name,Slot 6,pl_PL
configurable_bundle.template.validation.error.not_exists,Szablon zestawu konfigurowalnego nie istnieje.,pl_PL
configurable_bundle.slot.validation.error.not_exists,Slot szablonu zestawu konfigurowalnego nie istnieje.,pl_PL
configurable_bundle.template.validation.error.already_activated,Szablon zestawu konfigurowalnego jest już aktywny.,pl_PL
configurable_bundle.template.validation.error.already_deactivated,Szablon zestawu konfigurowalnego jest już dezaktywowany.,pl_PL
configured_bundle.quantity,Ilość:,pl_PL
configured_bundle.multiplier,x,pl_PL
configured_bundle.price,Cena pozycji:,pl_PL
configured_bundle.bundle_total,Suma zestawu:,pl_PL
configured_bundle.total,Suma pozycji:,pl_PL
configured_bundle.remove,usuń,pl_PL
configured_bundle.order.items,Pozycje w zestawie:,pl_PL
configured_bundle.item_sku,SKU:,pl_PL
configured_bundle_cart.error.configured_bundle_not_found,Nie znaleziono w koszyku skonfigurowanego zestawu o podanym sku.,pl_PL
configured_bundle_cart.error.configured_bundle_cannot_be_removed,Nie można usunąć skonfigurowanego zestawu z koszyka.,pl_PL
configured_bundle_cart.error.configured_bundle_cannot_be_updated,Nie można zaktualizować skonfigurowanego zestawu.,pl_PL
configured_bundle_cart.error.configured_bundle_cannot_be_added,Nie można dodać skonfigurowanego zestawu do koszyka.,pl_PL
configured_bundle_widget.configured_bundle.removed,Skonfigurowany zestaw został pomyślnie usunięty.,pl_PL
configured_bundle_widget.configured_bundle.updated,Skonfigurowany zestaw został pomyślnie zaktualizowany.,pl_PL
product_search_widget.search.no_results,Nie znaleziono produktów.,pl_PL
configurable_bundle_page.select,Wybierz,pl_PL
configurable_bundle_page.unselect,Odznacz,pl_PL
configurable_bundle_page.edit,Edytuj,pl_PL
configurable_bundle_page.configurator,Konfigurator,pl_PL
configurable_bundle_page.configurable_bundle_list,Lista zestawów konfigurowalnych,pl_PL
configurable_bundle_page.choose_bundle_to_configure,Wybierz zestaw do skonfigurowania,pl_PL
configurable_bundle_page.configurator.templates_not_found,Brak dostępnych szablonów.,pl_PL
configurable_bundle_page.template_not_found,Nie znaleziono szablonu zestawu konfigurowalnego.,pl_PL
configurable_bundle_page.invalid_template_slot_combination,Nieprawidłowa kombinacja szablonu i slotu.,pl_PL
configurable_bundle_page.configurator.tip.header,Utwórz własny zestaw.,pl_PL
configurable_bundle_page.configurator.tip.text,"Aby utworzyć zestaw, wybierz slot po lewej stronie, a następnie wybierz produkt z listy.",pl_PL
configurable_bundle_page.configurator.selected_product,Wybrany produkt,pl_PL
configurable_bundle_page.configurator.summary,Podsumowanie,pl_PL
configurable_bundle_page.configurator.add_to_cart,Dodaj do koszyka,pl_PL
configurable_bundle_page.configurator.summary_page_locked,"Aby przejść do strony podsumowania, należy skonfigurować produkt dla co najmniej jednego slotu.",pl_PL
configurable_bundle_page.configurator.summary_page_total,Suma,pl_PL
configurable_bundle_page.configurator.added_to_cart,Skonfigurowany zestaw został pomyślnie dodany do koszyka.,pl_PL
configurable_bundle_page.configurator.slot_became_unavailable,Skonfigurowany slot o ID '%id%' stał się niedostępny.,pl_PL
configurable_bundle_page.configurator.product_became_unavailable,Produkt o SKU '%sku%' skonfigurowany dla slotu o ID '%id%' stał się niedostępny.,pl_PL
configurable_bundle_page.configurator.sku,Sku:,pl_PL
configurable_bundle_page.configurator.slot_page.title,Szybko i łatwo utwórz własny zestaw za pomocą naszego konfiguratora,pl_PL
configurable_bundle_page.configurator.slot_page.back_link,Powrót do zestawów,pl_PL
agent_page.error.customer_already_logged_in,"Jesteś już zalogowany jako klient, najpierw się wyloguj, a potem kontynuuj",pl_PL
configurable_bundle_note.enter_note,Dodaj komentarz,pl_PL
configurable_bundle_note.note,Notatka skonfigurowanego zestawu:,pl_PL
configurable_bundle_note.form.save,Zapisz,pl_PL
configurable_bundle_note.note_added,Notatka została pomyślnie dodana do skonfigurowanego zestawu,pl_PL
sales_configured_bundle_widget.success.items_added_to_cart_as_individual_products,Uwaga: pozycje ze skonfigurowanego zestawu zostały dodane do koszyka jako pojedyncze produkty.,pl_PL
sales_configured_bundle.success.items_added_to_cart_as_individual_products,Uwaga: pozycje ze skonfigurowanego zestawu zostały dodane do koszyka jako pojedyncze produkty.,pl_PL
sales_configured_bundle_widget.returnable_state,Niepodlegający zwrotowi,pl_PL
sales_configured_bundle_widget.quantity,Ilość:,pl_PL
configured_bundle_widget.items,Pozycje,pl_PL
quantity_option.amount,(= %value% %name%),pl_PL
customer.account.shopping_list_item.error.product_not_active,Produkt nie jest aktywny.,pl_PL
order_custom_reference.reference_saved,Własny numer zamówienia został pomyślnie zapisany.,pl_PL
order_custom_reference.reference_not_saved,Własny numer zamówienia nie został zmieniony.,pl_PL
order_custom_reference.validation.error.message_invalid_length,Nieprawidłowa długość własnego numeru zamówienia.,pl_PL
order_custom_reference.title,Własny numer zamówienia,pl_PL
order_custom_reference.form.placeholder,Dodaj własny numer zamówienia,pl_PL
order_custom_reference.save,Zapisz,pl_PL
cart.item.sales_unit.not_found,Nie znaleziono jednostki sprzedaży dla produktu o SKU '%sku%'.,pl_PL
cart.item.packaging_unit.not_found,Nie znaleziono jednostki opakowaniowej dla produktu o SKU '%sku%'.,pl_PL
quote_request_agent_page.checkout.step.save_rfq.title,Zapisz zapytanie ofertowe,pl_PL
quote_request_page.quote_request.saved,Zapytanie ofertowe zostało pomyślnie zapisane.,pl_PL
quote_request_page.quote_request.actions.edit_address,Edytuj adres,pl_PL
quote_request_page.quote_request.actions.edit_shipment,Edytuj przesyłkę,pl_PL
quote_request_page.quote_request.edit_address_confirm,"Edytujesz zapytanie ofertowe <a href=""%link%"">%reference%</a>; jeśli je opuścisz, wszystkie zmiany zostaną utracone.",pl_PL
quote_request_page.quote_request.edit_shipment_confirm,"Edytujesz zapytanie ofertowe <a href=""%link%"">%reference%</a>; jeśli je opuścisz, wszystkie zmiany zostaną utracone.",pl_PL
quote_request_page.quote_request.shipment_counter,Przesyłka %index% z %length%,pl_PL
quote_request_page.quote_request.empty_shipment_data,Nie podano adresu ani metody dostawy.,pl_PL
quote_request_page.quote_request.title_create,Utwórz zapytanie ofertowe,pl_PL
quote_request_page.quote_request.title_edit,Edytuj #%id%,pl_PL
quote_request_page.quote_request.title_attention,Uwaga,pl_PL
quote_request_page.quote_request.title_addresses,Adresy,pl_PL
quote_request_page.quote_request.title_billing_address,Adres rozliczeniowy,pl_PL
quote_request_page.quote_request.title_delivery_address,Adres dostawy,pl_PL
quote_request_page.quote_request.title_shipment_method,Metoda dostawy,pl_PL
quote_request_page.quote_request.breadcrumb.create,Utwórz,pl_PL
quote_request_page.quote_request.breadcrumb.edit,Edytuj,pl_PL
quote_request_page.quote_request.breadcrumb.attention,Uwaga,pl_PL
quote_request_page.quote_request.multiple_delivery_address,Wiele adresów dostawy.,pl_PL
quote_request_page.quote_request.multiple_shipment_method,Wiele metod dostawy.,pl_PL
quote_request_page.quote_request.empty_page,Twoja wycena jest pusta!,pl_PL
quote_request_page.quote_request.empty_delivery_address,Nie dodano adresu dostawy.,pl_PL
quote_request_page.quote_request.empty_address,Nie dodano adresu.,pl_PL
quote_request_page.quote_request.empty_shipment_method,Nie dodano metody dostawy.,pl_PL
quote_request_page.quote_request.cta_add_address,Dodaj adres,pl_PL
quote_request_page.quote_request.cta_edit_address,Edytuj adres,pl_PL
quote_request_page.quote_request.cta_add_shipment_method,Dodaj metodę dostawy,pl_PL
quote_request_page.quote_request.cta_edit_shipment_method,Edytuj metodę dostawy,pl_PL
quote_request_page.quote_request.item,%count% pozycja(e),pl_PL
quote_request_page.quote_request.shipments,Przesyłki,pl_PL
checkout.step.summary.shipment_costs_total,Suma przesyłki,pl_PL
maintenance.search.gui_is_not_set_up,"Aby móc przeglądać dane wyszukiwania, zainstaluj moduł GUI odpowiedni dla Twojego dostawcy wyszukiwania (np. spryker/search-elasticsearch-gui dla Elasticsearch).",pl_PL
customer.order.number_of_items,Liczba pozycji,pl_PL
customer.order.reference,Numer referencyjny,pl_PL
customer.order.email,E-mail,pl_PL
customer.order.company_user,Użytkownik firmy,pl_PL
customer.order_history.search_type.all,Wszystko,pl_PL
customer.order_history.search_type.orderReference,Numer zamówienia,pl_PL
customer.order_history.search_type.itemName,Nazwa produktu,pl_PL
customer.order_history.search_type.itemSku,SKU produktu,pl_PL
customer.order_history.search,Szukaj,pl_PL
customer.order_history.date_from,Od,pl_PL
customer.order_history.date_to,Do,pl_PL
customer.order_history.apply,Zastosuj,pl_PL
customer.order_history.is_order_items_visible,Pokaż produkty w wynikach wyszukiwania,pl_PL
customer.order_history.active_filters,Aktywne filtry:,pl_PL
customer.order_history.reset_all,Zresetuj wszystko,pl_PL
company_page.label.business_unit,Jednostka biznesowa,pl_PL
company_page.choice.my_orders,Moje zamówienia,pl_PL
company_page.choice.company_orders,Zamówienia firmy,pl_PL
permission.name.SeeCompanyOrdersPermissionPlugin,Zobacz zamówienia firmy,pl_PL
permission.name.EditCompanyOrdersPermissionPlugin,Edytuj zamówienia firmy,pl_PL
permission.name.EditBusinessUnitOrdersPermissionPlugin,Edytuj zamówienia jednostki biznesowej,pl_PL
permission.name.SeeBusinessUnitOrdersPermissionPlugin,Zobacz zamówienia jednostki biznesowej,pl_PL
customer.account.button.search_filters,Szukaj i filtruj,pl_PL
return.return_reasons.damaged.name,Uszkodzone,pl_PL
return.return_reasons.wrong-item.name,Nieprawidłowa pozycja,pl_PL
return.return_reasons.no_longer_needed.name,Już niepotrzebne,pl_PL
return.return_policy.returnable_till.message,Zwrot możliwy do: %date%,pl_PL
return_page.default_title,Zwroty,pl_PL
return_page.title,Utwórz zwrot,pl_PL
return_page.return_reasons.select_reason.placeholder,Wybierz powód,pl_PL
return_page.return_reasons.custom_reason.placeholder,Własny powód,pl_PL
return.return_policy.returnable_till.message,Zwrot możliwy do: %date%,pl_PL
cart_page.error_message.unexpected_error,Wystąpił nieoczekiwany błąd.,pl_PL
order_invoice.invoice_template.table.number,Poz.,pl_PL
order_invoice.invoice_template.table.quantity,Ilość,pl_PL
order_invoice.invoice_template.table.name,Pozycja,pl_PL
order_invoice.invoice_template.table.tax,Stawka podatku,pl_PL
order_invoice.invoice_template.table.price,Cena,pl_PL
order_invoice.invoice_template.table.subtotal,Suma częściowa,pl_PL
order_invoice.invoice_template.table.discount,Rabat,pl_PL
order_invoice.invoice_template.table.tax.included,w tym %tax_rate%% VAT netto,pl_PL
order_invoice.invoice_template.table.tax.name,VAT,pl_PL
order_invoice.invoice_template.table.grandtotal,Suma całkowita,pl_PL
order_invoice.invoice_template.reference,Numer faktury:,pl_PL
order_invoice.invoice_template.introduction,Niniejszym obciążamy Cię za następujące towary:,pl_PL
order_invoice.invoice_template.company.name,Spryker Systems GmbH Berlin,pl_PL
order_invoice.invoice_template.company.address,Julie-Wolfthorn-Straße 1<br>10115 Berlin <br> Niemcy,pl_PL
order_invoice.invoice_template.company.group,Unternehmensgruppe Spryker Systems GmbH	,pl_PL
order_invoice.invoice_template.merchant.name,Spryker Systems GmbH Berlin,pl_PL
order_invoice.invoice_template.merchant.address,Julie-Wolfthorn-Straße 1 + 10115 Berlin,pl_PL
order_invoice.invoice_template.table.total.net,Suma netto,pl_PL
return_page.list.title,Zwroty,pl_PL
return_page.account.no_return,Nie znaleziono zwrotów!,pl_PL
return_page.account.no_return_description,"Tutaj znajdziesz swoje zwroty i będziesz nimi zarządzać, gdy będą dostępne.",pl_PL
return_page.account.no_return,W tej chwili brak zwrotów,pl_PL
return_page.return.return_ref,Numer zwrotu,pl_PL
return_page.return.order_ref,Numer zamówienia,pl_PL
return_page.return.number_of_items,Liczba pozycji,pl_PL
return_page.return.date,Data zwrotu,pl_PL
return_page.return.items_state,Stan pozycji,pl_PL
return_page.return.view_return,Zobacz zwrot,pl_PL
return_page.return.print_return,Drukuj dokument,pl_PL
return_page.breadcrumb.returns,Zwroty,pl_PL
return_page.breadcrumb.create_return,Utwórz zwrot,pl_PL
return_page.details.page_title,Szczegóły zwrotu,pl_PL
return_page.details.actions.back_to_list,Powrót do listy,pl_PL
return_page.details.actions.print_slip,Drukuj dokument,pl_PL
return_page.details.total.items_to_return,Pozycje do zwrotu,pl_PL
return_page.details.total.items_to_return.count,pozycje,pl_PL
return_page.details.total.remuneration_total,Suma wynagrodzenia,pl_PL
return_page.item.options,Opcje produktu:,pl_PL
return_page.table.actions,Akcje,pl_PL
return_page.button.return_list,Zwroty,pl_PL
return_page.return_reasons.title,Powód:,pl_PL
return_page.return_reasons.empty,—,pl_PL
return_page.return.created,Zwrot został pomyślnie utworzony,pl_PL
return_page.return.title,Utwórz zwrot,pl_PL
return_page.order_reference,Nr zamówienia:,pl_PL
return_page.order_date,Data zamówienia:,pl_PL
return_page.return_reference,Nr zwrotu:,pl_PL
return_page.return_date,Data zwrotu:,pl_PL
return_page.button_text,Utwórz zwrot,pl_PL
return_page.item_sku,SKU:,pl_PL
return_page.quantity,Ilość:,pl_PL
return_page.returnable_state,Niepodlegający zwrotowi,pl_PL
return_page.create_return.validation.selected_items,Należy wybrać co najmniej jeden produkt.,pl_PL
return_page.button.create_return,Zwrot,pl_PL
return_page.slip.return_reference,Nr zwrotu,pl_PL
return_page.slip.return_date,Data zwrotu,pl_PL
return_page.slip.order_reference,Nr zamówienia,pl_PL
return_page.slip.barcode,Kod kreskowy,pl_PL
return_page.slip.product_sku,SKU produktu,pl_PL
return_page.slip.product_name,Nazwa produktu,pl_PL
return_page.slip.default_price,Cena domyślna,pl_PL
return_page.slip.quantity,Szt.,pl_PL
return_page.slip.total_price,Cena łączna,pl_PL
return_page.slip.return_reason,Powód zwrotu,pl_PL
return_page.slip.items_to_return,Pozycje do zwrotu,pl_PL
return_page.slip.remuneration_total,Suma wynagrodzenia,pl_PL
sales_product_bundle_widget.returnable_text,Zwrot możliwy do:,pl_PL
sales_product_bundle_widget.returnable_state,Niepodlegający zwrotowi,pl_PL
sales_product_bundle_widget.item_sku,SKU:,pl_PL
sales_product_bundle_widget.quantity,Ilość:,pl_PL
sales_product_bundle_widget.item.options,Opcje produktu:,pl_PL
oms.state.new,Nowy,pl_PL
oms.state.waiting,Oczekuje,pl_PL
oms.state.in-progress,W toku,pl_PL
oms.state.ready,Gotowe,pl_PL
oms.state.canceled,Anulowane,pl_PL
oms.state.closed,Zamknięte,pl_PL
oms.state.draft,Wersja robocza,pl_PL
oms.state.payment-pending,Płatność oczekująca,pl_PL
oms.state.paid,Zapłacone,pl_PL
oms.state.confirmed,Potwierdzone,pl_PL
oms.state.exported,Wyeksportowane,pl_PL
oms.state.shipped,Wysłane,pl_PL
oms.state.delivered,Dostarczone,pl_PL
oms.state.payout-failed,Wypłata dla sprzedawcy nie udała się,pl_PL
oms.state.ready-for-return,Gotowe do zwrotu,pl_PL
oms.state.refunded,Zwrócono płatność,pl_PL
oms.state.returned,Zwrócone,pl_PL
oms.state.waiting-for-return,Oczekuje na zwrot,pl_PL
oms.state.shipped-to-customer,Wysłane do klienta,pl_PL
oms.state.sent-to-merchant,Wysłane do sprzedawcy,pl_PL
oms.state.shipped-by-merchant,Wysłane przez sprzedawcę,pl_PL
oms.state.return-canceled,Zwrot anulowany,pl_PL
oms.state.invoice-generated,Faktura wygenerowana,pl_PL
oms.state.invoice-generated,Faktura wygenerowana,pl_PL
oms.state.reservation-cancelled,Rezerwacja anulowana,pl_PL
oms.state.reservation-cancellation-pending,Anulowanie rezerwacji oczekuje,pl_PL
oms.state.tax-pending,Podatek oczekujący,pl_PL
return.create_return.validation.returnable_items_error,"Nie można utworzyć zwrotu, ponieważ zawiera pozycje niepodlegające zwrotowi",pl_PL
return.create_return.validation.store_error,Nie można utworzyć zwrotu — wybrano nieprawidłowy sklep,pl_PL
return.create_return.validation.items_error,Nie można utworzyć zwrotu dla tego zestawu pozycji,pl_PL
form.csrf.error.text,Coś poszło nie tak. Przepraszamy.,pl_PL
checkbox-select-all.title,Wybierz wszystko,pl_PL
sales.error.customer_order_not_found,Nie znaleziono zamówienia klienta.,pl_PL
sales.error.order_cannot_be_canceled_due_to_wrong_item_state,Nie można anulować zamówienia z powodu nieprawidłowego stanu pozycji.,pl_PL
order_cancel_widget.cancel_order,Anuluj zamówienie,pl_PL
order_cancel_widget.order.cancelled,Zamówienie zostało pomyślnie anulowane.,pl_PL
product_cart_item.remove,× usuń,pl_PL
mail.trans.availability_notification.subtitle,Koniec czekania! Dodaj ten produkt do koszyka już teraz.,pl_PL
mail.trans.availability_notification.title.part2,jest znowu dostępny!,pl_PL
mail.trans.availability_notification_subscription.subtitle,"Otrzymasz e-mail, gdy produkt będzie znowu dostępny.",pl_PL
mail.trans.availability_notification_subscription.title,Właśnie poinformowaliśmy nasz dział zakupów o Twojej subskrypcji!,pl_PL
mail.trans.availability_notification_unsubscribed.subtitle,"Nie otrzymasz powiadomienia, gdy produkt będzie znowu dostępny.",pl_PL
mail.trans.availability_notification_unsubscribed.title.part1,Twoja subskrypcja,pl_PL
mail.trans.availability_notification_unsubscribed.title.part2,został anulowany,pl_PL
mail.trans.common.go_to_shop,Przejdź do sklepu,pl_PL
mail.trans.common.hello_for_first_name,Witaj,pl_PL
mail.trans.common.my_account,Moje konto,pl_PL
mail.trans.customer_registration.change_info,"Swoje dane (adres dostawy, adres e-mail, hasło itp.) możesz zmienić w sekcji Moje konto",pl_PL
mail.trans.customer_registration.registration_success,Twoja rejestracja w Spryker Shop zakończyła się pomyślnie!,pl_PL
mail.trans.customer_registration.title,Dziękujemy za rejestrację w Spryker Shop!,pl_PL
mail.trans.customer_restored_password_confirmation.title,Twoje hasło zostało pomyślnie zmienione,pl_PL
mail.trans.customer_restore_password.change_password,Zmień hasło,pl_PL
mail.trans.customer_restore_password.subtitle,"Ktoś poprosił o nowe hasło do Twojego konta Spryker Shop. Jeśli to nie Ty, zignoruj tę wiadomość. Jeśli to Ty, wykonaj instrukcje w przycisku poniżej.",pl_PL
mail.trans.customer_restore_password.title,Nowe hasło do Twojego konta Spryker Shop,pl_PL
mail.trans.footer.contact_email_address,info@spryker.com,pl_PL
mail.trans.footer.if_you_have_further_questions,"Jeśli masz dalsze pytania, skontaktuj się z naszym biurem obsługi klienta pod adresem",pl_PL
mail.trans.footer.shop_address,Julie-Wolfthorn-Strasse 1,pl_PL
mail.trans.footer.shop_city,Berlin,pl_PL
mail.trans.footer.shop_name,Spryker Systems GmbH,pl_PL
mail.trans.footer.shop_phone,+49 (0) 30 208 498 350,pl_PL
mail.trans.footer.shopping_experience,Życzymy udanych zakupów.,pl_PL
mail.trans.footer.shop_zip_code,10115,pl_PL
mail.trans.footer.your_team,Twój zespół Spryker!,pl_PL
mail.trans.header.shop_name,Spryker Shop,pl_PL
mail.trans.newsletter_subscribed.subtitle,"Dołożymy wszelkich starań, aby dostarczać najbardziej trafne i interesujące informacje oraz aktualności.",pl_PL
mail.trans.newsletter_subscribed.title,"Cieszymy się, że zapisałeś się do naszego newslettera.",pl_PL
mail.trans.newsletter_unsubscribed.subtitle,Twój adres e-mail został wypisany z newslettera Spryker Shop. Zawsze możesz zarządzać subskrypcją w swoim profilu klienta.,pl_PL
mail.trans.newsletter_unsubscribed.title,"Przykro nam, że odchodzisz...",pl_PL
mail.trans.order.billing_address,Adres rozliczeniowy,pl_PL
mail.trans.order.delivery_address,Adres dostawy,pl_PL
mail.trans.order.delivery_method,Metoda dostawy,pl_PL
mail.trans.order.discounts_total,Rabaty,pl_PL
mail.trans.order.grand_total,Suma całkowita,pl_PL
mail.trans.order.order_date,Data zamówienia,pl_PL
mail.trans.order.order_details,Szczegóły zamówienia,pl_PL
mail.trans.order.order_reference,Numer zamówienia,pl_PL
mail.trans.order.quantity,Szt.,pl_PL
mail.trans.order.requested_delivery_date,Żądana data dostawy,pl_PL
mail.trans.order.shipment_costs_total,Koszty dostawy (razem),pl_PL
mail.trans.order.shipment_for_number.part1,Przesyłka,pl_PL
mail.trans.order.shipment_for_number.part2,z,pl_PL
mail.trans.order.subtotal,Suma częściowa,pl_PL
mail.trans.order.taxes,Podatki,pl_PL
mail.trans.order_confirmation.subtitle,"Informujemy, że otrzymaliśmy Twoje zamówienie. Potwierdzenie wysyłki otrzymasz e-mailem, gdy tylko zamówienie zostanie nadane. Mamy nadzieję, że zamówienie Ci się spodoba, a jeśli zmienisz zdanie, możesz je zwrócić w ciągu 14 dni.",pl_PL
mail.trans.order_confirmation.title,Dziękujemy za zakupy w Spryker Shop!,pl_PL
mail.trans.restore_password.change_password,Zmień hasło,pl_PL
mail.trans.restore_password.subtitle,"Ktoś poprosił o nowe hasło do Twojego konta Spryker Back Office. Jeśli to nie Ty, zignoruj tę wiadomość. Jeśli to Ty, wykonaj instrukcje w przycisku poniżej",pl_PL
mail.trans.restore_password.title,Nowe hasło do Twojego konta Spryker Back Office,pl_PL
mail.trans.order_shipped.title,Twoje zamówienie jest w drodze!,pl_PL
mail.trans.company_status.title,Status Twojej firmy został zmieniony na,pl_PL
mail.trans.customer_registration.confirmation_link,Zweryfikuj swój adres e-mail,pl_PL
mail.customer.customer_email_change_verification.text,"Zweryfikuj swój adres e-mail, klikając",pl_PL
mail.customer.customer_email_change_notification.text,"Informujemy, że adres e-mail powiązany z Twoim kontem został pomyślnie zmieniony. Jeśli to Ty dokonałeś tej zmiany, nie musisz nic robić. Jeśli jednak nie prosiłeś o tę zmianę, natychmiast skontaktuj się z właścicielem sklepu, aby zabezpieczyć swoje konto.",pl_PL
mail.customer.customer_email_change_notification.subject,Twój adres e-mail został zmieniony,pl_PL
mail.customer.customer_email_change_verification.subject,Zweryfikuj swój adres e-mail,pl_PL
password.weak,Słabe,pl_PL
password.medium,Średni,pl_PL
password.strong,Silne,pl_PL
password.very_strong,Bardzo silne,pl_PL
password.message,Spróbuj wydłużyć hasło albo dodać cyfry lub symbole.,pl_PL
customer.password.error.deny_list,To hasło jest uznawane za powszechne. Użyj innego.,pl_PL
customer.password.error.sequence,Powtórzyłeś ten sam znak zbyt wiele razy.,pl_PL
customer.password.error.character_set,"Hasło musi zawierać co najmniej 1 znak z każdej dozwolonej grupy: wielka litera, mała litera, cyfra i znak specjalny.",pl_PL
error.429,Zbyt wiele żądań,pl_PL
security_blocker_page.error.account_blocked,"Zbyt wiele prób logowania z Twojego adresu. Odczekaj %minutes% minut, zanim spróbujesz ponownie.",pl_PL
security_blocker_backoffice_gui.error.account_blocked,"Zbyt wiele prób logowania z Twojego adresu. Odczekaj %minutes% minut, zanim spróbujesz ponownie.",pl_PL
security_blocker_merchant_portal_gui.error.account_blocked,"Zbyt wiele prób logowania z Twojego adresu. Odczekaj %minutes% minut, zanim spróbujesz ponownie.",pl_PL
payment_foreign.thank_you,Dziękujemy,pl_PL
payment_foreign.go_to_my_account,"Przejdź do ""Moje konto""",pl_PL
payment_foreign.success.order.placement.message,Twoje zamówienie zostało pomyślnie opłacone. E-mail z potwierdzeniem otrzymasz w ciągu kilku minut. Zamówienie możesz sprawdzić i śledzić na swoim koncie.,pl_PL
agent_page.error.customer_already_logged_in,"Jesteś już zalogowany jako klient, najpierw się wyloguj, a potem kontynuuj",pl_PL
customer.login.remember_me,Zapamiętaj mnie,pl_PL
merchant.sold_by,Sprzedawane przez:,pl_PL
merchant_search_widget.all_merchants,Wszyscy sprzedawcy,pl_PL
merchant_search_widget.merchants,Sprzedawcy,pl_PL
merchant_profile.email,Adres e-mail,pl_PL
merchant_profile.address,Adres,pl_PL
merchant_profile.phone,Telefon,pl_PL
merchant_profile.terms_and_conditions,Regulamin,pl_PL
merchant_profile.cancellation_policy,Polityka odstąpienia od umowy,pl_PL
merchant_profile.imprint,Nota prawna,pl_PL
merchant_profile.privacy,Ochrona danych,pl_PL
merchant_profile.delivery_time,Czas dostawy,pl_PL
merchant_profile.shop_merchant_products,Kup produkty sprzedawcy,pl_PL
merchant_product.message.invalid,"Nie znaleziono produktu ""%sku%"" u sprzedawcy ""%merchant_reference%"".",pl_PL
merchant_product.sold_by,Sprzedawane przez,pl_PL
merchant_product_offer.view_seller,Zobacz sprzedawcę,pl_PL
merchant_product_offer.sold_by,Sprzedawane przez,pl_PL
merchant_product_offer_widget.merchant_name,Sprzedawca,pl_PL
product-offer.info.product-offer-inactive.removed,Nieaktywna pozycja %sku% została usunięta z Twojego koszyka.,pl_PL
product-offer.info.reference.invalid,Nie znaleziono numeru oferty produktu dla produktu o SKU '%sku%'.,pl_PL
product-offer.message.not-active-or-approved,Oferta produktu nie jest aktywna dla produktu o SKU '%sku%'.,pl_PL
merchant_weekday_schedule.new_year,Nowy Rok,pl_PL
merchant_weekday_schedule.good_friday,Wielki Piątek,pl_PL
merchant_weekday_schedule.easter_sunday,Wielkanoc,pl_PL
merchant_weekday_schedule.easter_monday,Poniedziałek Wielkanocny,pl_PL
merchant_weekday_schedule.may_day,Święto Pracy,pl_PL
merchant_weekday_schedule.ascension_of_christ,Wniebowstąpienie Pańskie,pl_PL
merchant_weekday_schedule.whit_sunday,Zielone Świątki,pl_PL
merchant_weekday_schedule.whit_monday,Poniedziałek Zielonoświątkowy,pl_PL
merchant_weekday_schedule.corpus_christi,Boże Ciało,pl_PL
merchant_weekday_schedule.day_of_german_unity,Dzień Jedności Niemiec,pl_PL
merchant_weekday_schedule.all_saints_day,Wszystkich Świętych,pl_PL
merchant_weekday_schedule.1st_christmas_day,Pierwszy dzień Bożego Narodzenia,pl_PL
merchant_weekday_schedule.2nd_christmas_day,Drugi dzień Bożego Narodzenia,pl_PL
merchant_weekday_schedule.sunday_opening,Otwarte w niedzielę,pl_PL
merchant_opening_hours.opening_hours_title,Godziny otwarcia,pl_PL
merchant_opening_hours.special_opening_hours_title,Szczególne godziny otwarcia,pl_PL
merchant_opening_hours.public_holidays_title,Dni ustawowo wolne od pracy,pl_PL
merchant_opening_hours.opening_hours_closed,Zamknięte,pl_PL
merchant_opening_hours.day.title.monday,Poniedziałek,pl_PL
merchant_opening_hours.day.title.tuesday,Wtorek,pl_PL
merchant_opening_hours.day.title.wednesday,Środa,pl_PL
merchant_opening_hours.day.title.thursday,Czwartek,pl_PL
merchant_opening_hours.day.title.friday,Piątek,pl_PL
merchant_opening_hours.day.title.saturday,Sobota,pl_PL
merchant_opening_hours.day.title.sunday,Niedziela,pl_PL
checkout.item.option.pre.condition.validation.error.exists,Opcja produktu %name% nie jest już dostępna.,pl_PL
product.filter.merchant_name,Sprzedawca,pl_PL
merchant_sales_order.merchant_order_id,ID zamówienia sprzedawcy,pl_PL
merchant_sales_return.message.items_from_different_merchant_detected,Twoje zamówienie zawiera produkty od różnych sprzedawców. Możesz zwrócić produkty tylko od jednego sprzedawcy jednocześnie.,pl_PL
merchant_sales_return_widget.create_form.different_merchants_info,Twoje zamówienie zawiera produkty od różnych sprzedawców. Możesz zwrócić produkty tylko od jednego sprzedawcy jednocześnie.,pl_PL
shopping_list.pre.check.product_offer,Nie znaleziono oferty produktu.,pl_PL
shopping_list.pre.check.product_offer.approved,Oferta produktu nie jest zatwierdzona.,pl_PL
shopping_list.pre.check.product_offer.is_active,Oferta produktu nie jest aktywna.,pl_PL
shopping_list.pre.check.product_merchant_inactive,Sprzedawca jest nieaktywny.,pl_PL
shopping_list.pre.check.product_merchant_not_approved,Sprzedawca nie jest zatwierdzony.,pl_PL
shopping_list.pre.check.product_offer.store_invalid,Oferta produktu nie należy do bieżącego sklepu.,pl_PL
shopping_list.pre.check.product.store_invalid,Produkt nie należy do bieżącego sklepu.,pl_PL
sales-order-threshold.hard-minimum-threshold.us.usd.message,"Musisz dodać produkty o wartości {{threshold}}, aby przekroczyć zalecany próg. Nie możesz przejść do kasy",pl_PL
sales-order-threshold.hard-maximum-threshold.us.usd.message,"Wartość koszyka nie może być wyższa niż {{threshold}}. Usuń część pozycji, aby kontynuować zamówienie",pl_PL
sales-order-threshold.soft-minimum-threshold.us.usd.message,"Musisz dodać produkty o wartości {{threshold}}, aby przekroczyć zalecany próg, ale jeśli chcesz, możesz przejść do kasy.",pl_PL
countries.iso.US,Stany Zjednoczone Ameryki,pl_PL
product_bundle_product_detail_page_items_list_widget.title.bundle_includes,Zestaw zawiera,pl_PL
product_configuration.checkout.validation.error.is_not_complete,Konfiguracja produktu nie została ukończona.,pl_PL
product_configuration.validation.error.not_valid_response_checksum,Podano nieprawidłową sumę kontrolną odpowiedzi,pl_PL
product_configuration.validation.error.expired_timestamp,Podano wygasły znacznik czasu,pl_PL
product_configuration.access_token.request.error.can_not_obtain_access_token,Nie można uzyskać tokenu dostępu,pl_PL
product_configuration.error.configured_item_not_found_in_cart,Nie znaleziono skonfigurowanego produktu '%sku%'.,pl_PL
product_configuration.error.availability.failed,Produkt jest dostępny w ilości %availability%.,pl_PL
product_configuration.response.validation.error,Nie udało się zweryfikować odpowiedzi konfiguratora produktu.,pl_PL
product_configuration.error.configuration_not_found,Nie znaleziono konfiguracji produktu dla produktu '%sku%'.,pl_PL
product_configuration_storage.validation.error.group_key_is_not_provided,Należy podać klucz grupy,pl_PL
product_configuration_widget.configure,Skonfiguruj,pl_PL
product_configuration_widget.complete,Konfiguracja zakończona!,pl_PL
product_configuration_widget.not_complete,Konfiguracja nie jest ukończona.,pl_PL
product_configuration_widget.quote_not_valid,Nie można przetworzyć tego koszyka. Skonfiguruj pozycje w koszyku.,pl_PL
product_configuration.quote_request.validation.error.incomplete,"Aby zweryfikować wycenę, musisz zakończyć konfigurację produktów.",pl_PL
product_configuration_shopping_list.error.configuration_not_found,Nie znaleziono konfiguracji produktu dla pozycji listy zakupowej '%uuid%'.,pl_PL
product_configuration_shopping_list.error.item_not_found,Nie znaleziono pozycji listy zakupowej.,pl_PL
product_configurator_gateway_page.source_type_not_blank,Źródło jest parametrem wymaganym,pl_PL
product_configurator_gateway_page.sku_not_blank,SKU produktu jest parametrem wymaganym,pl_PL
product_configurator_gateway_page.configurator_key_not_blank,Klucz konfiguratora jest parametrem wymaganym,pl_PL
product_configurator_gateway_page.quantity_required,Ilość jest parametrem wymaganym,pl_PL
product_configurator_gateway_page.item_group_key_required,Klucz grupy jest parametrem wymaganym,pl_PL
product_configurator_gateway_page.shopping_list_item_uuid_required,ID pozycji listy zakupowej jest parametrem wymaganym.,pl_PL
product_configurator_gateway_page.configurator_key_is_not_supported,Klucz konfiguratora nie jest obsługiwany.,pl_PL
permission.name.SeeCompanyUsersPermissionPlugin,Zobacz użytkowników firmy,pl_PL
store_widget.switcher.store,Sklep:,pl_PL
store.validation.store_not_found,Nie znaleziono sklepu,pl_PL
category.validation.category_node_entity_not_found,"Nie można przenieść węzła kategorii o ID '%category_node_id%', ponieważ ten węzeł już nie istnieje.",pl_PL
merchant_relation_request.validation.status_not_pending,"Nowe wnioski można składać tylko wtedy, gdy bieżący status to oczekujący.",pl_PL
merchant_relation_request.validation.decision_note_empty,Wyczyść notatkę decyzji przed złożeniem wniosku.,pl_PL
merchant_relation_request.validation.assignee_business_units_empty,"Wskaż co najmniej jedną jednostkę biznesową, aby kontynuować.",pl_PL
merchant_relation_request.validation.request_note_wrong_length,Notatka wniosku o relację ze sprzedawcą musi mieć długość od %min% do %max% znaków.,pl_PL
merchant_relation_request.validation.incompatible_company_account,Wnioski dla tej listy jednostek biznesowych mogą tworzyć tylko użytkownicy z tej samej firmy.,pl_PL
merchant_relation_request.validation.decision_note_wrong_length,Notatka decyzji o wniosku o relację ze sprzedawcą musi mieć długość od %min% do %max% znaków.,pl_PL
merchant_relation_request.validation.not_found,Nie znaleziono wniosku o relację ze sprzedawcą.,pl_PL
merchant_relation_request.validation.cant_be_approved,Nie można zatwierdzić wniosku o relację ze sprzedawcą.,pl_PL
merchant_relation_request.validation.cant_be_canceled,Nie można anulować wniosku o relację ze sprzedawcą.,pl_PL
merchant_relation_request.validation.cant_be_rejected,Nie można odrzucić wniosku o relację ze sprzedawcą.,pl_PL
merchant_relation_request.validation.cant_become_pending,Wniosek o relację ze sprzedawcą nie może przejść w stan oczekiwania.,pl_PL
merchant_relation_request.mail.merchant_relation_request_status_change.subject,Status Twojego wniosku o relację ze sprzedawcą został zmieniony.,pl_PL
merchant_relation_request.mail.trans.merchant_relation_request_status_change.salutation,"Witaj %first_name% %last_name%,",pl_PL
merchant_relation_request.mail.trans.merchant_relation_request_status_change.main_text,Sprzedawca %merchant_name% zmienił status Twojego wniosku o relację na %status%. Sprawdź go na swoim koncie firmowym.,pl_PL
merchant_relation_request.mail.trans.merchant_relation_request_status_change.button,Zobacz wniosek o relację ze sprzedawcą,pl_PL
merchant_relation_request.mail.trans.merchant_relation_request_status_change.decision_note_title,Komentarz od sprzedawcy,pl_PL
comment.validation.error.user_not_found,Nie znaleziono użytkownika.,pl_PL
comment.validation.error.comment_author_intersected,Wykryto konflikt autorów komentarza.,pl_PL
comment.validation.error.customer_not_found,Nie znaleziono klienta.,pl_PL
permission.name.CreateMerchantRelationRequestPermissionPlugin,Wyślij wniosek o relację ze sprzedawcą,pl_PL
merchant_relation_request_widget.request_for_relation.link,Wniosek o relację,pl_PL
merchant_relation_request_widget.request_for_relation.button,Wyślij zapytanie,pl_PL
merchant_relation_request_widget.request_for_relation.details,Dane kontaktowe,pl_PL
merchant_relation_request_widget.create_request.label,Utwórz wniosek o relację ze sprzedawcą,pl_PL
merchant_relation_page.merchant_relation.view.empty,Nie masz jeszcze żadnych relacji ze sprzedawcami.,pl_PL
merchant_relation_request_widget.merchant_relation_request.list.title,Wnioski o relację ze sprzedawcą,pl_PL
merchant_relation_request_page.merchant_relation_request.view.empty,Nie masz jeszcze żadnych wniosków o relację ze sprzedawcą.,pl_PL
merchant_relation_request_page.merchant_relation_request,Wnioski o relację ze sprzedawcą,pl_PL
merchant_relation_request_page.merchant_relation_request.list.manage,Zarządzaj wnioskami o relację ze sprzedawcą,pl_PL
merchant_relation_request_page.merchant_relation_request.list.create_link,Utwórz wniosek,pl_PL
merchant_relation_request_page.merchant_relation_request.breadcrumb.create,Utwórz,pl_PL
merchant_relation_request_page.merchant_relation_request.title_create,Wniosek o relację ze sprzedawcą,pl_PL
merchant_relation_request_page.merchant_relation_request.actions.cancel,Anuluj wniosek,pl_PL
merchant_relation_request_page.merchant_relation_request.actions.back,Wstecz,pl_PL
merchant_relation_request_page.merchant_relation_request.actions.send_request,Wyślij zapytanie,pl_PL
merchant_relation_request_page.merchant_relation_request.submit,Wyślij zapytanie,pl_PL
merchant_relation_request_page.merchant_relation_request.request_note,Wiadomość do sprzedawcy,pl_PL
merchant_relation_request_page.merchant_relation_request.business_units,Jednostki biznesowe,pl_PL
merchant_relation_request_page.merchant_relation_request.business_unit_owner,Właściciel jednostki biznesowej,pl_PL
merchant_relation_request_page.merchant_relation_request.business_unit_owner.placeholder,Wybierz właściciela jednostki biznesowej,pl_PL
merchant_relation_request_page.merchant_relation_request.merchant,Sprzedawca,pl_PL
merchant_relation_request_page.merchant_relation_request.merchant.placeholder,Wybierz sprzedawcę,pl_PL
merchant_relation_request_page.merchant_relation_request.created,Wniosek o relację ze sprzedawcą został pomyślnie złożony.,pl_PL
merchant_relation_request_page.merchant_relation_request.created_at,Utworzono,pl_PL
merchant_relation_request_page.merchant_relation_request.company_user,Użytkownik firmy,pl_PL
merchant_relation_request_page.merchant_relation_request.status,Status,pl_PL
merchant_relation_request_page.merchant_relation_request.actions,Akcje,pl_PL
merchant_relation_request_page.merchant_relation_request.actions.view,Zobacz,pl_PL
merchant_relation_request_page.merchant_relation_request.empty_business_units.error,Do użytkownika musi być przypisana co najmniej jedna jednostka biznesowa,pl_PL
merchant_relation_request_page.merchant_relation_request.success.canceled,Wniosek o relację ze sprzedawcą został pomyślnie anulowany.,pl_PL
merchant_relation_request.validation.company_user_access_denied,Brak dostępu.,pl_PL
merchant_relation_request.validation.merchant_not_found,Nie znaleziono sprzedawcy.,pl_PL
merchant_relation_request.mail.trans.merchant_notification.title,Sprawdź oczekujący wniosek o relację ze sprzedawcą w Merchant Portal.,pl_PL
merchant_relation_request.mail.trans.merchant_notification.button,Sprawdź wniosek o relację ze sprzedawcą,pl_PL
merchant_relation_request.mail.trans.merchant_notification.subject,Oczekujący wniosek o relację ze sprzedawcą,pl_PL
merchant_relation_request.merchant_notification.active_filters,Aktywne filtry:,pl_PL
merchant_relation_request.merchant_notification.reset_all,Zresetuj wszystko,pl_PL
merchant_relation_request.merchant_notification.apply,Zastosuj,pl_PL
merchant_relation_request_page.merchant_relation_request.status.placeholder,Wybierz status,pl_PL
merchant_relation_request_page.merchant_relation_request.status.pending,Oczekujące ,pl_PL
merchant_relation_request_page.merchant_relation_request.status.canceled,Anulowane ,pl_PL
merchant_relation_request_page.merchant_relation_request.status.rejected,Odrzucone ,pl_PL
merchant_relation_request_page.merchant_relation_request.status.approved,Zatwierdzone ,pl_PL
merchant_relation_request_page.merchant_relation_request.request_note_label,Wiadomość,pl_PL
merchant_relation_request_page.merchant_relation_request.decision_note_label,Wiadomość do użytkownika,pl_PL
merchant_relation_request_page.merchant_relation_request_detail.date_created,Data utworzenia,pl_PL
merchant_relation_request_page.merchant_relation_request_detail.company_details,Dane firmy,pl_PL
merchant_relation_request_page.merchant_relation_request_detail.company,Firma,pl_PL
merchant_relation_request_page.merchant_relation_request_detail.business_unit_owner,Właściciel jednostki biznesowej,pl_PL
merchant_relation_request_page.merchant_relation_request_detail.business_units,Jednostki biznesowe,pl_PL
merchant_relation_request_page.merchant_relation_request_detail.details,Dane kontaktowe,pl_PL
merchant_relation_request_page.merchant_relation_request_detail.first_name,Imię,pl_PL
merchant_relation_request_page.merchant_relation_request_detail.last_name,Nazwisko,pl_PL
merchant_relation_request_page.merchant_relation_request_detail.email,E-mail,pl_PL
merchant_relation_request_page.merchant_relation_request_detail.additional_details,Dodatkowe szczegóły,pl_PL
merchant_relation_request_page.merchant_relation_request_detail.comment_from_merchant,Komentarz od sprzedawcy,pl_PL
merchant_relation_request_page.merchant_relation_request_detail.notification.title.pending,Wniosek o relację ze sprzedawcą oczekuje na rozpatrzenie.,pl_PL
merchant_relation_request_page.merchant_relation_request_detail.notification.title.canceled,Wniosek o relację ze sprzedawcą został anulowany.,pl_PL
merchant_relation_request_page.merchant_relation_request_detail.notification.title.approved,Wniosek o relację ze sprzedawcą został zatwierdzony.,pl_PL
merchant_relation_request_page.merchant_relation_request_detail.notification.title.rejected,Wniosek o relację ze sprzedawcą został odrzucony.,pl_PL
merchant_relation_request_page.merchant_relation_request_detail.notification.description.pending,Sprzedawca nie rozpatrzył jeszcze Twojego wniosku. Możesz go anulować.,pl_PL
merchant_relation_request_page.merchant_relation_request_detail.notification.description.canceled,Ten wniosek został anulowany. Możesz utworzyć nowy wniosek.,pl_PL
merchant_relation_request_page.merchant_relation_request_detail.notification.description.approved,Utworzono następujące relacje ze sprzedawcami:,pl_PL
merchant_relation_request_page.merchant_relation_request_detail.notification.description.rejected,Sprzedawca odrzucił Twój wniosek. W razie pytań skontaktuj się ze sprzedawcą.,pl_PL
merchant_relation_request_page.merchant_relation_request_detail.labels.company,Firma,pl_PL
merchant_relationship_page.table.header.merchant,Sprzedawca,pl_PL
merchant_relationship_page.table.header.business_unit_owner,Właściciel jednostki biznesowej,pl_PL
merchant_relationship_page.table.header.business_units,Jednostki biznesowe,pl_PL
merchant_relationship_page.table.header.created,Utworzono,pl_PL
merchant_relationship_page.table.header.actions,Akcje,pl_PL
merchant_relationship_page.table.action.view,Zobacz,pl_PL
merchant_relationship_widget.merchant_relationship_links_list.view,Zobacz,pl_PL
company.account.merchant_relations,Relacje ze sprzedawcami,pl_PL
merchant_relationship_page.table.filter.apply,Zastosuj,pl_PL
merchant_relationship_page.merchant_relationsip_detail,Relacja ze sprzedawcą,pl_PL
merchant_relationship_page.merchant_relationsip_detail.date_created,Data utworzenia,pl_PL
merchant_relationship_page.merchant_relationsip_detail.company_details,Dane firmy,pl_PL
merchant_relationship_page.merchant_relationsip_detail.company,Firma,pl_PL
merchant_relationship_page.merchant_relationsip_detail.business_unit_owner,Właściciel jednostki biznesowej,pl_PL
merchant_relationship_page.merchant_relationsip_detail.business_units,Jednostki biznesowe,pl_PL
merchant_relationship_page.merchant_relationsip_detail.view,Zobacz,pl_PL
merchant_relationship_page.merchant_relationship.business_unit_owner,Właściciel jednostki biznesowej,pl_PL
merchant_relationship_page.merchant_relationship.business_unit_owner.placeholder,Wybierz właściciela jednostki biznesowej,pl_PL
merchant_relationship_page.merchant_relationship.merchant,Sprzedawca,pl_PL
merchant_relationship_page.merchant_relationship.merchant.placeholder,Wybierz sprzedawcę,pl_PL
merchant_relationship_page.merchant_relationship.active_filters,Aktywne filtry:,pl_PL
merchant_relationship_page.merchant_relationship.reset_all,Zresetuj wszystko,pl_PL
merchant_relationship.mail.trans.merchant_relationship_delete.subject,Twoja relacja ze sprzedawcą została zakończona.,pl_PL
merchant_relationship.mail.trans.merchant_relationship_delete.salutation,"Witaj,",pl_PL
merchant_relationship.mail.trans.merchant_relationship_delete.main_text,Sprzedawca %merchant_name% zakończył Waszą relację. W razie pytań skontaktuj się ze sprzedawcą.,pl_PL
merchant_relationship.mail.trans.merchant_relationship_delete.link,Skontaktuj się ze sprzedawcą,pl_PL
merchant_commission.validation.currency_does_not_exist,Waluta o kodzie ‘%code%’ nie istnieje.,pl_PL
merchant_commission.validation.merchant_commission_description_invalid_length,Opis prowizji sprzedawcy musi mieć długość od %min% do %max% znaków.,pl_PL
merchant_commission.validation.merchant_commission_key_exists,Prowizja sprzedawcy o kluczu ‘%key%’ już istnieje.,pl_PL
merchant_commission.validation.merchant_commission_key_invalid_length,Klucz prowizji sprzedawcy musi mieć długość od %min% do %max% znaków.,pl_PL
merchant_commission.validation.merchant_commission_key_is_not_unique,Co najmniej dwie prowizje sprzedawcy w tym żądaniu mają ten sam klucz.,pl_PL
merchant_commission.validation.merchant_commission_does_not_exist,Nie znaleziono prowizji sprzedawcy o kluczu ‘%key%’.,pl_PL
merchant_commission.validation.merchant_commission_group_does_not_exist,Nie znaleziono grupy prowizji sprzedawcy.,pl_PL
merchant_commission.validation.merchant_commission_group_key_does_not_exist,Nie znaleziono grupy prowizji sprzedawcy o kluczu ‘%key%’.,pl_PL
merchant_commission.validation.merchant_does_not_exist,Sprzedawca o numerze ‘%merchant_reference%’ nie istnieje.,pl_PL
merchant_commission.validation.merchant_commission_name_invalid_length,Nazwa prowizji sprzedawcy musi mieć długość od %min% do %max% znaków.,pl_PL
merchant_commission.validation.merchant_commission_priority_not_in_range,Priorytet prowizji sprzedawcy musi mieścić się w zakresie od %min% do %max%.,pl_PL
merchant_commission.validation.store_does_not_exist,Sklep o nazwie ‘%name%’ nie istnieje.,pl_PL
merchant_commission.validation.merchant_commission_valid_from_invalid_datetime,Data ‘obowiązuje od’ prowizji sprzedawcy ma nieprawidłowy format.,pl_PL
merchant_commission.validation.merchant_commission_valid_to_invalid_datetime,Data ‘obowiązuje do’ prowizji sprzedawcy ma nieprawidłowy format.,pl_PL
merchant_commission.validation.merchant_commission_validity_period_invalid,Data ‘obowiązuje do’ prowizji sprzedawcy musi być późniejsza niż data ‘obowiązuje od’.,pl_PL
merchant_commission.validation.invalid_query_string,Podany ciąg zapytania ma nieprawidłowy format w %field%.,pl_PL
merchant_commission.validation.invalid_compare_operator,Podany operator porównania jest nieprawidłowy w %field%.,pl_PL
rule_engine.validation.invalid_query_string,Podany ciąg zapytania ma nieprawidłowy format.,pl_PL
rule_engine.validation.invalid_compare_operator_value,Podany operator porównania jest nieprawidłowy.,pl_PL
payment_app_widget.validation.quote_is_empty, Wycena jest pusta.,pl_PL
payment_app_widget.error.payment_failed,Płatność nie udała się,pl_PL
payment_app_widget.error.incorrect_quote,"Nie znaleziono wyceny, sesja mogła wygasnąć",pl_PL
mail.multi_factor_auth.email.text,"Aby kontynuować swoje żądanie, użyj następującego kodu weryfikacyjnego: %code%. Jeśli nie prosiłeś o ten kod, zignoruj tę wiadomość.",pl_PL
customer.change_customer_email_mail_sent,"Już prawie! Wysłaliśmy Ci e-mail w celu weryfikacji adresu e-mail. Potwierdź go, aby móc się zalogować.",pl_PL
mail.multi_factor_auth.email.subject,Kod weryfikacyjny do bezpiecznego dostępu,pl_PL
multi_factor_auth.multi_factor_auth.list.title,Skonfiguruj uwierzytelnianie wieloskładnikowe,pl_PL
multi_factor_auth.error.invalid_code,Nieprawidłowy kod uwierzytelniania wieloskładnikowego. Pozostało Ci %remainingAttempts% prób(y).,pl_PL
multi_factor_auth.error.attempts_exceeded,Przekroczyłeś dozwoloną liczbę prób. Spróbuj ponownie po odświeżeniu strony.,pl_PL
multi_factor_auth.error.expired_code,Kod uwierzytelniania wieloskładnikowego wygasł. Spróbuj ponownie.,pl_PL
multi_factor_auth.enter_your_code_input,Wpisz tutaj swój kod,pl_PL
multi_factor_auth.activate,Aktywuj,pl_PL
multi_factor_auth.deactivate,Dezaktywuj,pl_PL
multi_factor_auth.error.authentication_method_not_selected,"Nie można kontynuować. Należy wybrać metodę uwierzytelniania wieloskładnikowego. Odśwież stronę i spróbuj ponownie, a jeśli problem będzie się powtarzał, skontaktuj się ze wsparciem.",pl_PL
multi_factor_auth.error.corrupted_code,Podany kod jest pusty lub nieprawidłowy. Spróbuj ponownie.,pl_PL
multi_factor_auth.method.select,Wybierz metodę uwierzytelniania,pl_PL
multi_factor_auth.code.validation,Wpisz kod uwierzytelniający,pl_PL
multi_factor_auth.enter_code_for_method,"Wysłaliśmy kod uwierzytelniający na Twój %type%. Wpisz go poniżej, aby kontynuować.",pl_PL
multi_factor_auth.access_denied,"Dostęp jest całkowicie zablokowany do momentu pomyślnego zakończenia weryfikacji wieloskładnikowej. Upewnij się, że w przeglądarce włączono JavaScript, odśwież stronę i spróbuj ponownie. Jeśli problem będzie się powtarzał, może być konieczne ponowne przejście procesu uwierzytelniania wieloskładnikowego.",pl_PL
multi_factor_auth.activation.success,Uwierzytelnianie wieloskładnikowe zostało aktywowane.,pl_PL
multi_factor_auth.deactivation.success,Uwierzytelnianie wieloskładnikowe zostało dezaktywowane.,pl_PL
multi_factor_auth.activation.error,Nie udało się aktywować uwierzytelniania wieloskładnikowego.,pl_PL
multi_factor_auth.deactivation.error,Nie udało się dezaktywować uwierzytelniania wieloskładnikowego.,pl_PL
multi_factor_auth.selection.error.required,"Wybierz, w jaki sposób chcesz potwierdzić swoją tożsamość.",pl_PL
multi_factor_auth.send_code.error,Wystąpił błąd podczas wysyłania Twojego kodu. Spróbuj ponownie później lub skontaktuj się z administratorem systemu.,pl_PL
multi_factor_auth.continue,Kontynuuj,pl_PL
multi_factor_auth.verify_code,Zweryfikuj kod,pl_PL
multi_factor_auth.required_options,"Aby kontynuować, musisz wybrać jedną opcję!",pl_PL
multi_factor_auth.invalid_csrf_token,Nieprawidłowy token CSRF.,pl_PL
multi_factor_auth.note_mfa_affects,"Uwaga: wprowadzone tutaj zmiany wpłyną również na działanie MFA w innych środowiskach, takich jak Back Office, ponieważ Twoje konta są powiązane.",pl_PL
checkout_page.aria_label.choose.as.active,Ustaw %optionValue% jako aktywne.,pl_PL
shop_ui.aria_label.choose.date.time,Wybierz datę i godzinę.,pl_PL
shop_ui.aria_label.choose.date,Wybierz datę.,pl_PL
shop_ui.aria_label.main.navigation,Nawigacja główna,pl_PL
shop_ui.aria_label.choose-date,Wybierz datę,pl_PL
vertex.tax-number-country-blocked,Ten kraj jest zablokowany w ustawieniach.,pl_PL
vertex.tax-number-validation-not-available,Usługa nie mogła zweryfikować tego numeru.,pl_PL
vertex.tax-number-ignored,"Numer jest ignorowany, ponieważ ustawienia zmieniono tak, aby blokować numery dla tego regionu, kraju lub sprzedawcy.",pl_PL
vertex.tax-number-syntax-valid,"Składnia numeru identyfikacyjnego jest prawidłowa. Nie przeprowadzono jednak dalszych weryfikacji. Tam, gdzie wymagana jest suma kontrolna, jak w przypadku Indii, numer uznaje się za prawidłowy, jeśli składnia jest prawidłowa, a suma kontrolna nie jest skonfigurowana.",pl_PL
vertex.tax-number-syntax-invalid,Składnia numeru identyfikacyjnego jest nieprawidłowa.,pl_PL
vertex.tax-number-considered-valid-in-domestic-country,Numer identyfikacji podatkowej jest prawidłowy w kraju dostawcy.,pl_PL
vertex.tax-number-valid-according-to-external-service,Numer identyfikacji podatkowej został sprawdzony w bazie organu podatkowego i jest prawidłowy.,pl_PL
vertex.tax-number-invalid-according-to-external-service,Numer identyfikacji podatkowej został sprawdzony w bazie organu podatkowego i jest nieprawidłowy.,pl_PL
vertex.tax-number-validation-requested-additional-interactions,"Organ podatkowy zażądał dodatkowych parametrów. Na przykład dany kraj może wymagać weryfikacji CAPTCHA i potrzebować więcej informacji, aby zweryfikować numer identyfikacyjny.",pl_PL
vertex.tax-number-service-temporarily-unavailable,Nie udało się połączyć z usługą walidacji z powodu jej tymczasowej niedostępności.,pl_PL
vertex.tax-number-syntax-considered-valid-but-not-verified,"Składnia numeru identyfikacji podatkowej jest prawidłowa, ale jego status nie mógł zostać zweryfikowany przez usługę zewnętrzną. Zdarza się to, gdy ustawienie on-error ma wartość syntax-check, a usługa zewnętrzna nie odpowiada.",pl_PL
vertex.invalid-request-data,Nieprawidłowe dane żądania.,pl_PL
vertex.tax-app-disabled,Usługa podatkowa jest wyłączona.,pl_PL
vertex.tax-validator-unavailable,API walidatora podatkowego jest niedostępne.,pl_PL
vertex.validator-api-inactive,Nie można połączyć się z API Vertex Validator: aplikacja Vertex lub weryfikacja numeru podatkowego jest nieaktywna.,pl_PL
vertex.request-failed,Żądanie do API Vertex nie udało się.,pl_PL
vertex.invalid-credentials,Nieprawidłowe dane logowania.,pl_PL
cart_reorder.validation.order_not_found,Nie znaleziono zamówienia.,pl_PL
cart_reorder.validation.quote_not_provided,Nie podano wyceny.,pl_PL
store.cart_reorder.error.store_mismatch,To zamówienie zostało złożone w innym sklepie. Nie można wykonać tej akcji.,pl_PL
cart_reorder_page.reorder_all,Zamów ponownie wszystko,pl_PL
cart_reorder_page.reorder,Zamów ponownie,pl_PL
cart_reorder_page.reorder_selected,Zamów ponownie wybrane pozycje,pl_PL
cart_reorder.pre_add_to_cart.inactive_product_option_item_removed,Nieaktywna pozycja %sku% została usunięta z Twojego koszyka.,pl_PL
sales_order_amendment_oms.validation.order_not_amendable,Nie można zmienić tego zamówienia.,pl_PL
sales_order_amendment_oms.validation.amended_order_does_not_exist,Nie można znaleźć zamówienia o numerze %order_reference%.,pl_PL
sales_order_amendment_oms.validation.amendment_order_does_not_exist,Nie można znaleźć zamówienia o numerze %order_reference%.,pl_PL
sales_order_amendment.validation.sales_order_amendment_does_not_exist,Nie można zaktualizować zmiany zamówienia o ID %uuid%. Sprawdź ID.,pl_PL
sales_order_amendment.validation.order_amendment_duplicated,Dla tego zamówienia już trwa zmiana. Zakończ ją lub anuluj przed rozpoczęciem nowej.,pl_PL
sales_order_amendment.validation.cart_reorder.order_reference_not_match,Obecnie zmieniane jest inne zamówienie. Zakończ lub anuluj poprzednią zmianę przed wprowadzeniem zmian w tym zamówieniu.,pl_PL
sales_order_amendment.validation.cart.cart_cant_be_amended,Nie można zmienić bieżącego koszyka.,pl_PL
oms.state.order-amendment,Trwa edycja,pl_PL
sales_order_amendment_oms.validation.order_not_being_amended,"Tego zamówienia nie można edytować, ponieważ upłynął czas na wprowadzanie zmian.",pl_PL
sales_order_amendment.pre_check.cannot_change_currency,Nie można zmienić waluty w trakcie edycji zamówienia.,pl_PL
sales_order_amendment.pre_check.cannot_change_price_mode,Nie można zmienić trybu ceny w trakcie edycji zamówienia.,pl_PL
store.cart_reorder.error.store_mismatch,To zamówienie zostało złożone w innym sklepie. Nie można wykonać tej akcji.,pl_PL
sales_order_amendment.quote_request.validation.error.forbidden,Zapytania ofertowe są niedostępne w trakcie zmiany zamówienia.,pl_PL
sales_order_amendment.order_amendment_after_rfq.validation.error.forbidden,Zmiany nie są dozwolone dla zamówień utworzonych z wyceny.,pl_PL
sales_order_amendment_widget.edit_order,Edytuj zamówienie,pl_PL
sales_order_amendment_widget.edit_order.cancel,Anuluj,pl_PL
sales_order_amendment_widget.edit_order.warning_message,Edycja tego zamówienia zastąpi pozycje w Twoim bieżącym koszyku pozycjami z zamówienia?,pl_PL
sales_order_amendment_widget.cancel_order_amendment,Anuluj edycję,pl_PL
sales_order_amendment_widget.amendment_cant_be_canceled,Tej zmiany zamówienia nie można anulować.,pl_PL
sales_order_amendment_widget.amendment_canceled,Zmiana zamówienia została pomyślnie anulowana.,pl_PL
sales_order_amendment_widget.summary_step.update.order,Zaktualizuj zamówienie,pl_PL
sales_order_amendment_widget.success_step.update.success.title,Twoje zamówienie zostało pomyślnie zaktualizowane!,pl_PL
data_import_merchant.validation.importer_type_not_supported,Typ importera nie jest obsługiwany.,pl_PL
data_import_merchant.validation.merchant_not_found,Nie znaleziono sprzedawcy.,pl_PL
data_import_merchant.validation.user_not_found,Nie znaleziono użytkownika.,pl_PL
data_import_merchant.validation.invalid_file_content_type,Nieprawidłowy typ zawartości pliku.,pl_PL
merchant_product_data_import.validation.missing_required_header,Brakuje wymaganego pola %header%.,pl_PL
service_point.validation.service_point_key_exists,Punkt usługowy o tym samym kluczu już istnieje.,pl_PL
service_point.validation.service_point_key_is_not_unique,Punkt usługowy o tym samym kluczu już istnieje w żądaniu.,pl_PL
service_point.validation.service_point_key_wrong_length,Klucz punktu usługowego musi mieć długość od %min% do %max% znaków.,pl_PL
service_point.validation.service_point_name_wrong_length,Nazwa punktu usługowego musi mieć długość od %min% do %max% znaków.,pl_PL
service_point.validation.store_does_not_exist,Sklep o nazwie '%name%' nie istnieje.,pl_PL
service_point.validation.service_point_entity_not_found,Nie znaleziono encji punktu usługowego.,pl_PL
service_point.validation.wrong_request_body,Nieprawidłowa treść żądania.,pl_PL
service_point.validation.country_entity_not_found,Kraj o kodzie iso2 '%iso2Code%' nie istnieje.,pl_PL
service_point.validation.region_entity_not_found,Region o uuid '%uuid%' nie istnieje dla kraju o kodzie iso2 '%countryIso2Code%'.,pl_PL
service_point.validation.service_point_address_address1_wrong_length,Pole address1 adresu punktu usługowego musi mieć długość od %min% do %max% znaków.,pl_PL
service_point.validation.service_point_address_address2_wrong_length,Pole address2 adresu punktu usługowego musi mieć długość od %min% do %max% znaków.,pl_PL
service_point.validation.service_point_address_address3_wrong_length,Pole address3 adresu punktu usługowego musi mieć długość od %min% do %max% znaków.,pl_PL
service_point.validation.service_point_address_city_wrong_length,Miasto w adresie punktu usługowego musi mieć długość od %min% do %max% znaków.,pl_PL
service_point.validation.service_point_address_entity_not_found,Nie znaleziono encji adresu punktu usługowego.,pl_PL
service_point.validation.service_point_address_zip_code_wrong_length,Kod pocztowy w adresie punktu usługowego musi mieć długość od %min% do %max% znaków.,pl_PL
service_point.validation.service_point_address_already_exists,Adres dla tego punktu usługowego już istnieje.,pl_PL
service_point.validation.service_point_uuid_is_not_unique,Punkt usługowy o tym samym uuid już istnieje w żądaniu.,pl_PL
service_point.validation.service_type_key_exists,Typ usługi o tym samym kluczu już istnieje.,pl_PL
service_point.validation.service_type_key_wrong_length,Klucz typu usługi musi mieć długość od %min% do %max% znaków.,pl_PL
service_point.validation.service_type_key_is_not_unique,Typ usługi o tym samym kluczu już istnieje w żądaniu.,pl_PL
service_point.validation.service_type_name_exists,Typ usługi o tej samej nazwie już istnieje.,pl_PL
service_point.validation.service_type_name_wrong_length,Nazwa typu usługi musi mieć długość od %min% do %max% znaków.,pl_PL
service_point.validation.service_type_name_is_not_unique,Typ usługi o tej samej nazwie już istnieje w żądaniu.,pl_PL
service_point.validation.service_type_entity_not_found,Nie znaleziono encji typu usługi.,pl_PL
service_point.validation.service_poinst_service_key_exists,Usługa o tym samym kluczu już istnieje.,pl_PL
service_point.validation.service_key_wrong_length,Klucz usługi musi mieć długość od %min% do %max% znaków.,pl_PL
service_point.validation.service_key_is_not_unique,Usługa o tym samym kluczu już istnieje w żądaniu.,pl_PL
service_point.validation.service_type_relation_already_exists,Usługa z określoną relacją punktu usługowego i typu usługi już istnieje.,pl_PL
service_point.validation.service_type_relation_is_not_unique,Usługa z określoną relacją punktu usługowego i typu usługi już istnieje w żądaniu.,pl_PL
service_point.validation.service_entity_not_found,Nie znaleziono encji usługi.,pl_PL
service_point.validation.service_key_immutability,Klucz usługi jest niezmienny.,pl_PL
service_point.validation.service_type_key_immutability,Klucz typu usługi jest niezmienny.,pl_PL
service_point.validation.service_key_exists,Usługa o tym samym kluczu już istnieje.,pl_PL
service_points_rest_api.error.endpoint_not_found,Nie znaleziono punktu końcowego.,pl_PL
service_points_rest_api.error.service_point_identifier_is_not_specified,Nie podano identyfikatora punktu usługowego.,pl_PL
service_point_widget.search,"Szukaj sklepu, kodu pocztowego lub miasta...",pl_PL
service_point_widget.select_store_action,Wybierz sklep,pl_PL
service_point_widget.no_results,Nic nie znaleziono...,pl_PL
service_point_cart.checkout.validation.error,"Wybrany punkt usługowy ""%uuid%"" jest niedostępny dla sklepu ""%store_name%""",pl_PL
service_point_widget.validation.error.service_point_not_selected,Wybierz punkt usługowy.,pl_PL
service_point_widget.validation.error.billing_address_not_provided,Dodaj adres rozliczeniowy ręcznie.,pl_PL
service_point_widget.select_location_action,Wybierz warsztat usługowy,pl_PL
service_point_widget.change_action,Zmień,pl_PL
service_point_widget.select_your_store_title,Wybierz swój sklep,pl_PL
service_point_widget.search,"Szukaj sklepu, kodu pocztowego lub miasta...",pl_PL
service_point_widget.select_store_action,Wybierz sklep,pl_PL
service_point_widget.no_results,Nic nie znaleziono...,pl_PL
shipment_type.name.shipment_type_delivery,Dostawa,pl_PL
shipment_type.name.shipment_type_pickup,Odbiór osobisty,pl_PL
shipment_type.validation.shipment_type_entity_not_found,Nie znaleziono encji typu dostawy.,pl_PL
shipment_type.validation.shipment_type_key_exists,Typ dostawy o tym samym kluczu już istnieje.,pl_PL
shipment_type.validation.shipment_type_key_is_not_unique,Co najmniej dwa typy dostawy w tym żądaniu mają ten sam klucz.,pl_PL
shipment_type.validation.shipment_type_key_invalid_length,Klucz typu dostawy musi mieć długość od %min% do %max% znaków.,pl_PL
shipment_type.validation.shipment_type_name_invalid_length,Nazwa typu dostawy musi mieć długość od %min% do %max% znaków.,pl_PL
shipment_type.validation.store_does_not_exist,Sklep o nazwie ‘%name%’ nie istnieje.,pl_PL
shipment_types_rest_api.error.shipment_type_not_available,"Wybrany typ dostawy ""%name%"" jest niedostępny.",pl_PL
merchant_product_offer.view_seller,Zobacz sprzedawcę,pl_PL
merchant_product_offer.sold_by,Sprzedawane przez,pl_PL
product-offer.info.product-offer-inactive.removed,Nieaktywna pozycja %sku% została usunięta z Twojego koszyka.,pl_PL
product-offer.info.reference.invalid,Nie znaleziono numeru oferty produktu dla produktu o SKU '%sku%'.,pl_PL
product-offer.message.not-active-or-approved,Oferta produktu nie jest aktywna dla produktu o SKU '%sku%'.,pl_PL
merchant_product_offer_widget.merchant_name,Sprzedawca,pl_PL
self_service_portal.asset.selector.label,Przypisz tę pozycję do zasobu,pl_PL
self_service_portal.asset.selector.button,Wybierz zasób,pl_PL
self_service_portal.asset.modal.header,Przypisz zasób,pl_PL
self_service_portal.asset.item.button,Przypisz,pl_PL
self_service_portal.asset.item.serial,Numer seryjny,pl_PL
self_service_portal.asset.selector.search_placeholder,"Szukaj po nazwie, numerze lub numerze seryjnym",pl_PL
self_service_portal.asset.selector.no_assets_available,Brak dostępnych zasobów,pl_PL
self_service_portal.asset.selector.change,Zmień,pl_PL
self_service_portal.asset.compatibility.compatible,Kompatybilny,pl_PL
self_service_portal.asset.compatibility.not_compatible,Niekompatybilny,pl_PL
cart.shipping,Dostawa,pl_PL
self_service_portal.asset.assigned_asset,Przypisany zasób,pl_PL
self_service_portal.asset.name,Nazwa zasobu,pl_PL
self_service_portal.asset.serial_number,Numer seryjny zasobu,pl_PL
self_service_portal.asset.compatibility,Kompatybilność zasobu,pl_PL
self_service_portal.service.cancellation.error.no_items,Nie podano pozycji zamówienia.,pl_PL
self_service_portal.service.cancel_service,Anuluj usługę,pl_PL
self_service_portal.service.cancellation.success,Usługa została pomyślnie anulowana.,pl_PL
self_service_portal.service.cancellation.error,Nie udało się anulować usługi.,pl_PL
self_service_portal.service.validation.no_order_items_provided,Nie podano pozycji zamówienia.,pl_PL
self_service_portal.service.validation.status_change_failed,Zmiana statusu nie udała się.,pl_PL
permission.name.DownloadCompanyFilesPermissionPlugin,Pobierz plik(i) ,pl_PL
permission.name.ViewCompanyFilesPermissionPlugin,Zobacz pliki firmy,pl_PL
permission.name.ViewCompanyUserFilesPermissionPlugin,Zobacz pliki,pl_PL
permission.name.ViewCompanyBusinessUnitFilesPermissionPlugin,Zobacz pliki jednostki biznesowej,pl_PL
permission.name.CreateSspInquiryPermissionPlugin,Utwórz zapytanie,pl_PL
permission.name.ViewCompanySspInquiryPermissionPlugin,Zobacz zapytania firmy,pl_PL
permission.name.ViewBusinessUnitSspInquiryPermissionPlugin,Zobacz zapytania jednostki biznesowej,pl_PL
permission.name.ViewDashboardPermissionPlugin,Zobacz panel,pl_PL
self_service_portal.inquiry.success.created,Zapytanie zostało pomyślnie wysłane,pl_PL
self_service_portal.inquiry.type.label,Typ,pl_PL
self_service_portal.inquiry.access.denied,Brak dostępu.,pl_PL
self_service_portal.inquiry.success.canceled,Zapytanie zostało anulowane.,pl_PL
self_service_portal.inquiry.cancel,Anuluj zapytanie,pl_PL
self_service_portal.inquiry.create.select_type,Wybierz typ,pl_PL
self_service_portal.inquiry.status.pending,Oczekujące,pl_PL
self_service_portal.inquiry.status.in_review,W trakcie weryfikacji,pl_PL
self_service_portal.inquiry.status.approved,Zatwierdzone,pl_PL
self_service_portal.inquiry.status.rejected,Odrzucone,pl_PL
self_service_portal.inquiry.status.canceled,Anulowane,pl_PL
self_service_portal.inquiry.subject.label,Temat,pl_PL
self_service_portal.inquiry.mail.trans.ssp_inquiry_list_page,Zobacz zapytania,pl_PL
self_service_portal.inquiry.mail.trans.ssp_inquiry_approved.salutation,Witaj %name%,pl_PL
self_service_portal.inquiry.mail.trans.ssp_inquiry_approved.subject,Status Twojego zapytania %reference% został zmieniony.,pl_PL
self_service_portal.inquiry.mail.trans.ssp_inquiry_approved.main_text,Twoje zapytanie %reference% zostało zatwierdzone.,pl_PL
self_service_portal.inquiry.mail.trans.ssp_inquiry_rejected.salutation,Witaj %name%,pl_PL
self_service_portal.inquiry.mail.trans.ssp_inquiry_rejected.subject,Status Twojego zapytania %reference% został zmieniony.,pl_PL
self_service_portal.inquiry.mail.trans.ssp_inquiry_rejected.main_text,Twoje zapytanie %reference% zostało odrzucone.,pl_PL
self_service_portal.inquiry.description.label,Opis,pl_PL
self_service_portal.inquiry.files.label,Przesyłanie pliku,pl_PL
self_service_portal.inquiry.type.general,Ogólne,pl_PL
self_service_portal.inquiry.type.order,Reklamacja zamówienia,pl_PL
customer.account.ssp_inquiries,Zapytania,pl_PL
customer.ssp_inquiries.access_level.placeholder,Wybierz poziom dostępu,pl_PL
customer.ssp_inquiries.search.placeholder,Szukaj po numerze lub opisie,pl_PL
customer.ssp_inquiries.access_level.company_inquiries,Zapytania firmy,pl_PL
customer.ssp_inquiries.search.label,Szukaj,pl_PL
customer.ssp_inquiries.search.placeholder,Szukaj po numerze lub temacie,pl_PL
customer.ssp_inquiries.access_level.label,Poziom dostępu,pl_PL
customer.ssp_inquiries.access_level.my_inquiries,Moje zapytania,pl_PL
customer.self_service_portal.inquiry.create_ssp_inquiry,Utwórz zapytanie,pl_PL
self_service_portal.inquiry.validation.type.invalid,Nieprawidłowy typ zapytania.,pl_PL
self_service_portal.inquiry.list.widget.title,Zapytania,pl_PL
customer.self_service_portal.inquiry.list,Zapytania,pl_PL
self_service_portal.inquiry.file.file_not_found,Nie znaleziono pliku,pl_PL
self_service_portal.inquiry.file.mime_type.error,Nieprawidłowy format pliku.,pl_PL
self_service_portal.inquiry.validation.company_user.not_set,Brak użytkownika firmy.,pl_PL
self_service_portal.inquiry.validation.type.not_set,Brak typu zapytania.,pl_PL
self_service_portal.inquiry.validation.subject.not_set,Brak tematu zapytania.,pl_PL
self_service_portal.inquiry.validation.description.not_set,Brak opisu zapytania.,pl_PL
self_service_portal.inquiry.error.file.format.invalid,Oczekiwana jest tablica plików.,pl_PL
self_service_portal.inquiry.error.file.count.invalid,Nieprawidłowa liczba plików. Maksymalna liczba plików: {{ limit }},pl_PL
self_service_portal.inquiry.error.file.size.invalid,"Nieprawidłowy łączny rozmiar plików. Maksymalny dozwolony rozmiar wszystkich plików to %maxSize%, a przesłano %size%.",pl_PL
self_service_portal.inquiry.error.status_change,Zmiana statusu nie udała się.,pl_PL
self_service_portal.inquiry.submit.button,Wyślij zapytanie,pl_PL
customer.self_service_portal.inquiry.create.button,Utwórz zapytanie,pl_PL
customer.self_service_portal.inquiry.all_ssp_inquiries,Zapytania,pl_PL
customer.self_service_portal.inquiry.list.reference,Numer referencyjny,pl_PL
customer.self_service_portal.inquiry.list.type,Typ,pl_PL
customer.self_service_portal.inquiry.list.subject,Temat,pl_PL
customer.self_service_portal.inquiry.list.owner,Właściciel,pl_PL
customer.self_service_portal.inquiry.list.date_created,Data,pl_PL
customer.self_service_portal.inquiry.list.status,Status,pl_PL
self_service_portal.inquiry.list.filter.type.placeholder,Wybierz typ,pl_PL
self_service_portal.inquiry.list.filter.type.label,Typ,pl_PL
self_service_portal.inquiry.list.filter.status.placeholder,Wybierz status,pl_PL
self_service_portal.inquiry.list.filter.status.label,Status,pl_PL
customer.account.no_ssp_inquiries,Nie masz jeszcze żadnych zapytań.,pl_PL
customer.self_service_portal.inquiry.view_ssp_inquiry,Zobacz,pl_PL
self_service_portal.service.validation.no_order_items_provided,Nie podano pozycji zamówienia.,pl_PL
self_service_portal.service.validation.order_not_found,Nie znaleziono zamówienia o ID %id%.,pl_PL
self_service_portal.service.validation.no_payment_methods_found,Nie znaleziono metod płatności dla tego zamówienia.,pl_PL
self_service_portal.service.list.search_placeholder,Szukaj,pl_PL
self_service_portal.service.list.search_button,Szukaj,pl_PL
self_service_portal.service.list.title,Usługi,pl_PL
self_service_portal.service.list.order_reference,Numer zamówienia,pl_PL
self_service_portal.service.list.product_name,Nazwa usługi,pl_PL
self_service_portal.service.list.service_sku,SKU,pl_PL
self_service_portal.service.list.scheduled_at,Godzina i data,pl_PL
self_service_portal.service.list.created_at,Data utworzenia,pl_PL
self_service_portal.service.list.empty,Nie masz jeszcze żadnych usług.,pl_PL
self_service_portal.service.list.widget.title,Usługi,pl_PL
self_service_portal.service.list.state,Województwo,pl_PL
self_service_portal.service.list.reset_button,Zresetuj,pl_PL
self_service_portal.service.list.my_services,Moje usługi,pl_PL
self_service_portal.service.list.business_unit_services,Usługi jednostki biznesowej,pl_PL
self_service_portal.service.list.company_services,Usługi firmy,pl_PL
self_service_portal.service.update_scheduled_time,Zmień zaplanowany termin,pl_PL
self_service_portal.service.update_scheduled_time.service.sku,SKU,pl_PL
self_service_portal.service.update_scheduled_time.service.name,Nazwa,pl_PL
self_service_portal.service.update_scheduled_time.service.quantity,Ilość,pl_PL
self_service_portal.service.update_scheduled_time.service.state,Województwo,pl_PL
self_service_portal.service.update_scheduled_time.title,Zaktualizuj zaplanowany termin usługi,pl_PL
self_service_portal.service.update_scheduled_time.success,Pozycja zamówienia została przeniesiona na nowy termin.,pl_PL
self_service_portal.service.update_scheduled_time.order_item_details,Szczegóły pozycji zamówienia,pl_PL
self_service_portal.service.update_scheduled_time.button.save,Zapisz,pl_PL
self_service_portal.service.update_scheduled_time.button.cancel,Anuluj,pl_PL
self_service_portal.service.update_scheduled_time.error.order_item_not_found,Nie znaleziono pozycji zamówienia o uuid %uuid%.,pl_PL
self_service_portal.service.list.field.business_unit,Poziom dostępu,pl_PL
self_service_portal.service.list.button.view,Zobacz,pl_PL
self_service_portal.company_file.table.header.file_reference,Numer referencyjny,pl_PL
self_service_portal.company_file.table.header.file_name,Nazwa pliku,pl_PL
self_service_portal.company_file.table.header.file_type,Format pliku,pl_PL
self_service_portal.company_file.table.header.file_created_at,Data dodania,pl_PL
self_service_portal.company_file.table.header.file_size,Rozmiar,pl_PL
self_service_portal.company_file.table.header.actions,Akcje,pl_PL
self_service_portal.company_file.table.actions.download,Pobierz,pl_PL
self_service_portal.company_file,Pliki,pl_PL
self_service_portal.company_file.view.empty,Nie masz jeszcze żadnych plików.,pl_PL
self_service_portal.company_file.file_search_filter_form.field.type.placeholder,Wybierz typ,pl_PL
self_service_portal.company_file.file_search_filter_form.field.type.label,Typ,pl_PL
self_service_portal.company_file.file_search_filter_form.field.date_from.label,Data od,pl_PL
self_service_portal.company_file.file_search_filter_form.field.date_to.label,Data do,pl_PL
self_service_portal.company_file.file_search_filter_form.field.access_level.placeholder,Wybierz poziom dostępu,pl_PL
self_service_portal.company_file.file_search_filter_form.field.access_level.label,Poziom dostępu,pl_PL
self_service_portal.company_file.file_search_filter_form.field.search.label,Szukaj,pl_PL
self_service_portal.company_file.file_search_filter_form.field.reset_all.label,Zresetuj wszystko,pl_PL
self_service_portal.company_file.file_search_filter_form.label.active_filters,Aktywne filtry:,pl_PL
self_service_portal.company_file.file_search_filter_form.field.type.company,Pliki firmy,pl_PL
self_service_portal.company_file.file_search_filter_form.field.type.company_user,Pliki,pl_PL
self_service_portal.company_file.file_search_filter_form.field.type.company_business_unit,Pliki jednostki biznesowej,pl_PL
customer.ssp_inquiries.date_from,Data od,pl_PL
customer.ssp_inquiries.date_to,Data do,pl_PL
customer.account.ssp_inquiry.details,Zapytanie,pl_PL
customer.ssp_inquiry.details.reference,Numer referencyjny,pl_PL
customer.ssp_inquiry.details.date,Data,pl_PL
customer.ssp_inquiry.details.status,Status,pl_PL
customer.ssp_inquiry.details,Szczegóły zapytania,pl_PL
customer.ssp_inquiry.details.type,Typ,pl_PL
customer.ssp_inquiry.details.subject,Temat,pl_PL
customer.ssp_inquiry.details.description,Opis,pl_PL
customer.ssp_inquiry.owner,Właściciel,pl_PL
customer.ssp_inquiry.details.first_name,Imię,pl_PL
customer.ssp_inquiry.details.last_name,Nazwisko,pl_PL
customer.ssp_inquiry.details.email,E-mail,pl_PL
customer.ssp_inquiry.details.company,Firma / Jednostka biznesowa,pl_PL
customer.ssp_inquiry.details.file.name,Nazwa pliku,pl_PL
customer.ssp_inquiry.details.file.size,Rozmiar,pl_PL
customer.ssp_inquiry.details.file.extension,Typ,pl_PL
customer.ssp_inquiry.details.file.download,Pobierz,pl_PL
ssp_inquiry.file.unavailable,Plik jest niedostępny,pl_PL
customer.ssp_inquiry.details.files,Pliki,pl_PL
ssp_inquiry.order.create_ssp_inquiry,Zapytanie,pl_PL
ssp_inquiry.order_reference.label,Numer zamówienia,pl_PL
customer.ssp_inquiry.details.order_reference,Numer zamówienia,pl_PL
ssp_inquiry.error.company_user_not_found,Nie znaleziono użytkownika firmy.,pl_PL
ssp_inquiry.type.general-question,Pytanie ogólne,pl_PL
ssp_inquiry.type.general-ssp_inquiry,Zapytanie ogólne,pl_PL
ssp_dashboard.index.widget.title,Panel,pl_PL
ssp_dashboard.general.view_all,Zobacz wszystko,pl_PL
ssp_dashboard.general.welcome,"Witaj, %name%",pl_PL
ssp_dashboard.overview.title,Mój przegląd,pl_PL
ssp_dashboard.general.ssp_assets,Zasoby,pl_PL
ssp_dashboard.general.inquiries,Oczekujące zapytania,pl_PL
ssp_dashboard.general.services,Zaplanowane usługi,pl_PL
ssp_dashboard.representatives.title,Przedstawiciele serwisu,pl_PL
ssp_dashboard.general.no_data,Nie ma jeszcze żadnych danych,pl_PL
ssp_dashboard.general.news,Aktualności i wydarzenia,pl_PL
dashboard.access.denied,Brak dostępu.,pl_PL
customer.account.files,Pliki,pl_PL
customer.account.no_files,Brak plików,pl_PL
customer.account.no_ssp_booked_services,Nie masz jeszcze zarezerwowanych usług.,pl_PL
dashboard.overview.not_applicable,nd.,pl_PL
product.filter.product-abstract-types,Typy produktów abstrakcyjnych,pl_PL
self_service_portal.asset.access.denied,Brak dostępu.,pl_PL
self_service_portal.asset.access.status.restricted,Dostęp ograniczony.,pl_PL
self_service_portal.service.checkout.item_count,Liczba pozycji,pl_PL
ssp-service-management.info.service-without-shipment-type.removed,Pozycja usługowa %sku% bez typu wysyłki została usunięta,pl_PL
product.filter.product-class-names,Klasa produktu,pl_PL
customer.account.ssp_services,Usługi,pl_PL
customer.account.no_ssp_services,W tej chwili nie ma żadnych usług,pl_PL
customer.ssp_service.order.reference,Numer zamówienia,pl_PL
customer.ssp_service.customer,Klient,pl_PL
customer.ssp_service.company,Firma,pl_PL
customer.ssp_service.service,Usługa,pl_PL
customer.ssp_service.created_at,Data utworzenia,pl_PL
customer.ssp_service.status,Status,pl_PL
customer.ssp_service.scheduled_at,Godzina i data,pl_PL
customer.ssp_service.actions,Akcje,pl_PL
customer.ssp_service.view_ssp_service,Zobacz,pl_PL
ssp_inquiry.mail.trans.ssp_inquiry_approved.main_text,Twoje zapytanie %reference% zostało zatwierdzone.,pl_PL
ssp_inquiry.mail.trans.ssp_inquiry_list_page,Zobacz zapytania,pl_PL
ssp_asset.validation.cannot_delete_own_assignment,Nie możesz usunąć własnego przypisania.,pl_PL
permission.name.DownloadCompanyFilesPermissionPlugin,Pobierz plik(i) ,pl_PL
permission.name.ViewCompanyFilesPermissionPlugin,Zobacz pliki firmy,pl_PL
permission.name.ViewCompanyUserFilesPermissionPlugin,Zobacz moje pliki,pl_PL
permission.name.ViewCompanyBusinessUnitFilesPermissionPlugin,Zobacz pliki jednostki biznesowej,pl_PL
permission.name.CreateSspInquiryPermissionPlugin,Utwórz zapytanie,pl_PL
permission.name.ViewCompanySspInquiryPermissionPlugin,Zobacz zapytania firmy,pl_PL
permission.name.ViewBusinessUnitSspInquiryPermissionPlugin,Zobacz zapytania jednostki biznesowej,pl_PL
permission.name.ViewDashboardPermissionPlugin,Zobacz panel,pl_PL
permission.name.ViewCompanySspAssetPermissionPlugin,Zobacz zasoby firmy,pl_PL
permission.name.ViewBusinessUnitSspAssetPermissionPlugin,Zobacz zasoby jednostki biznesowej,pl_PL
permission.name.CreateSspAssetPermissionPlugin,Utwórz zasoby,pl_PL
permission.name.UpdateSspAssetPermissionPlugin,Zaktualizuj zasoby,pl_PL
permission.name.UnassignSspAssetPermissionPlugin,Usuń przypisanie zasobów SSP jednostki biznesowej,pl_PL
ssp_dashboard.overview.not_applicable,nd.,pl_PL
self_service_portal.asset.form.image.description,Maksymalnie do %size%. Dozwolone formaty plików %format%,pl_PL
self_service_portal.asset.form.name.validation.min,Nazwa musi mieć co najmniej 3 znaki.,pl_PL
self_service_portal.asset.validation.name.not_set,Należy podać nazwę zasobu,pl_PL
self_service_portal.asset.validation.business_unit.not_set,Należy podać jednostkę biznesową,pl_PL
self_service_portal.asset.validation.company_business_unit.not_set,Należy podać jednostkę biznesową firmy,pl_PL
self_service_portal.asset.validation.assets_not_provided,Nie podano zasobów,pl_PL
self_service_portal.asset.validation.id_not_provided,Nie podano identyfikatora zasobu,pl_PL
self_service_portal.asset.validation.not_found,Nie znaleziono zasobu,pl_PL
self_service_portal.asset.list.widget.title,Zasoby,pl_PL
self_service_portal.asset.create.title,Utwórz zasób,pl_PL
self_service_portal.asset.list.title,Zasoby,pl_PL
self_service_portal.asset.submit.button,Zapisz,pl_PL
self_service_portal.asset.success.created,Zasób został pomyślnie utworzony,pl_PL
self_service_portal.asset.error.create,Nie udało się utworzyć zasobu,pl_PL
self_service_portal.asset.form.name,Nazwa,pl_PL
self_service_portal.asset.form.serial_number,Numer seryjny,pl_PL
self_service_portal.asset.form.note,Notatka,pl_PL
self_service_portal.asset.form.image,Zdjęcie,pl_PL
self_service_portal.asset.form.image.mime_type_error,Nieprawidłowy format pliku. Dozwolone formaty plików: {{ types }},pl_PL
self_service_portal.asset.form.external_image_url,Zewnętrzny adres URL zdjęcia,pl_PL
self_service_portal.asset.form.external_image_url.note,"Uwaga: jeśli żadne zdjęcie nie zostanie przesłane lokalnie, zasób użyje zdjęcia z podanego adresu URL.",pl_PL
self_service_portal.asset.update.title,Edytuj zasób,pl_PL
self_service_portal.asset.details.reference,Numer zasobu,pl_PL
self_service_portal.asset.cancel.button,Anuluj,pl_PL
self_service_portal.asset.details.created_date,Data dodania,pl_PL
self_service_portal.asset.details.owner,Właściciel jednostki biznesowej,pl_PL
self_service_portal.asset.details.confirm_delete_title,Potwierdź usunięcie,pl_PL
self_service_portal.asset.details.confirm_delete_body,Czy na pewno chcesz usunąć zdjęcie?,pl_PL
self_service_portal.asset.success.updated,Zasób został pomyślnie zaktualizowany,pl_PL
self_service_portal.asset.image.requirements,Wymagania dotyczące przesyłanego zdjęcia,pl_PL
self_service_portal.asset.image.upload,Wgraj zdjęcie,pl_PL
self_service_portal.asset.details_page.search_service,Szukaj usług,pl_PL
self_service_portal.asset.details_page.name,Nazwa,pl_PL
self_service_portal.asset.details_page.serial_number,Numer seryjny,pl_PL
self_service_portal.asset.details_page.note,Notatka,pl_PL
self_service_portal.asset.details_page.reference,Numer referencyjny,pl_PL
self_service_portal.asset.details_page.confirm_unassign_title,Potwierdź usunięcie,pl_PL
self_service_portal.asset.details_page.confirm_unassign_body,Usuń przypisanie tego zasobu do jednostki biznesowej. Czy chcesz kontynuować?,pl_PL
self_service_portal.asset.details_page.confirm_unassign_in_review,Zasób jest w trakcie weryfikacji. Możesz go usunąć po zatwierdzeniu.,pl_PL
self_service_portal.asset.details_page.unassign,Usuń przypisanie,pl_PL
self_service_portal.inquiry.type.ssp_asset,Zasób,pl_PL
customer.self_service_portal.inquiry.details.ssp_asset_reference,Numer zasobu,pl_PL
customer.self_service_portal.inquiry.ssp_asset.details,Szczegóły zasobu,pl_PL
customer.self_service_portal.inquiry.details.ssp_asset_not_available,Zasób niedostępny,pl_PL
self_service_portal.asset.error.reference_not_found,Nie znaleziono numeru zasobu,pl_PL
self_service_portal.asset.error.company_user_not_found,Nie znaleziono użytkownika firmy,pl_PL
customer.self_service_portal.inquiry.create.button,Utwórz zapytanie,pl_PL
self_service_portal.inquiry.ssp_asset_reference.label,Numer zasobu,pl_PL
customer.self_service_portal.inquiry.details.ssp_asset_name,Nazwa zasobu,pl_PL
customer.account.ssp_assets,Moje zasoby,pl_PL
customer.account.ssp_asset,Zasób,pl_PL
customer.ssp_asset.list.reference,Numer referencyjny,pl_PL
customer.ssp_asset.list.name,Nazwa zasobu,pl_PL
customer.ssp_asset.list.serial_number,Numer seryjny,pl_PL
customer.ssp_asset.list.date_added,Data dodania,pl_PL
customer.ssp_asset.view_ssp_asset,Zobacz,pl_PL
customer.ssp_asset.create.button,Utwórz zasób,pl_PL
customer.account.no_ssp_assets,Nie masz jeszcze żadnych zasobów.,pl_PL
company.error.company_user_not_found,Nie znaleziono użytkownika firmy,pl_PL
customer.ssp_asset.list.business_unit,Jednostka biznesowa,pl_PL
customer.ssp_asset.list.image,Zdjęcie,pl_PL
self_service_portal.asset.details_page.created_date,Data dodania,pl_PL
self_service_portal.asset.details_page.owner,Właściciel jednostki biznesowej,pl_PL
self_service_portal.asset.details_page.undefined,Nieokreślone,pl_PL
self_service_portal.asset.success.business_unit_relation_updated,Przypisanie jednostki biznesowej do zasobu zostało pomyślnie usunięte,pl_PL
self_service_portal.asset.details_page.status,Status,pl_PL
self_service_portal.asset.details.status,Status,pl_PL
self_service_portal.asset.status.pending,Oczekujące,pl_PL
self_service_portal.asset.status.approved,Zatwierdzone,pl_PL
self_service_portal.asset.status.in_review,W trakcie weryfikacji,pl_PL
self_service_portal.asset.status.declined,Odrzucone,pl_PL
customer.ssp_asset.list.business_unit,Właściciel jednostki biznesowej,pl_PL
self_service_portal.asset.information.assigned_bu,Przypisane jednostki biznesowe,pl_PL
customer.ssp_asset.filter.scope,Poziom dostępu,pl_PL
customer.ssp_asset.filter.scope.placeholder,Wybierz poziom dostępu,pl_PL
customer.ssp_asset.filter_by_business_unit,Zasoby mojej jednostki biznesowej,pl_PL
customer.ssp_asset.filter_by_company,Zasoby firmy,pl_PL
self_service_portal.asset.error.cannot_unassign_own_business_unit,Nie możesz usunąć przypisania własnej jednostki biznesowej do zasobu,pl_PL
self_service_portal.search_filter_form.label.active_filters,Aktywne filtry:,pl_PL
self_service_portal.search_filter_form.field.reset_all.label,Zresetuj wszystko,pl_PL
general.fileUpload.upload,Wgraj,pl_PL
self_service_portal.service.product.no_shipment_types_available,Brak dostępnych typów wysyłki dla tego produktu.,pl_PL
self_service_portal.service.product.shipment_types,Typy wysyłki,pl_PL
self_service_portal.service.product.select_service_point,Wybierz punkt usługowy,pl_PL
self_service_portal.service.product.service_point_required,Dla tego produktu wymagany jest punkt usługowy,pl_PL
self_service_portal.service.cart_item.service_point.name,Punkt usługowy,pl_PL
self_service_portal.service.product.service_date_time,Wybierz preferowaną datę i przedział godzinowy,pl_PL
self_service_portal.service.product.label.service_date_time,Data i godzina usługi,pl_PL
product.filter.product-abstract-types,Typy produktów abstrakcyjnych,pl_PL
self_service_portal.asset.access.denied,Brak dostępu.,pl_PL
self_service_portal.asset.access.status.restricted,Dostęp ograniczony.,pl_PL
self_service_portal.service.checkout.item_count,Liczba pozycji,pl_PL
ssp-service-management.info.service-without-shipment-type.removed,Pozycja usługowa %sku% bez typu wysyłki została usunięta,pl_PL
self_service_portal.service.cart_item.scheduled_at,Data i godzina usługi,pl_PL
self_service_portal.customer_navigation.title,Samoobsługa,pl_PL
customer.customer_navigation.title,Konto i zakupy,pl_PL
forms.apply-btn,Zastosuj,pl_PL
customer.account.button.filters,Filtry,pl_PL
general.fileUpload.description,Maksymalnie %amount% plików (%format%) do %size%,pl_PL
customer.account.self_service_portal.inquiry.details,Zapytanie,pl_PL
customer.self_service_portal.inquiry.details.reference,Numer referencyjny,pl_PL
self_service_portal.company_file.file_search_filter_form.field.type.company,Pliki firmy,pl_PL
self_service_portal.company_file.file_search_filter_form.field.type.company_user,Pliki,pl_PL
self_service_portal.company_file.file_search_filter_form.field.type.company_business_unit,Pliki jednostki biznesowej,pl_PL
customer.self_service_portal.inquiry.details.date,Data,pl_PL
customer.self_service_portal.inquiry.details.status,Status,pl_PL
customer.self_service_portal.inquiry.details,Szczegóły zapytania,pl_PL
customer.self_service_portal.inquiry.details.type,Typ,pl_PL
customer.self_service_portal.inquiry.details.subject,Temat,pl_PL
customer.self_service_portal.inquiry.details.description,Opis,pl_PL
customer.self_service_portal.inquiry.owner,Właściciel,pl_PL
customer.self_service_portal.inquiry.details.first_name,Imię,pl_PL
customer.self_service_portal.inquiry.details.last_name,Nazwisko,pl_PL
customer.self_service_portal.inquiry.details.email,E-mail,pl_PL
customer.self_service_portal.inquiry.details.company,Firma / Jednostka biznesowa,pl_PL
customer.self_service_portal.inquiry.details.file.name,Nazwa pliku,pl_PL
customer.self_service_portal.inquiry.details.file.size,Rozmiar,pl_PL
customer.self_service_portal.inquiry.details.file.extension,Typ,pl_PL
customer.self_service_portal.inquiry.details.file.download,Pobierz,pl_PL
customer.self_service_portal.inquiry.details.files,Pliki,pl_PL
customer.self_service_portal.inquiry.details.order_reference,Numer zamówienia,pl_PL
self_service_portal.inquiry.error.company_user_not_found,Nie znaleziono użytkownika firmy.,pl_PL
self_service_portal.inquiry.type.general-question,Pytanie ogólne,pl_PL
self_service_portal.inquiry.type.general-ssp_inquiry,Zapytanie ogólne,pl_PL
self_service_portal.inquiry.order.create_ssp_inquiry,Zapytanie,pl_PL
self_service_portal.inquiry.order_reference.label,Numer zamówienia,pl_PL
self_service_portal.inquiry.file.unavailable,Plik jest niedostępny,pl_PL
customer.ssp_inquiry.create.button,Utwórz zapytanie,pl_PL
ssp_asset.details_page.search_service,Szukaj usług,pl_PL
general.confirm.button,Potwierdź,pl_PL
product_offer_service_point_availability_widget.all_items_not_available,Niedostępne.,pl_PL
product_offer_service_point_availability_widget.all_items_available,Wszystkie pozycje są dostępne.,pl_PL
shipment_type.name.shipment_type_in-center-service,Usługa w punkcie serwisowym,pl_PL
ssp_asset_management.ssp_asset_search_filter_form.label.active_filters,Aktywne filtry:,pl_PL
self_service_portal.asset.business_unit_unassignment.denied,Nie możesz usunąć przypisania jednostki biznesowej do zasobu.,pl_PL
self_service_portal.asset.business_unit_assignment.denied,Nie możesz przypisać jednostki biznesowej do zasobu.,pl_PL
general.fileUpload.mb,MB,pl_PL
customer.address.single_address_per_shipment_type,Ustaw ten sam adres dla wszystkich produktów,pl_PL
service_point_widget.location_label,Lokalizacja:,pl_PL
self_service_portal.company_file.file_search_filter_form.field.business_entity.label,Poziom dostępu,pl_PL
self_service_portal.company_file.file_search_filter_form.field.ssp_asset_entity.label,Filtruj według zasobu,pl_PL
self_service_portal.company_file.file_attachment_type.all,Wszystkie dostępne pliki,pl_PL
self_service_portal.company_file.file_attachment_business_type.none,Nie pokazuj plików encji firmy,pl_PL
self_service_portal.company_file.file_attachment_ssp_asset_type.none,Nie pokazuj plików encji zasobu,pl_PL
self_service_portal.company_file.file_attachment_type.company_user,Moje pliki,pl_PL
self_service_portal.company_file.file_attachment_type.company,Pliki firmy,pl_PL
self_service_portal.company_file.file_attachment_type.all,Wszystkie dostępne pliki,pl_PL
self_service_portal.company_file.file_attachment_ssp_asset_type.none,Nie pokazuj plików zasobu,pl_PL
self_service_portal.company_file.file_attachment_business_type.none,Nie pokazuj plików jednostki biznesowej,pl_PL
customer.account.ssp_booked_services,Zarezerwowane usługi,pl_PL
customer.self_service_portal.service.list.product_name,Nazwa produktu,pl_PL
customer.self_service_portal.service.list.order_reference,Numer zamówienia,pl_PL
customer.self_service_portal.service.list.scheduled_at,Data i godzina,pl_PL
customer.self_service_portal.service.list.status,Status,pl_PL
ssp_dashboard.general.booked_services,Zarezerwowane usługi,pl_PL
permission.name.ViewCompanySspServicePermissionPlugin,Zobacz usługi firmy,pl_PL
permission.name.ViewBusinessUnitSspServicePermissionPlugin,Zobacz usługi jednostki biznesowej,pl_PL
self_service_portal.asset_filter.title,Filtruj według zasobu,pl_PL
self_service_portal.asset_filter.description,Filtruj pozycje na podstawie Twoich zasobów,pl_PL
self_service_portal.asset_filter.select_label,Wybierz moje zasoby,pl_PL
self_service_portal.asset_filter.serial_label,Numer seryjny:,pl_PL
self_service_portal.asset_filter.change,Zmień zasób,pl_PL
self_service_portal.asset_filter.clear,Wyczyść,pl_PL
self_service_portal.ssp_asset.details_page.catalog,Kup części zamienne,pl_PL
catalog.ssp.itemsFound,Znaleziono %num_found% pozycji dla %ssp_asset_name%,pl_PL
self_service_portal.asset.selector.button,Wybierz zasób,pl_PL
self_service_portal.asset.modal.header,Przypisz zasób,pl_PL
self_service_portal.asset.item.button,Przypisz,pl_PL
self_service_portal.asset.item.serial,Numer seryjny,pl_PL
self_service_portal.asset.error.attach_to_cart_item,Nie można dodać zasobu do koszyka.,pl_PL
self_service_portal.ssp_asset.success.attached_to_cart,Zasób został pomyślnie zaktualizowany dla pozycji %sku%.,pl_PL
global.search.results.no_query,Wyniki wyszukiwania,pl_PL
self_service_portal.order.service.cancel.title,Anulować usługę?,pl_PL
self_service_portal.order.service.cancel.description,Zamierzasz anulować %name% (SKU: %sku%),pl_PL
self_service_portal.order.service.cancel.keep,Zachowaj usługę,pl_PL
self_service_portal.asset.error.not-found,Nie znaleziono zasobu,pl_PL
self_service_portal.asset.validation.unknown_error,Podczas przetwarzania Twojego zasobu wystąpił nieoczekiwany błąd,pl_PL
self_service_portal.inquiry.error.not-found,Nie znaleziono zapytania,pl_PL
self_service_portal.inquiry.validation.unknown_error,Podczas przetwarzania Twojego zapytania wystąpił nieoczekiwany błąd,pl_PL
service_point.validation.service_point_key_exists,Punkt usługowy o tym samym kluczu już istnieje.,pl_PL
service_point.validation.service_point_key_is_not_unique,Punkt usługowy o tym samym kluczu już istnieje w żądaniu.,pl_PL
service_point.validation.service_point_key_wrong_length,Klucz punktu usługowego musi mieć długość od %min% do %max% znaków.,pl_PL
service_point.validation.service_point_name_wrong_length,Nazwa punktu usługowego musi mieć długość od %min% do %max% znaków.,pl_PL
service_point.validation.store_does_not_exist,Sklep o nazwie '%name%' nie istnieje.,pl_PL
service_point.validation.service_point_entity_not_found,Nie znaleziono encji punktu usługowego.,pl_PL
service_point.validation.wrong_request_body,Nieprawidłowa treść żądania.,pl_PL
service_point.validation.country_entity_not_found,Kraj o kodzie iso2 '%iso2Code%' nie istnieje.,pl_PL
service_point.validation.region_entity_not_found,Region o uuid '%uuid%' nie istnieje dla kraju o kodzie iso2 '%countryIso2Code%'.,pl_PL
service_point.validation.service_point_address_address1_wrong_length,Pole address1 adresu punktu usługowego musi mieć długość od %min% do %max% znaków.,pl_PL
service_point.validation.service_point_address_address2_wrong_length,Pole address2 adresu punktu usługowego musi mieć długość od %min% do %max% znaków.,pl_PL
service_point.validation.service_point_address_address3_wrong_length,Pole address3 adresu punktu usługowego musi mieć długość od %min% do %max% znaków.,pl_PL
service_point.validation.service_point_address_city_wrong_length,Miasto w adresie punktu usługowego musi mieć długość od %min% do %max% znaków.,pl_PL
service_point.validation.service_point_address_entity_not_found,Nie znaleziono encji adresu punktu usługowego.,pl_PL
service_point.validation.service_point_address_zip_code_wrong_length,Kod pocztowy w adresie punktu usługowego musi mieć długość od %min% do %max% znaków.,pl_PL
service_point.validation.service_point_address_already_exists,Adres dla tego punktu usługowego już istnieje.,pl_PL
service_point.validation.service_point_uuid_is_not_unique,Punkt usługowy o tym samym uuid już istnieje w żądaniu.,pl_PL
service_point.validation.service_type_key_exists,Typ usługi o tym samym kluczu już istnieje.,pl_PL
service_point.validation.service_type_key_wrong_length,Klucz typu usługi musi mieć długość od %min% do %max% znaków.,pl_PL
service_point.validation.service_type_key_is_not_unique,Typ usługi o tym samym kluczu już istnieje w żądaniu.,pl_PL
service_point.validation.service_type_name_exists,Typ usługi o tej samej nazwie już istnieje.,pl_PL
service_point.validation.service_type_name_wrong_length,Nazwa typu usługi musi mieć długość od %min% do %max% znaków.,pl_PL
service_point.validation.service_type_name_is_not_unique,Typ usługi o tej samej nazwie już istnieje w żądaniu.,pl_PL
service_point.validation.service_type_entity_not_found,Nie znaleziono encji typu usługi.,pl_PL
service_point.validation.service_poinst_service_key_exists,Usługa o tym samym kluczu już istnieje.,pl_PL
service_point.validation.service_key_wrong_length,Klucz usługi musi mieć długość od %min% do %max% znaków.,pl_PL
service_point.validation.service_key_is_not_unique,Usługa o tym samym kluczu już istnieje w żądaniu.,pl_PL
service_point.validation.service_type_relation_already_exists,Usługa z określoną relacją punktu usługowego i typu usługi już istnieje.,pl_PL
service_point.validation.service_type_relation_is_not_unique,Usługa z określoną relacją punktu usługowego i typu usługi już istnieje w żądaniu.,pl_PL
service_point.validation.service_entity_not_found,Nie znaleziono encji usługi.,pl_PL
service_point.validation.service_key_immutability,Klucz usługi jest niezmienny.,pl_PL
service_point.validation.service_type_key_immutability,Klucz typu usługi jest niezmienny.,pl_PL
service_point.validation.service_key_exists,Usługa o tym samym kluczu już istnieje.,pl_PL
service_points_rest_api.error.endpoint_not_found,Nie znaleziono punktu końcowego.,pl_PL
service_points_rest_api.error.service_point_identifier_is_not_specified,Nie podano identyfikatora punktu usługowego.,pl_PL
service_point_widget.search,"Szukaj sklepu, kodu pocztowego lub miasta...",pl_PL
service_point_widget.select_store_action,Wybierz sklep,pl_PL
service_point_widget.no_results,Nic nie znaleziono...,pl_PL
service_point_cart.checkout.validation.error,"Wybrany punkt usługowy ""%uuid%"" jest niedostępny dla sklepu ""%store_name%""",pl_PL
service_point_widget.validation.error.service_point_not_selected,Wybierz punkt usługowy.,pl_PL
service_point_widget.validation.error.billing_address_not_provided,Dodaj adres rozliczeniowy ręcznie.,pl_PL
service_point_widget.select_location_action,Wybierz warsztat usługowy,pl_PL
service_point_widget.change_action,Zmień,pl_PL
service_point_widget.select_your_store_title,Wybierz swój sklep,pl_PL
service_point_widget.search,"Szukaj sklepu, kodu pocztowego lub miasta...",pl_PL
service_point_widget.select_store_action,Wybierz sklep,pl_PL
service_point_widget.no_results,Nic nie znaleziono...,pl_PL
shipment_type.name.shipment_type_delivery,Dostawa,pl_PL
shipment_type.name.shipment_type_pickup,Odbiór osobisty,pl_PL
shipment_type.validation.shipment_type_entity_not_found,Nie znaleziono encji typu dostawy.,pl_PL
shipment_type.validation.shipment_type_key_exists,Typ dostawy o tym samym kluczu już istnieje.,pl_PL
shipment_type.validation.shipment_type_key_is_not_unique,Co najmniej dwa typy dostawy w tym żądaniu mają ten sam klucz.,pl_PL
shipment_type.validation.shipment_type_key_invalid_length,Klucz typu dostawy musi mieć długość od %min% do %max% znaków.,pl_PL
shipment_type.validation.shipment_type_name_invalid_length,Nazwa typu dostawy musi mieć długość od %min% do %max% znaków.,pl_PL
shipment_type.validation.store_does_not_exist,Sklep o nazwie ‘%name%’ nie istnieje.,pl_PL
shipment_types_rest_api.error.shipment_type_not_available,"Wybrany typ dostawy ""%name%"" jest niedostępny.",pl_PL
merchant_product_offer.view_seller,Zobacz sprzedawcę,pl_PL
merchant_product_offer.sold_by,Sprzedawane przez,pl_PL
product-offer.info.product-offer-inactive.removed,Nieaktywna pozycja %sku% została usunięta z Twojego koszyka.,pl_PL
product-offer.info.reference.invalid,Nie znaleziono numeru oferty produktu dla produktu o SKU '%sku%'.,pl_PL
product-offer.message.not-active-or-approved,Oferta produktu nie jest aktywna dla produktu o SKU '%sku%'.,pl_PL
merchant_product_offer_widget.merchant_name,Sprzedawca,pl_PL
self_service_portal.asset.selector.label,Przypisz tę pozycję do zasobu,pl_PL
self_service_portal.asset.selector.button,Wybierz zasób,pl_PL
self_service_portal.asset.modal.header,Przypisz zasób,pl_PL
self_service_portal.asset.item.button,Przypisz,pl_PL
self_service_portal.asset.item.serial,Numer seryjny,pl_PL
self_service_portal.asset.selector.search_placeholder,"Szukaj po nazwie, numerze lub numerze seryjnym",pl_PL
self_service_portal.asset.selector.no_assets_available,Brak dostępnych zasobów,pl_PL
self_service_portal.asset.selector.change,Zmień,pl_PL
self_service_portal.asset.compatibility.compatible,Kompatybilny,pl_PL
self_service_portal.asset.compatibility.not_compatible,Niekompatybilny,pl_PL
cart.shipping,Dostawa,pl_PL
self_service_portal.asset.assigned_asset,Przypisany zasób,pl_PL
self_service_portal.asset.name,Nazwa zasobu,pl_PL
self_service_portal.asset.serial_number,Numer seryjny zasobu,pl_PL
self_service_portal.asset.compatibility,Kompatybilność zasobu,pl_PL
self_service_portal.service.cancellation.error.no_items,Nie podano pozycji zamówienia.,pl_PL
self_service_portal.service.cancel_service,Anuluj usługę,pl_PL
self_service_portal.service.cancellation.success,Usługa została pomyślnie anulowana.,pl_PL
self_service_portal.service.cancellation.error,Nie udało się anulować usługi.,pl_PL
self_service_portal.service.validation.no_order_items_provided,Nie podano pozycji zamówienia.,pl_PL
self_service_portal.service.validation.status_change_failed,Zmiana statusu nie udała się.,pl_PL
permission.name.DownloadCompanyFilesPermissionPlugin,Pobierz plik(i) ,pl_PL
permission.name.ViewCompanyFilesPermissionPlugin,Zobacz pliki firmy,pl_PL
permission.name.ViewCompanyUserFilesPermissionPlugin,Zobacz pliki,pl_PL
permission.name.ViewCompanyBusinessUnitFilesPermissionPlugin,Zobacz pliki jednostki biznesowej,pl_PL
permission.name.CreateSspInquiryPermissionPlugin,Utwórz zapytanie,pl_PL
permission.name.ViewCompanySspInquiryPermissionPlugin,Zobacz zapytania firmy,pl_PL
permission.name.ViewBusinessUnitSspInquiryPermissionPlugin,Zobacz zapytania jednostki biznesowej,pl_PL
permission.name.ViewDashboardPermissionPlugin,Zobacz panel,pl_PL
self_service_portal.inquiry.success.created,Zapytanie zostało pomyślnie wysłane,pl_PL
self_service_portal.inquiry.type.label,Typ,pl_PL
self_service_portal.inquiry.access.denied,Brak dostępu.,pl_PL
self_service_portal.inquiry.success.canceled,Zapytanie zostało anulowane.,pl_PL
self_service_portal.inquiry.cancel,Anuluj zapytanie,pl_PL
self_service_portal.inquiry.create.select_type,Wybierz typ,pl_PL
self_service_portal.inquiry.status.pending,Oczekujące,pl_PL
self_service_portal.inquiry.status.in_review,W trakcie weryfikacji,pl_PL
self_service_portal.inquiry.status.approved,Zatwierdzone,pl_PL
self_service_portal.inquiry.status.rejected,Odrzucone,pl_PL
self_service_portal.inquiry.status.canceled,Anulowane,pl_PL
self_service_portal.inquiry.subject.label,Temat,pl_PL
self_service_portal.inquiry.mail.trans.ssp_inquiry_list_page,Zobacz zapytania,pl_PL
self_service_portal.inquiry.mail.trans.ssp_inquiry_approved.salutation,Witaj %name%,pl_PL
self_service_portal.inquiry.mail.trans.ssp_inquiry_approved.subject,Status Twojego zapytania %reference% został zmieniony.,pl_PL
self_service_portal.inquiry.mail.trans.ssp_inquiry_approved.main_text,Twoje zapytanie %reference% zostało zatwierdzone.,pl_PL
self_service_portal.inquiry.mail.trans.ssp_inquiry_rejected.salutation,Witaj %name%,pl_PL
self_service_portal.inquiry.mail.trans.ssp_inquiry_rejected.subject,Status Twojego zapytania %reference% został zmieniony.,pl_PL
self_service_portal.inquiry.mail.trans.ssp_inquiry_rejected.main_text,Twoje zapytanie %reference% zostało odrzucone.,pl_PL
self_service_portal.inquiry.description.label,Opis,pl_PL
self_service_portal.inquiry.files.label,Przesyłanie pliku,pl_PL
self_service_portal.inquiry.type.general,Ogólne,pl_PL
self_service_portal.inquiry.type.order,Reklamacja zamówienia,pl_PL
customer.account.ssp_inquiries,Zapytania,pl_PL
customer.ssp_inquiries.access_level.placeholder,Wybierz poziom dostępu,pl_PL
customer.ssp_inquiries.search.placeholder,Szukaj po numerze lub opisie,pl_PL
customer.ssp_inquiries.access_level.company_inquiries,Zapytania firmy,pl_PL
customer.ssp_inquiries.search.label,Szukaj,pl_PL
customer.ssp_inquiries.search.placeholder,Szukaj po numerze lub temacie,pl_PL
customer.ssp_inquiries.access_level.label,Poziom dostępu,pl_PL
customer.ssp_inquiries.access_level.my_inquiries,Moje zapytania,pl_PL
customer.self_service_portal.inquiry.create_ssp_inquiry,Utwórz zapytanie,pl_PL
self_service_portal.inquiry.validation.type.invalid,Nieprawidłowy typ zapytania.,pl_PL
self_service_portal.inquiry.list.widget.title,Zapytania,pl_PL
customer.self_service_portal.inquiry.list,Zapytania,pl_PL
self_service_portal.inquiry.file.file_not_found,Nie znaleziono pliku,pl_PL
self_service_portal.inquiry.file.mime_type.error,Nieprawidłowy format pliku.,pl_PL
self_service_portal.inquiry.validation.company_user.not_set,Brak użytkownika firmy.,pl_PL
self_service_portal.inquiry.validation.type.not_set,Brak typu zapytania.,pl_PL
self_service_portal.inquiry.validation.subject.not_set,Brak tematu zapytania.,pl_PL
self_service_portal.inquiry.validation.description.not_set,Brak opisu zapytania.,pl_PL
self_service_portal.inquiry.error.file.format.invalid,Oczekiwana jest tablica plików.,pl_PL
self_service_portal.inquiry.error.file.count.invalid,Nieprawidłowa liczba plików. Maksymalna liczba plików: {{ limit }},pl_PL
self_service_portal.inquiry.error.file.size.invalid,"Nieprawidłowy łączny rozmiar plików. Maksymalny dozwolony rozmiar wszystkich plików to %maxSize%, a przesłano %size%.",pl_PL
self_service_portal.inquiry.error.status_change,Zmiana statusu nie udała się.,pl_PL
self_service_portal.inquiry.submit.button,Wyślij zapytanie,pl_PL
customer.self_service_portal.inquiry.create.button,Utwórz zapytanie,pl_PL
customer.self_service_portal.inquiry.all_ssp_inquiries,Zapytania,pl_PL
customer.self_service_portal.inquiry.list.reference,Numer referencyjny,pl_PL
customer.self_service_portal.inquiry.list.type,Typ,pl_PL
customer.self_service_portal.inquiry.list.subject,Temat,pl_PL
customer.self_service_portal.inquiry.list.owner,Właściciel,pl_PL
customer.self_service_portal.inquiry.list.date_created,Data,pl_PL
customer.self_service_portal.inquiry.list.status,Status,pl_PL
self_service_portal.inquiry.list.filter.type.placeholder,Wybierz typ,pl_PL
self_service_portal.inquiry.list.filter.type.label,Typ,pl_PL
self_service_portal.inquiry.list.filter.status.placeholder,Wybierz status,pl_PL
self_service_portal.inquiry.list.filter.status.label,Status,pl_PL
customer.account.no_ssp_inquiries,Nie masz jeszcze żadnych zapytań.,pl_PL
customer.self_service_portal.inquiry.view_ssp_inquiry,Zobacz,pl_PL
self_service_portal.service.validation.no_order_items_provided,Nie podano pozycji zamówienia.,pl_PL
self_service_portal.service.validation.order_not_found,Nie znaleziono zamówienia o ID %id%.,pl_PL
self_service_portal.service.validation.no_payment_methods_found,Nie znaleziono metod płatności dla tego zamówienia.,pl_PL
self_service_portal.service.list.search_placeholder,Szukaj,pl_PL
self_service_portal.service.list.search_button,Szukaj,pl_PL
self_service_portal.service.list.title,Usługi,pl_PL
self_service_portal.service.list.order_reference,Numer zamówienia,pl_PL
self_service_portal.service.list.product_name,Nazwa usługi,pl_PL
self_service_portal.service.list.service_sku,SKU,pl_PL
self_service_portal.service.list.scheduled_at,Godzina i data,pl_PL
self_service_portal.service.list.created_at,Data utworzenia,pl_PL
self_service_portal.service.list.empty,Nie masz jeszcze żadnych usług.,pl_PL
self_service_portal.service.list.widget.title,Usługi,pl_PL
self_service_portal.service.list.state,Województwo,pl_PL
self_service_portal.service.list.reset_button,Zresetuj,pl_PL
self_service_portal.service.list.my_services,Moje usługi,pl_PL
self_service_portal.service.list.business_unit_services,Usługi jednostki biznesowej,pl_PL
self_service_portal.service.list.company_services,Usługi firmy,pl_PL
self_service_portal.service.update_scheduled_time,Zmień zaplanowany termin,pl_PL
self_service_portal.service.update_scheduled_time.service.sku,SKU,pl_PL
self_service_portal.service.update_scheduled_time.service.name,Nazwa,pl_PL
self_service_portal.service.update_scheduled_time.service.quantity,Ilość,pl_PL
self_service_portal.service.update_scheduled_time.service.state,Województwo,pl_PL
self_service_portal.service.update_scheduled_time.title,Zaktualizuj zaplanowany termin usługi,pl_PL
self_service_portal.service.update_scheduled_time.success,Pozycja zamówienia została przeniesiona na nowy termin.,pl_PL
self_service_portal.service.update_scheduled_time.order_item_details,Szczegóły pozycji zamówienia,pl_PL
self_service_portal.service.update_scheduled_time.button.save,Zapisz,pl_PL
self_service_portal.service.update_scheduled_time.button.cancel,Anuluj,pl_PL
self_service_portal.service.update_scheduled_time.error.order_item_not_found,Nie znaleziono pozycji zamówienia o uuid %uuid%.,pl_PL
self_service_portal.service.list.field.business_unit,Poziom dostępu,pl_PL
self_service_portal.service.list.button.view,Zobacz,pl_PL
self_service_portal.company_file.table.header.file_reference,Numer referencyjny,pl_PL
self_service_portal.company_file.table.header.file_name,Nazwa pliku,pl_PL
self_service_portal.company_file.table.header.file_type,Format pliku,pl_PL
self_service_portal.company_file.table.header.file_created_at,Data dodania,pl_PL
self_service_portal.company_file.table.header.file_size,Rozmiar,pl_PL
self_service_portal.company_file.table.header.actions,Akcje,pl_PL
self_service_portal.company_file.table.actions.download,Pobierz,pl_PL
self_service_portal.company_file,Pliki,pl_PL
self_service_portal.company_file.view.empty,Nie masz jeszcze żadnych plików.,pl_PL
self_service_portal.company_file.file_search_filter_form.field.type.placeholder,Wybierz typ,pl_PL
self_service_portal.company_file.file_search_filter_form.field.type.label,Typ,pl_PL
self_service_portal.company_file.file_search_filter_form.field.date_from.label,Data od,pl_PL
self_service_portal.company_file.file_search_filter_form.field.date_to.label,Data do,pl_PL
self_service_portal.company_file.file_search_filter_form.field.access_level.placeholder,Wybierz poziom dostępu,pl_PL
self_service_portal.company_file.file_search_filter_form.field.access_level.label,Poziom dostępu,pl_PL
self_service_portal.company_file.file_search_filter_form.field.search.label,Szukaj,pl_PL
self_service_portal.company_file.file_search_filter_form.field.reset_all.label,Zresetuj wszystko,pl_PL
self_service_portal.company_file.file_search_filter_form.label.active_filters,Aktywne filtry:,pl_PL
self_service_portal.company_file.file_search_filter_form.field.type.company,Pliki firmy,pl_PL
self_service_portal.company_file.file_search_filter_form.field.type.company_user,Pliki,pl_PL
self_service_portal.company_file.file_search_filter_form.field.type.company_business_unit,Pliki jednostki biznesowej,pl_PL
customer.ssp_inquiries.date_from,Data od,pl_PL
customer.ssp_inquiries.date_to,Data do,pl_PL
customer.account.ssp_inquiry.details,Zapytanie,pl_PL
customer.ssp_inquiry.details.reference,Numer referencyjny,pl_PL
customer.ssp_inquiry.details.date,Data,pl_PL
customer.ssp_inquiry.details.status,Status,pl_PL
customer.ssp_inquiry.details,Szczegóły zapytania,pl_PL
customer.ssp_inquiry.details.type,Typ,pl_PL
customer.ssp_inquiry.details.subject,Temat,pl_PL
customer.ssp_inquiry.details.description,Opis,pl_PL
customer.ssp_inquiry.owner,Właściciel,pl_PL
customer.ssp_inquiry.details.first_name,Imię,pl_PL
customer.ssp_inquiry.details.last_name,Nazwisko,pl_PL
customer.ssp_inquiry.details.email,E-mail,pl_PL
customer.ssp_inquiry.details.company,Firma / Jednostka biznesowa,pl_PL
customer.ssp_inquiry.details.file.name,Nazwa pliku,pl_PL
customer.ssp_inquiry.details.file.size,Rozmiar,pl_PL
customer.ssp_inquiry.details.file.extension,Typ,pl_PL
customer.ssp_inquiry.details.file.download,Pobierz,pl_PL
ssp_inquiry.file.unavailable,Plik jest niedostępny,pl_PL
customer.ssp_inquiry.details.files,Pliki,pl_PL
ssp_inquiry.order.create_ssp_inquiry,Zapytanie,pl_PL
ssp_inquiry.order_reference.label,Numer zamówienia,pl_PL
customer.ssp_inquiry.details.order_reference,Numer zamówienia,pl_PL
ssp_inquiry.error.company_user_not_found,Nie znaleziono użytkownika firmy.,pl_PL
ssp_inquiry.type.general-question,Pytanie ogólne,pl_PL
ssp_inquiry.type.general-ssp_inquiry,Zapytanie ogólne,pl_PL
ssp_dashboard.index.widget.title,Panel,pl_PL
ssp_dashboard.general.view_all,Zobacz wszystko,pl_PL
ssp_dashboard.general.welcome,"Witaj, %name%",pl_PL
ssp_dashboard.overview.title,Mój przegląd,pl_PL
ssp_dashboard.general.ssp_assets,Zasoby,pl_PL
ssp_dashboard.general.inquiries,Oczekujące zapytania,pl_PL
ssp_dashboard.general.services,Zaplanowane usługi,pl_PL
ssp_dashboard.representatives.title,Przedstawiciele serwisu,pl_PL
ssp_dashboard.general.no_data,Nie ma jeszcze żadnych danych,pl_PL
ssp_dashboard.general.news,Aktualności i wydarzenia,pl_PL
dashboard.access.denied,Brak dostępu.,pl_PL
customer.account.files,Pliki,pl_PL
customer.account.no_files,Brak plików,pl_PL
customer.account.no_ssp_booked_services,Nie masz jeszcze zarezerwowanych usług.,pl_PL
dashboard.overview.not_applicable,nd.,pl_PL
product.filter.product-abstract-types,Typy produktów abstrakcyjnych,pl_PL
self_service_portal.asset.access.denied,Brak dostępu.,pl_PL
self_service_portal.asset.access.status.restricted,Dostęp ograniczony.,pl_PL
self_service_portal.service.checkout.item_count,Liczba pozycji,pl_PL
ssp-service-management.info.service-without-shipment-type.removed,Pozycja usługowa %sku% bez typu wysyłki została usunięta,pl_PL
product.filter.product-class-names,Klasa produktu,pl_PL
customer.account.ssp_services,Usługi,pl_PL
customer.account.no_ssp_services,W tej chwili nie ma żadnych usług,pl_PL
customer.ssp_service.order.reference,Numer zamówienia,pl_PL
customer.ssp_service.customer,Klient,pl_PL
customer.ssp_service.company,Firma,pl_PL
customer.ssp_service.service,Usługa,pl_PL
customer.ssp_service.created_at,Data utworzenia,pl_PL
customer.ssp_service.status,Status,pl_PL
customer.ssp_service.scheduled_at,Godzina i data,pl_PL
customer.ssp_service.actions,Akcje,pl_PL
customer.ssp_service.view_ssp_service,Zobacz,pl_PL
ssp_inquiry.mail.trans.ssp_inquiry_approved.main_text,Twoje zapytanie %reference% zostało zatwierdzone.,pl_PL
ssp_inquiry.mail.trans.ssp_inquiry_list_page,Zobacz zapytania,pl_PL
ssp_asset.validation.cannot_delete_own_assignment,Nie możesz usunąć własnego przypisania.,pl_PL
permission.name.DownloadCompanyFilesPermissionPlugin,Pobierz plik(i) ,pl_PL
permission.name.ViewCompanyFilesPermissionPlugin,Zobacz pliki firmy,pl_PL
permission.name.ViewCompanyUserFilesPermissionPlugin,Zobacz moje pliki,pl_PL
permission.name.ViewCompanyBusinessUnitFilesPermissionPlugin,Zobacz pliki jednostki biznesowej,pl_PL
permission.name.CreateSspInquiryPermissionPlugin,Utwórz zapytanie,pl_PL
permission.name.ViewCompanySspInquiryPermissionPlugin,Zobacz zapytania firmy,pl_PL
permission.name.ViewBusinessUnitSspInquiryPermissionPlugin,Zobacz zapytania jednostki biznesowej,pl_PL
permission.name.ViewDashboardPermissionPlugin,Zobacz panel,pl_PL
permission.name.ViewCompanySspAssetPermissionPlugin,Zobacz zasoby firmy,pl_PL
permission.name.ViewBusinessUnitSspAssetPermissionPlugin,Zobacz zasoby jednostki biznesowej,pl_PL
permission.name.CreateSspAssetPermissionPlugin,Utwórz zasoby,pl_PL
permission.name.UpdateSspAssetPermissionPlugin,Zaktualizuj zasoby,pl_PL
permission.name.UnassignSspAssetPermissionPlugin,Usuń przypisanie zasobów SSP jednostki biznesowej,pl_PL
ssp_dashboard.overview.not_applicable,nd.,pl_PL
self_service_portal.asset.form.image.description,Maksymalnie do %size%. Dozwolone formaty plików %format%,pl_PL
self_service_portal.asset.validation.name.not_set,Należy podać nazwę zasobu,pl_PL
self_service_portal.asset.validation.business_unit.not_set,Należy podać jednostkę biznesową,pl_PL
self_service_portal.asset.validation.company_business_unit.not_set,Należy podać jednostkę biznesową firmy,pl_PL
self_service_portal.asset.validation.assets_not_provided,Nie podano zasobów,pl_PL
self_service_portal.asset.validation.id_not_provided,Nie podano identyfikatora zasobu,pl_PL
self_service_portal.asset.validation.not_found,Nie znaleziono zasobu,pl_PL
self_service_portal.asset.list.widget.title,Zasoby,pl_PL
self_service_portal.asset.create.title,Utwórz zasób,pl_PL
self_service_portal.asset.list.title,Zasoby,pl_PL
self_service_portal.asset.submit.button,Zapisz,pl_PL
self_service_portal.asset.success.created,Zasób został pomyślnie utworzony,pl_PL
self_service_portal.asset.error.create,Nie udało się utworzyć zasobu,pl_PL
self_service_portal.asset.form.name,Nazwa,pl_PL
self_service_portal.asset.form.serial_number,Numer seryjny,pl_PL
self_service_portal.asset.form.note,Notatka,pl_PL
self_service_portal.asset.form.image,Zdjęcie,pl_PL
self_service_portal.asset.form.image.mime_type_error,Nieprawidłowy format pliku. Dozwolone formaty plików: {{ types }},pl_PL
self_service_portal.asset.form.external_image_url,Zewnętrzny adres URL zdjęcia,pl_PL
self_service_portal.asset.form.external_image_url.note,"Uwaga: jeśli żadne zdjęcie nie zostanie przesłane lokalnie, zasób użyje zdjęcia z podanego adresu URL.",pl_PL
self_service_portal.asset.update.title,Edytuj zasób,pl_PL
self_service_portal.asset.details.reference,Numer zasobu,pl_PL
self_service_portal.asset.cancel.button,Anuluj,pl_PL
self_service_portal.asset.details.created_date,Data dodania,pl_PL
self_service_portal.asset.details.owner,Właściciel jednostki biznesowej,pl_PL
self_service_portal.asset.details.confirm_delete_title,Potwierdź usunięcie,pl_PL
self_service_portal.asset.details.confirm_delete_body,Czy na pewno chcesz usunąć zdjęcie?,pl_PL
self_service_portal.asset.success.updated,Zasób został pomyślnie zaktualizowany,pl_PL
self_service_portal.asset.image.requirements,Wymagania dotyczące przesyłanego zdjęcia,pl_PL
self_service_portal.asset.image.upload,Wgraj zdjęcie,pl_PL
self_service_portal.asset.details_page.search_service,Szukaj usług,pl_PL
self_service_portal.asset.details_page.name,Nazwa,pl_PL
self_service_portal.asset.details_page.serial_number,Numer seryjny,pl_PL
self_service_portal.asset.details_page.note,Notatka,pl_PL
self_service_portal.asset.details_page.reference,Numer referencyjny,pl_PL
self_service_portal.asset.details_page.confirm_unassign_title,Potwierdź usunięcie,pl_PL
self_service_portal.asset.details_page.confirm_unassign_body,Usuń przypisanie tego zasobu do jednostki biznesowej. Czy chcesz kontynuować?,pl_PL
self_service_portal.asset.details_page.confirm_unassign_in_review,Zasób jest w trakcie weryfikacji. Możesz go usunąć po zatwierdzeniu.,pl_PL
self_service_portal.asset.details_page.unassign,Usuń przypisanie,pl_PL
self_service_portal.inquiry.type.ssp_asset,Zasób,pl_PL
customer.self_service_portal.inquiry.details.ssp_asset_reference,Numer zasobu,pl_PL
customer.self_service_portal.inquiry.ssp_asset.details,Szczegóły zasobu,pl_PL
customer.self_service_portal.inquiry.details.ssp_asset_not_available,Zasób niedostępny,pl_PL
self_service_portal.asset.error.reference_not_found,Nie znaleziono numeru zasobu,pl_PL
self_service_portal.asset.error.company_user_not_found,Nie znaleziono użytkownika firmy,pl_PL
customer.self_service_portal.inquiry.create.button,Utwórz zapytanie,pl_PL
self_service_portal.inquiry.ssp_asset_reference.label,Numer zasobu,pl_PL
customer.self_service_portal.inquiry.details.ssp_asset_name,Nazwa zasobu,pl_PL
customer.account.ssp_assets,Moje zasoby,pl_PL
customer.account.ssp_asset,Zasób,pl_PL
customer.ssp_asset.list.reference,Numer referencyjny,pl_PL
customer.ssp_asset.list.name,Nazwa zasobu,pl_PL
customer.ssp_asset.list.serial_number,Numer seryjny,pl_PL
customer.ssp_asset.list.date_added,Data dodania,pl_PL
customer.ssp_asset.view_ssp_asset,Zobacz,pl_PL
customer.ssp_asset.create.button,Utwórz zasób,pl_PL
customer.account.no_ssp_assets,Nie masz jeszcze żadnych zasobów.,pl_PL
company.error.company_user_not_found,Nie znaleziono użytkownika firmy,pl_PL
customer.ssp_asset.list.business_unit,Jednostka biznesowa,pl_PL
customer.ssp_asset.list.image,Zdjęcie,pl_PL
self_service_portal.asset.details_page.created_date,Data dodania,pl_PL
self_service_portal.asset.details_page.owner,Właściciel jednostki biznesowej,pl_PL
self_service_portal.asset.details_page.undefined,Nieokreślone,pl_PL
self_service_portal.asset.success.business_unit_relation_updated,Przypisanie jednostki biznesowej do zasobu zostało pomyślnie usunięte,pl_PL
self_service_portal.asset.details_page.status,Status,pl_PL
self_service_portal.asset.details.status,Status,pl_PL
self_service_portal.asset.status.pending,Oczekujące,pl_PL
self_service_portal.asset.status.approved,Zatwierdzone,pl_PL
self_service_portal.asset.status.in_review,W trakcie weryfikacji,pl_PL
self_service_portal.asset.status.declined,Odrzucone,pl_PL
customer.ssp_asset.list.business_unit,Właściciel jednostki biznesowej,pl_PL
self_service_portal.asset.information.assigned_bu,Przypisane jednostki biznesowe,pl_PL
customer.ssp_asset.filter.scope,Poziom dostępu,pl_PL
customer.ssp_asset.filter.scope.placeholder,Wybierz poziom dostępu,pl_PL
customer.ssp_asset.filter_by_business_unit,Zasoby mojej jednostki biznesowej,pl_PL
customer.ssp_asset.filter_by_company,Zasoby firmy,pl_PL
self_service_portal.asset.error.cannot_unassign_own_business_unit,Nie możesz usunąć przypisania własnej jednostki biznesowej do zasobu,pl_PL
self_service_portal.search_filter_form.label.active_filters,Aktywne filtry:,pl_PL
self_service_portal.search_filter_form.field.reset_all.label,Zresetuj wszystko,pl_PL
general.fileUpload.upload,Wgraj,pl_PL
self_service_portal.service.product.no_shipment_types_available,Brak dostępnych typów wysyłki dla tego produktu.,pl_PL
self_service_portal.service.product.shipment_types,Typy wysyłki,pl_PL
self_service_portal.service.product.select_service_point,Wybierz punkt usługowy,pl_PL
self_service_portal.service.product.service_point_required,Dla tego produktu wymagany jest punkt usługowy,pl_PL
self_service_portal.service.cart_item.service_point.name,Punkt usługowy,pl_PL
self_service_portal.service.product.service_date_time,Wybierz preferowaną datę i przedział godzinowy,pl_PL
self_service_portal.service.product.label.service_date_time,Data i godzina usługi,pl_PL
product.filter.product-abstract-types,Typy produktów abstrakcyjnych,pl_PL
self_service_portal.asset.access.denied,Brak dostępu.,pl_PL
self_service_portal.asset.access.status.restricted,Dostęp ograniczony.,pl_PL
self_service_portal.service.checkout.item_count,Liczba pozycji,pl_PL
ssp-service-management.info.service-without-shipment-type.removed,Pozycja usługowa %sku% bez typu wysyłki została usunięta,pl_PL
self_service_portal.service.cart_item.scheduled_at,Data i godzina usługi,pl_PL
self_service_portal.customer_navigation.title,Samoobsługa,pl_PL
customer.customer_navigation.title,Konto i zakupy,pl_PL
forms.apply-btn,Zastosuj,pl_PL
customer.account.button.filters,Filtry,pl_PL
general.fileUpload.description,Maksymalnie %amount% plików (%format%) do %size%,pl_PL
customer.account.self_service_portal.inquiry.details,Zapytanie,pl_PL
customer.self_service_portal.inquiry.details.reference,Numer referencyjny,pl_PL
self_service_portal.company_file.file_search_filter_form.field.type.company,Pliki firmy,pl_PL
self_service_portal.company_file.file_search_filter_form.field.type.company_user,Pliki,pl_PL
self_service_portal.company_file.file_search_filter_form.field.type.company_business_unit,Pliki jednostki biznesowej,pl_PL
customer.self_service_portal.inquiry.details.date,Data,pl_PL
customer.self_service_portal.inquiry.details.status,Status,pl_PL
customer.self_service_portal.inquiry.details,Szczegóły zapytania,pl_PL
customer.self_service_portal.inquiry.details.type,Typ,pl_PL
customer.self_service_portal.inquiry.details.subject,Temat,pl_PL
customer.self_service_portal.inquiry.details.description,Opis,pl_PL
customer.self_service_portal.inquiry.owner,Właściciel,pl_PL
customer.self_service_portal.inquiry.details.first_name,Imię,pl_PL
customer.self_service_portal.inquiry.details.last_name,Nazwisko,pl_PL
customer.self_service_portal.inquiry.details.email,E-mail,pl_PL
customer.self_service_portal.inquiry.details.company,Firma / Jednostka biznesowa,pl_PL
customer.self_service_portal.inquiry.details.file.name,Nazwa pliku,pl_PL
customer.self_service_portal.inquiry.details.file.size,Rozmiar,pl_PL
customer.self_service_portal.inquiry.details.file.extension,Typ,pl_PL
customer.self_service_portal.inquiry.details.file.download,Pobierz,pl_PL
customer.self_service_portal.inquiry.details.files,Pliki,pl_PL
customer.self_service_portal.inquiry.details.order_reference,Numer zamówienia,pl_PL
self_service_portal.inquiry.error.company_user_not_found,Nie znaleziono użytkownika firmy.,pl_PL
self_service_portal.inquiry.type.general-question,Pytanie ogólne,pl_PL
self_service_portal.inquiry.type.general-ssp_inquiry,Zapytanie ogólne,pl_PL
self_service_portal.inquiry.order.create_ssp_inquiry,Zapytanie,pl_PL
self_service_portal.inquiry.order_reference.label,Numer zamówienia,pl_PL
self_service_portal.inquiry.file.unavailable,Plik jest niedostępny,pl_PL
customer.ssp_inquiry.create.button,Utwórz zapytanie,pl_PL
ssp_asset.details_page.search_service,Szukaj usług,pl_PL
general.confirm.button,Potwierdź,pl_PL
product_offer_service_point_availability_widget.all_items_not_available,Niedostępne.,pl_PL
product_offer_service_point_availability_widget.all_items_available,Wszystkie pozycje są dostępne.,pl_PL
shipment_type.name.shipment_type_in-center-service,Usługa w punkcie serwisowym,pl_PL
ssp_asset_management.ssp_asset_search_filter_form.label.active_filters,Aktywne filtry:,pl_PL
self_service_portal.asset.business_unit_unassignment.denied,Nie możesz usunąć przypisania jednostki biznesowej do zasobu.,pl_PL
self_service_portal.asset.business_unit_assignment.denied,Nie możesz przypisać jednostki biznesowej do zasobu.,pl_PL
general.fileUpload.mb,MB,pl_PL
customer.address.single_address_per_shipment_type,Ustaw ten sam adres dla wszystkich produktów,pl_PL
service_point_widget.location_label,Lokalizacja:,pl_PL
self_service_portal.company_file.file_search_filter_form.field.business_entity.label,Poziom dostępu,pl_PL
self_service_portal.company_file.file_search_filter_form.field.ssp_asset_entity.label,Filtruj według zasobu,pl_PL
self_service_portal.company_file.file_attachment_type.all,Wszystkie dostępne pliki,pl_PL
self_service_portal.company_file.file_attachment_business_type.none,Nie pokazuj plików encji firmy,pl_PL
self_service_portal.company_file.file_attachment_ssp_asset_type.none,Nie pokazuj plików encji zasobu,pl_PL
self_service_portal.company_file.file_attachment_type.company_user,Moje pliki,pl_PL
self_service_portal.company_file.file_attachment_type.company,Pliki firmy,pl_PL
self_service_portal.company_file.file_attachment_type.all,Wszystkie dostępne pliki,pl_PL
self_service_portal.company_file.file_attachment_ssp_asset_type.none,Nie pokazuj plików zasobu,pl_PL
self_service_portal.company_file.file_attachment_business_type.none,Nie pokazuj plików jednostki biznesowej,pl_PL
customer.account.ssp_booked_services,Zarezerwowane usługi,pl_PL
customer.self_service_portal.service.list.product_name,Nazwa produktu,pl_PL
customer.self_service_portal.service.list.order_reference,Numer zamówienia,pl_PL
customer.self_service_portal.service.list.scheduled_at,Data i godzina,pl_PL
customer.self_service_portal.service.list.status,Status,pl_PL
ssp_dashboard.general.booked_services,Zarezerwowane usługi,pl_PL
permission.name.ViewCompanySspServicePermissionPlugin,ViewCompanySspServicePermissionPlugin,pl_PL
permission.name.ViewBusinessUnitSspServicePermissionPlugin,ViewBusinessUnitSspServicePermissionPlugin,pl_PL
self_service_portal.asset_filter.title,Filtruj według zasobu,pl_PL
self_service_portal.asset_filter.description,Filtruj pozycje na podstawie Twoich zasobów,pl_PL
self_service_portal.asset_filter.select_label,Wybierz moje zasoby,pl_PL
self_service_portal.asset_filter.serial_label,Numer seryjny:,pl_PL
self_service_portal.asset_filter.change,Zmień zasób,pl_PL
self_service_portal.asset_filter.clear,Wyczyść,pl_PL
self_service_portal.ssp_asset.details_page.catalog,Kup części zamienne,pl_PL
catalog.ssp.itemsFound,Znaleziono %num_found% pozycji dla %ssp_asset_name%,pl_PL
self_service_portal.asset.selector.button,Wybierz zasób,pl_PL
self_service_portal.asset.modal.header,Przypisz zasób,pl_PL
self_service_portal.asset.item.button,Przypisz,pl_PL
self_service_portal.asset.item.serial,Numer seryjny,pl_PL
self_service_portal.asset.error.attach_to_cart_item,Nie można dodać zasobu do koszyka.,pl_PL
self_service_portal.ssp_asset.success.attached_to_cart,Zasób został pomyślnie zaktualizowany dla pozycji %sku%.,pl_PL
global.search.results.no_query,Wyniki wyszukiwania,pl_PL
self_service_portal.order.service.cancel.title,Anulować usługę?,pl_PL
self_service_portal.order.service.cancel.description,Zamierzasz anulować %name% (SKU: %sku%),pl_PL
self_service_portal.order.service.cancel.keep,Zachowaj usługę,pl_PL
self_service_portal.asset.error.not-found,Nie znaleziono zasobu,pl_PL
self_service_portal.asset.validation.unknown_error,Podczas przetwarzania Twojego zasobu wystąpił nieoczekiwany błąd,pl_PL
self_service_portal.inquiry.error.not-found,Nie znaleziono zapytania,pl_PL
self_service_portal.inquiry.validation.unknown_error,Podczas przetwarzania Twojego zapytania wystąpił nieoczekiwany błąd,pl_PL
merchant_registration_request_page.page_title,Zarejestruj się i zacznij działać na Spryker Marketplace,pl_PL
merchant_registration_request_page.company_subform_title,Rejestracja firmy,pl_PL
merchant_registration_request_page.company_subform_text,"Podaj dane swojej firmy, aby rozpocząć proces rejestracji jako sprzedawca na marketplace.",pl_PL
merchant_registration_request_page.account_subform_title,Tworzenie konta użytkownika sprzedawcy,pl_PL
merchant_registration_request_page.account_subform_text,Podaj dane pierwszego konta użytkownika sprzedawcy.,pl_PL
merchant_registration_request_page.accept_terms,Zaakceptuj warunki,pl_PL
merchant_registration_request_page.contact_person_role,Rola,pl_PL
merchant_registration_request_page.contact_person_phone,Telefon,pl_PL
merchant_registration_request_page.contact_person_first_name,Imię,pl_PL
merchant_registration_request_page.contact_person_last_name,Nazwisko,pl_PL
merchant_registration_request_page.contact_person_title,Tytuł,pl_PL
merchant_registration_request_page.email,E-mail,pl_PL
merchant_registration_request_page.company_name,Nazwa firmy,pl_PL
merchant_registration_request_page.country,Kraj,pl_PL
merchant_registration_request_page.street,Ulica,pl_PL
merchant_registration_request_page.house_number,Numer domu,pl_PL
merchant_registration_request_page.zip_code,Kod pocztowy,pl_PL
merchant_registration_request_page.city,Miasto,pl_PL
merchant_registration_request_page.merchant_registration_number,Numer rejestrowy,pl_PL
merchant_registration_request_page.form_submit,Wyślij wniosek o rejestrację,pl_PL
merchant_registration_request_page.success,Wniosek o rejestrację sprzedawcy został pomyślnie przekazany do weryfikacji.,pl_PL
merchant_registration_request.error.email_already_exists,Adres e-mail jest już zarejestrowany.,pl_PL
merchant_registration_request.error.company_name_already_exists,Nazwa firmy jest już zarejestrowana.,pl_PL
self_service_portal.asset.validation.status.not_valid,Status jest nieprawidłowy.,pl_PL
self_service_portal.asset.business_unit.not_found,Nie znaleziono jednostki biznesowej.,pl_PL
self_service_portal.inquiry.validation.ssp_asset_reference_required,Numer zasobu jest wymagany.,pl_PL
self_service_portal.inquiry.validation.ssp_asset_reference_not_allowed,Numer zasobu jest niedozwolony.,pl_PL
self_service_portal.inquiry.validation.order_reference_required,Numer zamówienia jest wymagany.,pl_PL
self_service_portal.inquiry.validation.order_reference_not_allowed,Numer zamówienia jest niedozwolony.,pl_PL
self_service_portal.inquiry.validation.type_required,Typ jest wymagany.,pl_PL
self_service_portal.inquiry.validation.subject_required,Temat jest wymagany.,pl_PL
self_service_portal.inquiry.validation.description_required,Opis jest wymagany.,pl_PL
product.availability.available,Dostępny,pl_PL
product.availability.in_stock,%number% w magazynie,pl_PL
product.availability.out_of_stock,Brak w magazynie,pl_PL
measurement_units.item.name.short,pc,pl_PL
measurement_units.standard.weight.kilo.name.short,kg,pl_PL
measurement_units.standard.weight.gram.name.short,g,pl_PL
measurement_units.standard.weight.tone.name.short,t,pl_PL
measurement_units.standard.weight.gbou.name.short,oz,pl_PL
measurement_units.standard.weight.usou.name.short,oz,pl_PL
measurement_units.standard.weight.pund.name.short,lb,pl_PL
measurement_units.standard.weight.huwg.name.short,GB cwt,pl_PL
measurement_units.standard.weight.gbtn.name.short,GB ton,pl_PL
measurement_units.standard.weight.ustn.name.short,US ton,pl_PL
measurement_units.standard.weight.oztr.name.short,ozt,pl_PL
measurement_units.standard.weight.ucwt.name.short,US cwt,pl_PL
measurement_units.standard.length.metr.name.short,m,pl_PL
measurement_units.standard.length.cmet.name.short,cm,pl_PL
measurement_units.standard.length.mmet.name.short,mm,pl_PL
measurement_units.standard.length.kmet.name.short,km,pl_PL
measurement_units.standard.length.inch.name.short,in,pl_PL
measurement_units.standard.length.yard.name.short,yd,pl_PL
measurement_units.standard.length.foot.name.short,ft,pl_PL
measurement_units.standard.length.mile.name.short,mi,pl_PL
measurement_units.standard.area.smet.name.short,m²,pl_PL
measurement_units.standard.area.sqki.name.short,km²,pl_PL
measurement_units.standard.area.smil.name.short,mm²,pl_PL
measurement_units.standard.area.scmt.name.short,cm²,pl_PL
measurement_units.standard.area.sqin.name.short,in²,pl_PL
measurement_units.standard.area.sqfo.name.short,ft²,pl_PL
measurement_units.standard.area.sqmi.name.short,mi²,pl_PL
measurement_units.standard.area.sqya.name.short,yd²,pl_PL
measurement_units.standard.area.acre.name.short,ac,pl_PL
measurement_units.standard.area.ares.name.short,a,pl_PL
measurement_units.standard.area.hect.name.short,ha,pl_PL
measurement_units.standard.litr.name.short,L,pl_PL
measurement_units.standard.celi.name.short,cL,pl_PL
measurement_units.standard.mili.name.short,mL,pl_PL
measurement_units.standard.gbga.name.short,GB gal,pl_PL
measurement_units.standard.gbpi.name.short,GB pt,pl_PL
measurement_units.standard.uspi.name.short,US pt,pl_PL
measurement_units.standard.gbqa.name.short,GB qt,pl_PL
measurement_units.standard.usqa.name.short,US qt,pl_PL
measurement_units.standard.usga.name.short,US gal,pl_PL
measurement_units.standard.barl.name.short,bbl,pl_PL
measurement_units.standard.bcuf.name.short,BCF,pl_PL
measurement_units.standard.bdft.name.short,BF,pl_PL
measurement_units.standard.cbme.name.short,m³,pl_PL
measurement_units.standard.miba.name.short,MMbbl,pl_PL
measurement_units.standard.dgeu.name.short,DGE,pl_PL
measurement_units.standard.ggeu.name.short,GGE,pl_PL
measurement_units.standard.busl.name.short,bu,pl_PL
buy_box.sold_by,Sprzedawane przez,pl_PL
buy_box.view_merchant,Zobacz sprzedawcę,pl_PL
Access Denied.,Brak dostępu.,pl_PL
Passwords do not match,Hasła nie są zgodne,pl_PL
You must accept the terms and conditions to register,"Aby się zarejestrować, musisz zaakceptować regulamin",pl_PL
This password has been compromised in a data breach. Please choose a different password.,To hasło zostało ujawnione w wycieku danych. Wybierz inne hasło.,pl_PL
Please provide a valid date in YYYY-MM-DD format,Podaj prawidłową datę w formacie RRRR-MM-DD,pl_PL
isDefaultShipping must be a boolean value,isDefaultShipping musi być wartością logiczną,pl_PL
isDefaultBilling must be a boolean value,isDefaultBilling musi być wartością logiczną,pl_PL
Country code must be exactly {{ limit }} characters,Kod kraju musi mieć dokładnie {{ limit }} znaków,pl_PL
Customer reference is required,Numer klienta jest wymagany,pl_PL
Invalid or expired registration key,Nieprawidłowy lub wygasły klucz rejestracji,pl_PL
Customer not found,Nie znaleziono klienta,pl_PL
Address creation failed,Nie udało się utworzyć adresu,pl_PL
Failed to process customer request,Nie udało się przetworzyć żądania klienta,pl_PL
The user credentials were incorrect.,Dane logowania użytkownika były nieprawidłowe.,pl_PL
purchasing_control.selector.label,Centrum kosztów,pl_PL
purchasing_control.selector.placeholder,Wybierz centrum kosztów,pl_PL
purchasing_control.budget.selector.label,Budżet,pl_PL
purchasing_control.budget.selector.placeholder,Wybierz budżet,pl_PL
purchasing_control.budget.remaining,Pozostały budżet,pl_PL
purchasing_control.budget.apply_warning,Zastosuj budżet.,pl_PL
purchasing_control.selector.save,Wybierz,pl_PL
purchasing_control.summary.cost_center_label,Centrum kosztów,pl_PL
purchasing_control.summary.budget_label,Budżet,pl_PL
purchasing_control.summary.budget_remaining,pozostało,pl_PL
purchasing_control.validation.block,Twoje zamówienie przekracza przydzielony budżet. Zmień zamówienie lub skontaktuj się ze swoim przełożonym.,pl_PL
purchasing_control.validation.warn,Twoje zamówienie przekracza przydzielony budżet.,pl_PL
purchasing_control.validation.require-approval,To zamówienie przekracza budżet. Wyślij je do zatwierdzenia.,pl_PL
purchasing_control.validation.required,Wybierz centrum kosztów i budżet przed złożeniem zamówienia.,pl_PL
permission.name.ManageCostCentersPermissionPlugin,Zarządzaj centrami kosztów,pl_PL
purchasing_control.validation.inactive-cost-center,Wybrane centrum kosztów nie jest już aktywne. Wybierz inne centrum kosztów lub skontaktuj się ze swoim przełożonym.,pl_PL
purchasing_control.budget.no_budgets_found,Brak dostępnych budżetów dla wybranego centrum kosztów.,pl_PL
purchasing_control.budget.apply,Zastosuj,pl_PL
purchasing_control.summary.no_budget_warning,Nie przypisano budżetu — kasa jest zablokowana.,pl_PL
purchasing_control.error.quote_not_found,Nie udało się znaleźć wyceny.,pl_PL
purchasing_control.error.not_company_user,Wybór centrum kosztów jest dostępny wyłącznie dla użytkowników firmy.,pl_PL
purchasing_control.error.cost_center_access_denied,Wybrane centrum kosztów nie jest dostępne dla Twojej jednostki biznesowej.,pl_PL
purchasing_control.error.budget_access_denied,Wybrany budżet nie należy do wskazanego centrum kosztów.,pl_PL
purchasing_control.error.quote_approved,Centrum kosztów i budżetu nie można zmienić po zatwierdzeniu wyceny.,pl_PL
purchasing_control.title,Kontrola centrum kosztów,pl_PL
purchasing_control.budget.validation.access_denied,Nie masz uprawnień do zarządzania tym budżetem.,pl_PL
purchasing_control.budget.validation.amount_invalid,Kwota budżetu musi być większa od zera.,pl_PL
purchasing_control.budget.validation.amount_too_large,Kwota budżetu przekracza maksymalną dozwoloną wartość.,pl_PL
purchasing_control.budget.validation.date_range_invalid,Data rozpoczęcia budżetu musi być wcześniejsza niż data zakończenia.,pl_PL
purchasing_control.budget.validation.currency_invalid,Waluta budżetu musi być 3-znakowym kodem ISO.,pl_PL
purchasing_control.budget.validation.currency_changed,Nie można zmienić waluty budżetu.,pl_PL
purchasing_control.budget.validation.name_too_long,Nazwa budżetu nie może przekraczać 100 znaków.,pl_PL
purchasing_control.cost_center.validation.name_too_long,Nazwa centrum kosztów nie może przekraczać 100 znaków.,pl_PL
purchasing_control.cost_center.validation.name_empty,Nazwa centrum kosztów nie może być pusta.,pl_PL
purchasing_control.cost_center.validation.business_unit_empty,Do centrum kosztów musi być przypisana co najmniej jedna jednostka biznesowa.,pl_PL
purchasing_control.cost_center.validation.access_denied,Nie masz dostępu do tego centrum kosztów.,pl_PL
purchasing_control.cost_center.validation.business_unit_not_in_company,Wybrane jednostki biznesowe nie należą do Twojej firmy.,pl_PL
purchasing_control.cost_center.menu_item,Centra kosztów,pl_PL
purchasing_control.cost_center.list.title,Centra kosztów,pl_PL
purchasing_control.cost_center.list.empty,Nie znaleziono centrów kosztów.,pl_PL
purchasing_control.cost_center.list.status,Status,pl_PL
purchasing_control.cost_center.list.actions,Akcje,pl_PL
purchasing_control.cost_center.create.title,Utwórz centrum kosztów,pl_PL
purchasing_control.cost_center.update.title,Edytuj centrum kosztów,pl_PL
purchasing_control.cost_center.form.name,Nazwa,pl_PL
purchasing_control.cost_center.form.description,Opis,pl_PL
purchasing_control.cost_center.form.business_unit,Jednostka biznesowa,pl_PL
purchasing_control.cost_center.form.is_active,Centrum kosztów jest aktywne,pl_PL
purchasing_control.cost_center.success.created,Centrum kosztów zostało pomyślnie utworzone.,pl_PL
purchasing_control.cost_center.success.updated,Centrum kosztów zostało pomyślnie zaktualizowane.,pl_PL
purchasing_control.cost_center.success.activated,Centrum kosztów zostało pomyślnie aktywowane.,pl_PL
purchasing_control.cost_center.success.deactivated,Centrum kosztów zostało pomyślnie dezaktywowane.,pl_PL
purchasing_control.cost_center.status.active,Aktywny,pl_PL
purchasing_control.cost_center.status.inactive,Nieaktywny,pl_PL
purchasing_control.cost_center.action.edit,Edytuj,pl_PL
purchasing_control.cost_center.action.activate,Aktywuj,pl_PL
purchasing_control.cost_center.action.deactivate,Dezaktywuj,pl_PL
purchasing_control.cost_center.action.save,Zapisz,pl_PL
purchasing_control.cost_center.action.cancel,Anuluj,pl_PL
purchasing_control.cost_center.error.company_user_not_found,Nie znaleziono użytkownika firmy.,pl_PL
purchasing_control.cost_center.error.not_found,Nie znaleziono centrum kosztów.,pl_PL
purchasing_control.cost_center.search.name_placeholder,Szukaj po nazwie...,pl_PL
purchasing_control.cost_center.search.all_business_units,Wszystkie jednostki biznesowe,pl_PL
purchasing_control.cost_center.search.status.all,Wszystko,pl_PL
purchasing_control.cost_center.search.status.active,Aktywny,pl_PL
purchasing_control.cost_center.search.status.inactive,Nieaktywny,pl_PL
purchasing_control.cost_center.search.active_filters,Aktywne filtry:,pl_PL
purchasing_control.cost_center.search.reset_all,Zresetuj wszystko,pl_PL
purchasing_control.cost_center.action.budgets,Budżety,pl_PL
purchasing_control.cost_center.business_units.more,więcej,pl_PL
purchasing_control.budget.list.title,Budżety,pl_PL
purchasing_control.budget.list.empty,Nie znaleziono budżetów dla tego centrum kosztów.,pl_PL
purchasing_control.budget.create.title,Utwórz budżet,pl_PL
purchasing_control.budget.update.title,Edytuj budżet,pl_PL
purchasing_control.budget.success.created,Budżet został pomyślnie utworzony.,pl_PL
purchasing_control.budget.success.updated,Budżet został pomyślnie zaktualizowany.,pl_PL
purchasing_control.budget.success.deactivated,Budżet został pomyślnie dezaktywowany.,pl_PL
purchasing_control.budget.success.reactivated,Budżet został pomyślnie ponownie aktywowany.,pl_PL
purchasing_control.budget.error.not_found,Nie znaleziono budżetu.,pl_PL
purchasing_control.budget.error.cost_center_not_found,Nie znaleziono centrum kosztów.,pl_PL
purchasing_control.budget.form.name,Nazwa,pl_PL
purchasing_control.budget.form.amount,Kwota łączna,pl_PL
purchasing_control.budget.form.currency,Waluta,pl_PL
purchasing_control.budget.form.starts_at,Data rozpoczęcia,pl_PL
purchasing_control.budget.form.ends_at,Data zakończenia,pl_PL
purchasing_control.budget.form.enforcement_rule,Reguła wymuszania,pl_PL
purchasing_control.budget.form.enforcement_rule.block,Blok,pl_PL
purchasing_control.budget.form.enforcement_rule.warn,Pokaż ostrzeżenie,pl_PL
purchasing_control.budget.form.enforcement_rule.require_approval,Wymagaj zatwierdzenia,pl_PL
purchasing_control.budget.form.is_active,Budżet jest aktywny,pl_PL
purchasing_control.budget.action.save,Zapisz,pl_PL
purchasing_control.budget.action.cancel,Anuluj,pl_PL
purchasing_control.budget.action.edit,Edytuj,pl_PL
purchasing_control.budget.action.deactivate,Dezaktywuj,pl_PL
purchasing_control.budget.action.reactivate,Aktywuj ponownie,pl_PL
purchasing_control.budget.status.active,Aktywny,pl_PL
purchasing_control.budget.status.inactive,Nieaktywny,pl_PL
purchasing_control.budget.status.archived,Zarchiwizowane,pl_PL
purchasing_control.budget.list.column.amount,Kwota,pl_PL
purchasing_control.budget.list.column.consumed,Zużyte,pl_PL
purchasing_control.budget.list.column.remaining,Pozostało,pl_PL
purchasing_control.budget.list.column.currency,Waluta,pl_PL
purchasing_control.budget.list.column.period,Okres,pl_PL
purchasing_control.budget.list.column.enforcement_rule,Reguła,pl_PL
purchasing_control.budget.list.column.status,Status,pl_PL
purchasing_control.budget.list.column.actions,Akcje,pl_PL
purchasing_control.budget.enforcement_rule.tooltip.block,Zamówienia przekraczające ten budżet zostaną zablokowane. Złożenie zamówienia jest niemożliwe.,pl_PL
purchasing_control.budget.enforcement_rule.tooltip.warn,"Gdy zamówienie przekroczy ten budżet, wyświetlane jest ostrzeżenie. Zamówienie jest realizowane, ale może wymagać zatwierdzenia.",pl_PL
purchasing_control.budget.enforcement_rule.tooltip.require_approval,Zamówienia przekraczające ten budżet są automatycznie kierowane do zatwierdzenia.,pl_PL
purchasing_control.budget.search.name_placeholder,Szukaj po nazwie...,pl_PL
purchasing_control.budget.search.status.all,Wszystko,pl_PL
purchasing_control.budget.search.status.active,Aktywny,pl_PL
purchasing_control.budget.search.status.inactive,Nieaktywny,pl_PL
purchasing_control.budget.search.status.archived,Zarchiwizowane,pl_PL
purchasing_control.budget.search.all_currencies,Wszystkie waluty,pl_PL
purchasing_control.budget.search.all_enforcement_rules,Wszystkie reguły,pl_PL
purchasing_control.budget.search.starts_at,Data rozpoczęcia,pl_PL
purchasing_control.budget.search.ends_at,Data zakończenia,pl_PL
purchasing_control.budget.search.active_filters,Aktywne filtry:,pl_PL
purchasing_control.budget.search.reset_all,Zresetuj wszystko,pl_PL
purchasing_control.cost_center.access.denied,Nie masz uprawnień do zarządzania centrami kosztów. Skontaktuj się ze swoim administratorem.,pl_PL
purchasing_control.order.detail.title,Centrum kosztów i budżet,pl_PL
purchasing_control.order.detail.not_available,Nd.,pl_PL
purchasing_control.summary.active_cost_centers,Aktywne centra kosztów,pl_PL
purchasing_control.summary.total_budget,Łączny przydzielony budżet,pl_PL
purchasing_control.summary.consumed_budget,Łącznie wydano,pl_PL
purchasing_control.summary.remaining_budget,Łącznie pozostało,pl_PL
purchasing_control.summary.title,Przegląd budżetów i centrów kosztów,pl_PL
purchasing_control.summary.dashboard_title,Panel budżetu,pl_PL
purchasing_control.summary.no_budgets_assigned,Nie przypisano budżetów,pl_PL
purchasing_control.summary.column_budget_name,Nazwa budżetu,pl_PL
purchasing_control.summary.column_total,Suma,pl_PL
purchasing_control.summary.column_consumed,Zużyte,pl_PL
purchasing_control.summary.column_remaining,Pozostało,pl_PL
purchasing_control.order.table.cost_center,Centrum kosztów,pl_PL
purchasing_control.order.table.budget,Budżet,pl_PL
purchasing_control.budget.validation.end_date_in_past,Data zakończenia nie może być w przeszłości.,pl_PL
shop_ui.active_form_filters.reset_all.label,Zresetuj wszystko,pl_PL
header.menu.open,Otwórz menu,pl_PL
header.menu.close,Zamknij menu,pl_PL
header.cart,Koszyk,pl_PL
header.cart.items,%d pozycji w koszyku,pl_PL
header.account.menu,Menu konta,pl_PL
header.drawer.browse,Przeglądaj,pl_PL
customer.account.user_account,Konto użytkownika,pl_PL
company.account.company_account,Konto firmowe,pl_PL
search.form.placeholder,"Szukaj po nazwie produktu, SKU lub numerze części...",pl_PL
cart_popover.title,Moje koszyki,pl_PL
shopping_list_panel.title,Moje listy zakupowe,pl_PL
global.tagline,Zaprojektowane dla nowoczesnego handlu B2B.,pl_PL
customer.login.or,lub,pl_PL
security_oauth_knpu:login:sso,Zaloguj się przez SSO,pl_PL
security_oauth_knpu:login:github,Zaloguj się przez GitHub,pl_PL
security_oauth_knpu.error.provider_not_found,Logowanie OAuth jest niedostępne.,pl_PL
authentication.failed,Uwierzytelnianie nie udało się. Spróbuj ponownie.,pl_PL
product.detail.in_stock,W magazynie,pl_PL
product.detail.out_of_stock_label,Brak w magazynie,pl_PL
product.detail.configure_product,Skonfiguruj produkt,pl_PL
merchant_product_offer.change,Zmień,pl_PL
merchant_product_offer.compare_sellers,Porównaj sprzedawców,pl_PL
merchant_product_offer.hide_sellers,Ukryj sprzedawców,pl_PL
merchant_product_offer.show_all_sellers,Pokaż wszystkich sprzedawców,pl_PL
merchant_product_offer.view_all_sellers,Zobacz wszystkich sprzedawców (%count%),pl_PL
merchant_product_offer.use_selected_seller,Użyj wybranego sprzedawcy,pl_PL
merchant_product_offer.offers_count,%count% ofert dla tego produktu,pl_PL
shopping_list_widget.save_to_shopping_list,Zapisz na liście zakupowej,pl_PL
shopping_list_widget.save_popup_description,"Wybierz listę zakupową i ilość, aby kontynuować",pl_PL
shopping_list_widget.shopping_list_label,Lista zakupowa,pl_PL
general.save.button,Zapisz,pl_PL
product.detail.select_options_notification,Wybierz odpowiednie opcje przed dodaniem do koszyka!,pl_PL
catalog.no-results.title,Nie znaleziono wyników,pl_PL
catalog.no-results.message,"Nie znaleźliśmy nic, co odpowiada Twojemu wyszukiwaniu.",pl_PL
catalog.no-results.tip,"Wskazówka: sprawdź pisownię, użyj bardziej ogólnych słów kluczowych albo szukaj po SKU lub numerze części.",pl_PL
catalog.no-results.search-for,Szukaj,pl_PL
catalog.filter.clearAll,Wyczyść wszystko,pl_PL
catalog.filter.more,więcej,pl_PL
catalog.filter.showLess,Pokaż mniej,pl_PL
catalog.filter.collapseAll,Zwiń wszystko,pl_PL
catalog.filter.expandAll,Rozwiń wszystko,pl_PL
catalog.filter.search.placeholder,Filtr wyszukiwania,pl_PL
catalog.filter.search.noResults,Żaden filtr nie odpowiada Twojemu wyszukiwaniu,pl_PL
catalog.filter.showResults,Pokaż wyniki,pl_PL
catalog.filter.close,Zamknij filtry,pl_PL
catalog.filter.by,Filtruj według,pl_PL
product.detail.select_options_shopping_list_notification,Wybierz odpowiednie opcje przed dodaniem do listy zakupowej!,pl_PL
product.detail.sign_in_to_see_prices,"Zaloguj się, aby zobaczyć ceny",pl_PL
cart.item.variants.more,+%count% więcej,pl_PL
cart.item.variants.less,Pokaż mniej,pl_PL
recurring_orders.summary_of_changes,Podsumowanie zmian,pl_PL
recurring_orders.attention_banner.link.failed,Zobacz nieudane,pl_PL
recurring_orders.attention_banner.link.paused,Zobacz wstrzymane,pl_PL
recurring_orders.attention_banner.link.review_required,Zobacz wymagające weryfikacji,pl_PL
recurring_orders.attention_banner.message,Masz %count% harmonogram(ów) cyklicznych wymagających Twojej uwagi.,pl_PL
recurring_orders.cadence.bi_weekly,Co dwa tygodnie,pl_PL
recurring_orders.cadence.every_n_weeks,Co N tygodni,pl_PL
recurring_orders.cadence.monthly,Miesięcznie,pl_PL
recurring_orders.cadence.weekly,Tygodniowo,pl_PL
recurring_orders.checkout.cadence_label,Częstotliwość,pl_PL
recurring_orders.checkout.cadence_placeholder,Wybierz częstotliwość,pl_PL
recurring_orders.checkout.cadence_value_label,Interwał (tygodnie),pl_PL
recurring_orders.checkout.confirm_button,Potwierdź,pl_PL
recurring_orders.checkout.enable_description,Otrzymuj to zamówienie automatycznie według swojego harmonogramu. Pomiń lub anuluj w każdej chwili.,pl_PL
recurring_orders.checkout.enable_label,Ustaw jako zamówienie cykliczne,pl_PL
recurring_orders.checkout.remove_button,Usuń,pl_PL
recurring_orders.checkout.schedule_name_label,Nazwa harmonogramu,pl_PL
recurring_orders.checkout.section_title,Zamówienie cykliczne,pl_PL
recurring_orders.detail.access_denied,Nie masz dostępu do tego zamówienia cyklicznego.,pl_PL
recurring_orders.detail.action.error,Wystąpił błąd podczas przetwarzania akcji. Spróbuj ponownie.,pl_PL
recurring_orders.detail.actions.cancel,Anuluj harmonogram,pl_PL
recurring_orders.detail.actions.pause,Wstrzymaj,pl_PL
recurring_orders.detail.actions.resume,Wznów,pl_PL
recurring_orders.detail.actions.retry,Spróbuj ponownie,pl_PL
recurring_orders.detail.actions.review,Opinia,pl_PL
recurring_orders.detail.actions.skip,Pomiń tę realizację,pl_PL
recurring_orders.detail.cancel.modal.title,Anulować harmonogram?,pl_PL
recurring_orders.detail.cancel.modal.warning,Ta akcja jest nieodwracalna. Harmonogram zostanie natychmiast zatrzymany i nie będzie można go ponownie aktywować.,pl_PL
recurring_orders.detail.error.failed.title,Ostatnia próba złożenia zamówienia nie udała się z następujących powodów:,pl_PL
recurring_orders.detail.estimated_total.info,Szacowana suma całkowita pokazuje sumę pozycji zamówienia bez kosztów dostawy i rabatów.,pl_PL
recurring_orders.detail.estimated_total.label,Szacowana suma,pl_PL
recurring_orders.detail.skip.modal.title,Pominąć tę realizację?,pl_PL
recurring_orders.detail.skip.modal.execution_being_skipped,Realizacja zostanie pominięta,pl_PL
recurring_orders.detail.skip.modal.next_scheduled_execution,Następna zaplanowana realizacja,pl_PL
recurring_orders.detail.skip.modal.summary,Zamówienie z dnia %skippedDate% nie zostanie złożone. Harmonogram będzie kontynuowany i uruchomi się ponownie %nextDate%.,pl_PL
recurring_orders.detail.skip.modal.confirm,Pomiń tę realizację,pl_PL
recurring_orders.detail.history.description,Zobacz wszystkie poprzednie i nadchodzące realizacje tego harmonogramu,pl_PL
recurring_orders.detail.history.actions,Akcje,pl_PL
recurring_orders.detail.history.date,Data,pl_PL
recurring_orders.detail.history.empty,Brak historii realizacji.,pl_PL
recurring_orders.detail.history.order_reference,Numer zamówienia,pl_PL
recurring_orders.detail.history.status,Status,pl_PL
recurring_orders.detail.history.title,Poprzednie zamówienia z harmonogramu,pl_PL
recurring_orders.detail.history.view_order,Zobacz zamówienie,pl_PL
recurring_orders.detail.next_execution.paused,"Harmonogram jest wstrzymany. Wznów go, aby ustawić datę następnej realizacji.",pl_PL
recurring_orders.detail.next_execution.title,Następna zaplanowana realizacja,pl_PL
recurring_orders.detail.order_items.column.product,Produkt,pl_PL
recurring_orders.detail.order_items.column.quantity,Szt.,pl_PL
recurring_orders.detail.order_items.column.total,Suma,pl_PL
recurring_orders.detail.order_items.empty,Nie znaleziono pozycji.,pl_PL
recurring_orders.detail.order_items.label,Pozycje zamówienia,pl_PL
recurring_orders.detail.pause.modal.title,Wstrzymać harmonogram?,pl_PL
recurring_orders.detail.pause.modal.warning,Czy chcesz teraz wstrzymać harmonogram?,pl_PL
recurring_orders.detail.resume.modal.title,Wznów harmonogram,pl_PL
recurring_orders.detail.review_required.attention,Zamówienia cyklicznego nie udało się przetworzyć automatycznie i wymaga ono Twojej uwagi.,pl_PL
recurring_orders.detail.sidebar.cadence,Cykl,pl_PL
recurring_orders.detail.sidebar.created,Utworzono,pl_PL
recurring_orders.detail.sidebar.created_by,Utworzone przez,pl_PL
recurring_orders.detail.sidebar.status,Status,pl_PL
recurring_orders.detail.sidebar.title,Szczegóły harmonogramu,pl_PL
recurring_orders.detail.source_order,Zamówienie pierwotne,pl_PL
recurring_orders.detail.title,Szczegóły zamówienia cyklicznego,pl_PL
recurring_orders.error.items_not_purchasable,"Następujących pozycji nie można już kupić, dlatego zamówienie cykliczne nie zostało złożone: %skus%",pl_PL
recurring_orders.history.errors.show,Pokaż błędy,pl_PL
recurring_orders.history.event.cancelled,Anulowane,pl_PL
recurring_orders.history.event.failed,Niepowodzenie,pl_PL
recurring_orders.history.event.paused,Wstrzymane,pl_PL
recurring_orders.history.event.placed,Zakończone,pl_PL
recurring_orders.history.event.resumed,Wznowione,pl_PL
recurring_orders.history.event.skipped,Pominięte,pl_PL
recurring_orders.item.configurable_bundle_label,Zestaw: %name%,pl_PL
recurring_orders.list.column.actions,Akcje,pl_PL
recurring_orders.list.column.frequency,Częstotliwość,pl_PL
recurring_orders.list.column.name,Nazwa harmonogramu,pl_PL
recurring_orders.list.column.next_order_date,Data następnego zamówienia,pl_PL
recurring_orders.list.column.status,Status,pl_PL
recurring_orders.list.empty,Nie znaleziono zamówień cyklicznych.,pl_PL
recurring_orders.list.form.scope,Pokaż harmonogramy dla,pl_PL
recurring_orders.list.form.search,Szukaj,pl_PL
recurring_orders.list.form.search_placeholder,Szukaj harmonogramów...,pl_PL
recurring_orders.list.form.status,Status,pl_PL
recurring_orders.list.form.status.all,Wszystkie statusy,pl_PL
recurring_orders.list.scope.company,Wszystkie harmonogramy firmy,pl_PL
recurring_orders.list.scope.my_business_unit,Moja jednostka biznesowa,pl_PL
recurring_orders.list.scope.my_schedules,Moje harmonogramy,pl_PL
recurring_orders.list.title,Zamówienia cykliczne,pl_PL
recurring_orders.mail.notify_buyer_placement_failure.body.cta,Sprawdź zamówienie,pl_PL
recurring_orders.mail.notify_buyer_placement_failure.body.detail,Sprawdź szczegóły zamówienia i przyczynę błędu w panelu zamówień cyklicznych.,pl_PL
recurring_orders.mail.notify_buyer_placement_failure.body.intro,"Nie udało nam się automatycznie złożyć Twojego zamówienia cyklicznego ""%schedule_name%"".",pl_PL
recurring_orders.mail.notify_buyer_placement_failure.body.sign_off,Z poważaniem,pl_PL
recurring_orders.mail.notify_buyer_placement_failure.salutation,Witaj,pl_PL
recurring_orders.mail.notify_buyer_placement_failure.subject,"Nie udało się złożyć zamówienia cyklicznego ""%schedule_name%""",pl_PL
recurring_orders.mail.notify_buyer_validation_failed.body.cta,Sprawdź zamówienie,pl_PL
recurring_orders.mail.notify_buyer_validation_failed.body.detail,Sprawdź szczegóły swojego zamówienia i wprowadź niezbędne poprawki przed zaplanowaną datą.,pl_PL
recurring_orders.mail.notify_buyer_validation_failed.body.intro,"Twojego zamówienia cyklicznego ""%schedule_name%"" zaplanowanego na %execution_date% nie udało się zrealizować automatycznie i wymaga ono Twojej uwagi.",pl_PL
recurring_orders.mail.notify_buyer_validation_failed.salutation,Witaj,pl_PL
recurring_orders.mail.notify_buyer_validation_failed.subject,"Wymagane działanie: ""%schedule_name%"" — Twoje zamówienie wymaga uwagi",pl_PL
recurring_orders.mail.notify_buyer_upcoming_order.body.cta,Zobacz zamówienie,pl_PL
recurring_orders.mail.notify_buyer_upcoming_order.body.intro,"Twoje zamówienie cykliczne ""%schedule_name%"" jest zaplanowane na %execution_date%. Zrealizujemy je automatycznie w tym dniu.",pl_PL
recurring_orders.mail.notify_buyer_upcoming_order.body.review,"Jeśli chcesz wprowadzić zmiany, sprawdź i zaktualizuj swoje zamówienie przed %expiry_date%.",pl_PL
recurring_orders.mail.notify_buyer_upcoming_order.salutation,Witaj,pl_PL
recurring_orders.mail.notify_buyer_upcoming_order.subject,"Nadchodzące zamówienie cykliczne: ""%schedule_name%"" w dniu %execution_date%",pl_PL
recurring_orders.menu_item,Zamówienia cykliczne,pl_PL
recurring_orders.review.all_items_removed,"Nie można złożyć zamówienia — wszystkie pozycje są niedostępne, a harmonogram nie może zostać zrealizowany bez pozycji.",pl_PL
recurring_orders.review.approve_error,Nie udało się zastosować zmian. Spróbuj ponownie.,pl_PL
recurring_orders.review.approve_failed,Nie udało się zastosować zmian.,pl_PL
recurring_orders.review.approve_success,"Twoje zmiany zostały zastosowane, a zamówienie złożone.",pl_PL
recurring_orders.review.back_to_detail,Powrót do szczegółów harmonogramu,pl_PL
recurring_orders.review.banner.price_change,%count% zmiana ceny,pl_PL
recurring_orders.review.banner.substituted,%count% produkt zastąpiony,pl_PL
recurring_orders.review.banner.unavailable,%count% niedostępnych,pl_PL
recurring_orders.review.blocking.title,Nie można kontynuować — problemy blokujące,pl_PL
recurring_orders.review.column.current_price,Aktualna cena,pl_PL
recurring_orders.review.column.previous_price,Poprzednia cena,pl_PL
recurring_orders.review.column.reason,Powód,pl_PL
recurring_orders.review.cta.accept_and_place,Zaakceptuj zmiany i złóż zamówienie,pl_PL
recurring_orders.review.execution_scheduled,Realizacja zaplanowana na %date%,pl_PL
recurring_orders.review.flagged.title,Pozycje wymagające Twojej weryfikacji,pl_PL
recurring_orders.review.footer.helper,Zaakceptowanie tych zmian zaktualizuje to zamówienie oraz przyszłe realizacje harmonogramu.,pl_PL
recurring_orders.review.footer.new_total,Nowa suma,pl_PL
recurring_orders.review.footer.summary,%removed% usunięć,pl_PL
recurring_orders.review.invalid_form,Nie udało się przetworzyć żądania. Sprawdź je i spróbuj ponownie.,pl_PL
recurring_orders.review.modal.accepted_prices,Zaakceptowane zmiany cen,pl_PL
recurring_orders.review.modal.body,Usunięcie niedostępnych pozycji i zaakceptowanie zaktualizowanych cen wpłynie na to zamówienie oraz na wszystkie przyszłe realizacje tego harmonogramu. Te zmiany staną się nowym stanem odniesienia dla zamówienia cyklicznego.,pl_PL
recurring_orders.review.modal.headline,Potwierdź zamówienie i zastosuj zmiany,pl_PL
recurring_orders.review.modal.new_total,Nowa suma zamówienia,pl_PL
recurring_orders.review.modal.original_total,Suma pierwotnego zamówienia,pl_PL
recurring_orders.review.modal.removed_items,Usunięte pozycje,pl_PL
recurring_orders.review.not_available,Ten harmonogram nie wymaga weryfikacji.,pl_PL
recurring_orders.review.prices_changed,Ceny zmieniły się ponownie od Twojej weryfikacji. Sprawdź zaktualizowane zamówienie przed zatwierdzeniem.,pl_PL
recurring_orders.review.reason.discontinued,Wycofany,pl_PL
recurring_orders.review.reason.not_approved,Niezatwierdzone,pl_PL
recurring_orders.review.reason.price_increased,Cena wzrosła,pl_PL
recurring_orders.review.reason.price_unavailable,Cena niedostępna,pl_PL
recurring_orders.review.reason.substituted,Zastąpione,pl_PL
recurring_orders.review.reason.unavailable,Niedostępne,pl_PL
recurring_orders.review.title,Wymagana weryfikacja — %name%,pl_PL
recurring_orders.review.unchanged.title,Niezmienione pozycje (%count%),pl_PL
recurring_orders.review.unchanged.title.plural,%count% niezmienionych pozycji,pl_PL
recurring_orders.status.active,Aktywny,pl_PL
recurring_orders.status.cancelled,Anulowane,pl_PL
recurring_orders.status.draft,Wersja robocza,pl_PL
recurring_orders.status.failed,Niepowodzenie,pl_PL
recurring_orders.status.paused,Wstrzymane,pl_PL
recurring_orders.status.review_required,Wymagana weryfikacja,pl_PL
recurring_orders.detail.resume.date_label,Data następnej realizacji,pl_PL
recurring_orders.detail.resume.validation.date_required,Wybierz datę wznowienia.,pl_PL
recurring_orders.detail.resume.validation.date_in_past,Data wznowienia musi być w przyszłości.,pl_PL
recurring_orders.checkout.validation.cadence_required,Wybierz częstotliwość.,pl_PL
recurring_orders.scheduled.order.errors.title,W Twoim zamówieniu cyklicznym wykryto następujące problemy i nie udało się go złożyć:,pl_PL
catalog.no-results.browse-all,Przeglądaj wszystkie produkty,pl_PL
configurable_bundle.template.name.3,Zestaw systemu kotłowego,pl_PL
configurable_bundle.template_slots.boiler-pump.name,Pompy i komponenty hydrauliczne,pl_PL
configurable_bundle.template_slots.boiler-control.name,Sterowanie i pomiary,pl_PL
configurable_bundle.template_slots.boiler-valves.name,Zawory i osprzęt bezpieczeństwa,pl_PL
configurable_bundle.template_slots.boiler-seals.name,Uszczelnienia i zestawy uszczelek,pl_PL
product.option.group.name.hrs_warranty,Rozszerzenie gwarancji,pl_PL
product.option.group.name.hrs_insurance,Ubezpieczenie montażu,pl_PL
