key,translation,locale
cart.remove.items.success,Products were removed successfully,en_US
cart.add.items.success,Items added successfully,en_US
cart.add.items.error.text,Something went wrong. Sorry.,en_US
cart.your-order,Your Order,en_US
cart.price,Price,en_US
cart.shipping.order-item,+ Shipping,en_US
cart.shipping,Shipping,en_US
cart.total,Total,en_US
cart.checkout,Checkout,en_US
cart.empty,Your shopping cart is empty!,en_US
cart.cart,Cart,en_US
cart.total.discount,Discount,en_US
cart.vouchers,Vouchers,en_US
cart.discounts,Discounts,en_US
cart.item_quantity,Quantity,en_US
cart.item_attributes_needed,Please select more attributes,en_US
cart.voucher.redeem,Redeem code,en_US
cart.price.subtotal,Subtotal,en_US
cart.price.grand.total,Grand Total,en_US
cart.total.tax_total,Tax,en_US
cart.total.tax_total.calculated_at_checkout,calculated at checkout,en_US
cart.delete.item,Delete,en_US
cart.sales-order-threshold,Minimum Order Value,en_US
cart.title.available_discounts,Available discounts,en_US
checkout.sales-order-threshold,Minimum Order Value,en_US
sales-order-threshold.expense.name,Surcharge,en_US
sales-order-threshold.strategy.soft-minimum-threshold-fixed-fee,Surcharge,en_US
sales-order-threshold.strategy.soft-minimum-threshold-flexible-fee,Surcharge,en_US
auth.login,Sign up,en_US
auth.password,Password,en_US
auth.password-forgot,Forgotten?,en_US
auth.email,E-mail,en_US
auth.register,Register,en_US
auth.im-new-customer,New Customer,en_US
auth.im-already-customer,I already have an account,en_US
navigation.menu.categories,Categories,en_US
navigation.menu.have-a-look,It is worth a look,en_US
navigation.browse_by_category,Browse by category,en_US
navigation.show_all,Show all,en_US
navigation.all_prefix,All,en_US
page.checkout.errors,Please check your entry.,en_US
page.checkout.client.existing,Existing Customer,en_US
page.checkout.client.new,New Customer,en_US
customer.password,Password,en_US
password.confirm,Confirm passwort,en_US
page.checkout.address.heading,1. Address Data,en_US
page.checkout.address.name,Name,en_US
page.checkout.address.billing-address,Billing Address,en_US
page.checkout.address.billing-isnt-shipping-address,Different Delivery Address,en_US
page.checkout.address.shipping-address,Delivery Address,en_US
page.checkout.address.address-example,Example:</br>Wayne Manor 1</br>10292 Gotham City</br>z.H. Alfred Pennyworth,en_US
page.checkout.address.next-step,Continue to Shippment Method,en_US
page.checkout.address.edit,edit Address Data,en_US
page.checkout.address.use_selected_address,Use selected address,en_US
page.checkout.address.different_delivery_address,Use a different delivery address,en_US
page.checkout.address.different_billing_address,Use a different billing address,en_US
page.checkout.address.option_group.customer,Customer addresses,en_US
page.checkout.address.option_group.company_business_unit,Business addresses,en_US
page.checkout.address.delivery.address_select,Select a delivery address,en_US
page.checkout.address.multi_shipment.title,Assign each product to its own delivery address,en_US
page.checkout.address.billing.address_select,Select a billing address,en_US
page.checkout.address.manage_your_addresses,Manage your addresses,en_US
page.checkout.address.address_select.label,Select a delivery address,en_US
page.checkout.address.address_select.placeholder,Select an address,en_US
page.checkout.shipment.heading,2. Shipping Method,en_US
page.checkout.shipment.shipping_method_heading,Shipping Method,en_US
page.checkout.shipment.shipment_group_heading,Shipment %current% of %total%,en_US
shipment.standart.name,Standard,en_US
shipment.express.name,Express,en_US
shipment.standart.description,2-4 working days,en_US
page.checkout.shipping.delivery_time,Delivery time:,en_US
page.checkout.shipping.day,day,en_US
page.checkout.shipping.days,days,en_US
page.checkout.shipping.price,Price:,en_US
shipment.express.description,24-48 hours (working days),en_US
page.checkout.shipment.edit,edit Shipment Method,en_US
page.checkout.shipment.next-step,Continue to Payment Method,en_US
page.checkout.shipment.item.quantity,Amount,en_US
page.checkout.shipment.item.price,Price,en_US
page.checkout.shipment.shipping_address.title,Delivery address,en_US
page.checkout.shipment.requested_delivery_date.label,Requested delivery date,en_US
page.checkout.shipment.requested_delivery_date.placeholder,Leave it empty if you want it ASAP,en_US
page.checkout.shipment.requested_delivery_date.title,When do you want to be delivered?,en_US
page.checkout.shipping.delivery_time,Delivery time,en_US
page.checkout.payment.heading,3. Payment Method,en_US
page.checkout.payment.title,Payment method,en_US
page.checkout.payment.edit,edit Payment Method,en_US
page.checkout.payment.next-step,Continue to finalise order,en_US
page.checkout.summary.billing,Invoice Address,en_US
page.checkout.summary.shipping,Shipping Address,en_US
page.checkout.summary.date_of_birth,Date of Birth,en_US
page.checkout.summary.card_type,Card Type,en_US
page.checkout.summary.card_number,Card Number,en_US
page.checkout.summary.name_on_card,Name on the Card,en_US
page.checkout.summary.card_expires,Expiry Date,en_US
page.checkout.summary.complete_checkout,Complete checkout,en_US
page.checkout.summary.accept_terms_and_conditions,I accept the terms and conditions,en_US
page.checkout.finalize.heading,4. Check and finalise order,en_US
shipment.international.parcel.service,International Parcel Services,en_US
page.checkout.terms,I accept the general terms and conditions.,en_US
page.checkout.finalize.enter-voucher,Enter voucher code,en_US
page.checkout.finalize.tos,"With a click to the button ""Buy now"" I confirm the GTCs.",en_US
page.checkout.finalize.buy-now,Buy now,en_US
page.detail.add-to-cart,Add to Cart,en_US
page.detail.dimensions,Measurements,en_US
page.product.by,by,en_US
page.product.details,Details,en_US
page.imprint.url,/en/imprint,en_US
page.imprint.title,Imprint,en_US
page.terms.url,/en/gtc,en_US
page.terms.title,GTC,en_US
page.privacy.url,/en/privacy,en_US
page.privacy.title,Data privacy,en_US
catalog.currency,€,en_US
catalog.filter.button,Filter,en_US
catalog.filter.and.sorting.button,Filters,en_US
catalog.filter.active,Active Filter,en_US
catalog.filter.main_color,Color,en_US
catalog.filter.extras,Other characteristics,en_US
catalog.filter.pricerangeFrom,from,en_US
catalog.filter.pricerangeTo,to,en_US
catalog.filter.rangeFrom,Range of,en_US
catalog.filter.rangeTo,to,en_US
catalog.filter.show,insert filter,en_US
catalog.filter.hide,hide filter,en_US
catalog.filter.per,Per Page,en_US
catalog.filter.sort,Sort by,en_US
catalog.filter.rating_up,& Up,en_US
catalog.filter.active_rating_up,Stars & Up,en_US
catalog.itemsFound,Items found,en_US
catalog.loading,Loading,en_US
catalog.next,continue,en_US
catalog.prev,back,en_US
catalog.sort,Sorting,en_US
catalog.sort.relevance,Sort by relevance,en_US
catalog.sort.name_asc,Sort by name ascending,en_US
catalog.sort.name_desc,Sort by name descending,en_US
catalog.sort.price_asc,Sort by price ascending,en_US
catalog.sort.price_desc,Sort by price descending,en_US
catalog.sort.rating,Sort by product ratings,en_US
catalog.filter.activeFilters,Active filters,en_US
catalog.filter.resetAllFilters,Reset all filters,en_US
catalog.no-results,No results.,en_US
product.filter.category,Categories,en_US
product.filter.price,Price range,en_US
product.filter.rating,Product Ratings,en_US
shipment.dhl,DHL,en_US
shipment.dhl.paket.name,Package,en_US
shipment.dhl.paket.description,"DHL Paket is the easy, affordable, fast and reliable shipping service to over 220 countries around the world.",en_US
shipment.dhl.express.name,Express,en_US
shipment.dhl.express.description,"Our force of 100,000 engaged employees is working worldwide. Local know-how and our unique network make us your International Specialists.",en_US
shipment.dpd,DPD,en_US
shipment.hermes,Hermes,en_US
customer.first_name,First Name,en_US
customer.last_name,Name,en_US
customer.salutation.mr,Mr.,en_US
customer.salutation.mrs,Mrs.,en_US
customer.salutation.ms,Ms.,en_US
customer.salutation.dr,Dr.,en_US
customer.birth_date,Date of birth (DD.MM.YYYY),en_US
customer.email,E-Mail,en_US
customer.phone,Telephone number,en_US
customer.reset.password.error.already.loggedIn,Another customer already logged in. Please logout to reset your password.,en_US
payment.prepay,Prepayment,en_US
payment.paypal,PayPal,en_US
payment.creditcard,Credit card,en_US
payment.invoice,Invoice,en_US
payment.cancellation.title,Payment cancellation,en_US
payment.cancellation.message,You have cancelled your payment.,en_US
address.street,Street,en_US
address.street_nr,Number,en_US
address.city,City,en_US
address.zip_code,Zip code,en_US
page.checkout.create_account,Create customer account,en_US
whishlist.whishlist,Whishlist,en_US
whishlist.remove,Remove,en_US
whishlist.reduce,Reduce,en_US
whishlist.increase,Increase,en_US
whishlist.move.to.cart,Move to cart,en_US
checkout.thank.you,Thank you,en_US
checkout.this.is.demoshop,This is a demoshop,en_US
checkout.nothing.will.be.sent,"Therefore, of course, nothing will be sent!",en_US
global.skip-to-navigation,Skip to navigation,en_US
global.skip-to-products,Skip to products,en_US
global.skip-to-content,Skip to content,en_US
global.order.ascendent,A-Z,en_US
global.show_more,Show More,en_US
global.account,Account,en_US
global.order.descendent,Z-A,en_US
global.close,Close,en_US
global.search,Search,en_US
global.search.results,Results for,en_US
global.search.results.no_query,Search Results,en_US
global.search.spellingSuggestion,Did you mean,en_US
global.search.suggestions,Search suggestions,en_US
global.search.suggestion.in_products,Products,en_US
global.search.suggestion.in_categories,Categories,en_US
global.search.suggestion.in_cms,Pages,en_US
global.search.suggestion.no_result,Nothing found...,en_US
global.search.suggestion.see_all_products,See all products,en_US
global.benefit.free_returns,Free Returns,en_US
global.benefit.warranty,3 Years Warranty,en_US
global.benefit.competitive_prices,Competitive Prices,en_US
global.spryker.shop,Spryker Shop,en_US
global.spryker.motto,technology with quality,en_US
global.payment_providers,Payment providers,en_US
global.shipment_providers,Shipment providers,en_US
global.get_in_touch,Get in touch,en_US
global.social,Social,en_US
global.home,Home,en_US
global.email.address,Email Address,en_US
global.password,Password,en_US
global.password.invalid_password,"Your password must include at least one uppercase letter, one lowercase letter, one number, and one special character from the following list: !@#$%^&*()_-+=[]{}|;:<>.,/?\~. Non-Latin and other special characters are not allowed.",en_US
global.permission.failed,This action is forbidden,en_US
global.recover.password,Recover Password,en_US
global.accept.terms.and.conditions,Accept Terms and Conditions,en_US
global.login,Login,en_US
global.create.account,Create Account,en_US
global.cart,Cart,en_US
global.my-cart,My Cart,en_US
global.no_image_available,No image available,en_US
global.add-to-cart,Add to Cart,en_US
global.subscribe.title,Curated insights for digital commerce,en_US
global.payment_shipping,Accepted payment and delivery options,en_US
global.top_categories,Top categories,en_US
global.popular_brands,Popular Brands,en_US
global.about,About,en_US
global.contact_us,Contact Us,en_US
global.hint,"All prices excl. shipping and handling fees, unless otherwise stated.",en_US
global.thank_certeo,A big thank you to our friends from Certeo.,en_US
global.privacy_nav.imprint,Imprint,en_US
global.privacy_nav.imprint_url,https://spryker.com/imprint/,en_US
global.privacy_nav.data_privacy,Data privacy,en_US
global.privacy_nav.data_privacy_url,https://spryker.com/privacy-policy/,en_US
global.build_with,Build with,en_US
global.build_with.link,https://spryker.com/,en_US
global.phone.number,+49 (0) 30 208 498 350,en_US
global.email.text,info@spryker.com,en_US
global.select.placeholder.value,Select a value,en_US
global.show,Show,en_US
global.hide,Hide,en_US
global.cancel,Cancel,en_US
global.keep,Keep,en_US
error.404,Error 404,en_US
homepage.carousel.previous,Previous,en_US
homepage.carousel.next,Next,en_US
customer.signup,New customer?,en_US
customer.signin,Signin,en_US
customer.logout,Logout,en_US
customer.register,Register,en_US
customer.login,Login,en_US
customer.please_login,Sign in,en_US
customer.login.email,Email,en_US
customer.login.password,Password,en_US
customer.login.title,Access your account,en_US
customer.login.welcome_back,Welcome back,en_US
customer.login.subtitle,Sign in to manage your orders and account,en_US
customer.login.submit,Sign in,en_US
customer.login.terms,Terms,en_US
customer.login.error,The email or password you entered is incorrect.,en_US
customer.login.continue_as_guest,Continue as a guest,en_US
customer.registration.title,Create account,en_US
customer.account.no_order,No orders at the moment,en_US
customer.account,Customer Account,en_US
customer.account.contact,Contact,en_US
customer.account.overview,Overview,en_US
customer.account.profile_data,Profile,en_US
customer.account.address,Addresses,en_US
customer.account.address.no-addresses,No addresses added yet!,en_US
customer.account.address.no-addresses-description,This is where you'll find and manage addresses once it's available.,en_US
customer.account.order_history,Order History,en_US
customer.account.button.search_filters,Search & Filters,en_US
customer.account.newsletter,Newsletter,en_US
customer.account.last_orders,Last Orders,en_US
customer.account.default_billing_address,Default Billing Address,en_US
customer.account.please_specify_billing_address,Please Specify Billing Address,en_US
customer.account.default_shipping_address,Default Shipping Address,en_US
customer.account.default_address,Address,en_US
customer.account.default_both_addresses,Default Address,en_US
customer.account.please_specify_shipping_address,Please Specify Shipping Address,en_US
customer.account.edit_address_information,Edit Address Information,en_US
customer.account.additional_addresses,Additional Addresses,en_US
customer.account.button.add_new_address,Add new address,en_US
customer.account.add_new_address,Define new address,en_US
customer.account.deliver_to_multiple_addresses,Deliver to multiple addresses,en_US
customer.account.delete.error,Account cannot be removed,en_US
customer.newsletter.not_subscribed,No newsletter subscription,en_US
customer.profile.order_history,Last Orders,en_US
customer.account.no_orders,No orders at the moment,en_US
customer.address.updated,Address was successfully updated,en_US
customer.address.delete.success,Address deleted successfully,en_US
customer.address.added,Address was successfully added,en_US
customer.address.first_name,First Name,en_US
customer.address.last_name,Last Name,en_US
customer.address.company,Company,en_US
customer.address.address1,Street,en_US
customer.address.address2,Number,en_US
customer.address.address3,Addition to address,en_US
customer.address.zip_code,Zip Code,en_US
customer.address.city,City,en_US
customer.address.country,Country,en_US
customer.address.phone,Phone,en_US
customer.address.is_default_billing,Is default billing address,en_US
customer.address.is_default_shipping,Is default shipping address,en_US
customer.anonymization.success,Your account has been deleted successfully,en_US
customer.anonymization.failed,Your account could not be deleted,en_US
customer.authorization.success,Almost there! We send you an email to validate your email address. Please confirm it to be able to log in.,en_US
customer.authorization.account_confirmed,Your email address is validated. Please login to continue.,en_US
customer.error.confirm_email_link.invalid_or_used,This email verification link is invalid or has been already used.,en_US
customer.authorization.validate_email_address,Almost there! We send you an email to validate your email address. Please confirm it to be able to log in.,en_US
customer.profile.change.success,Profile was successfully saved,en_US
customer.password.invalid_password,Current password is wrong,en_US
customer.password.invalid,Password is invalid,en_US
customer.password.changed,Your password was changed successfully,en_US
customer.token.invalid,Token is invalid,en_US
customer.forgotten-password.description,Enter the e-mail address associated with your account.,en_US
customer.forgotten_password.email,Email Address,en_US
customer.forgotten-password.title,Recover my password,en_US
customer.recovery.request.title,Forgot password?,en_US
customer.recovery.request.subtitle,Enter your work email and we'll send you a link to reset your password.,en_US
customer.recovery.email_label,Work email,en_US
customer.recovery.request.submit,Send reset link,en_US
customer.recovery.back_to_sign_in,Back to sign in,en_US
customer.recovery.sent.title,Check your email,en_US
customer.recovery.sent.text,"If an account exists for %email%, we've sent a link to reset your password.",en_US
customer.recovery.sent.resend,Resend email,en_US
customer.recovery.reset.title,Set a new password,en_US
customer.recovery.reset.subtitle,Your new password must be different from previously used passwords.,en_US
customer.recovery.reset.new_label,New password,en_US
customer.recovery.reset.confirm_label,Confirm password,en_US
customer.recovery.reset.hint,"At least 8 characters, including a number and an uppercase letter.",en_US
customer.recovery.reset.submit,Save password,en_US
customer.recovery.success.title,Password updated,en_US
customer.recovery.success.text,Your password has been changed successfully. You can now sign in with your new password.,en_US
customer.order.order_id,Order Id,en_US
customer.order.view_all,View All,en_US
customer.order.all_orders,View orders,en_US
customer.order.total,Total,en_US
customer.order.view_order,View Order,en_US
customer.order.reorder,Reorder,en_US
customer.order.reorder_all,Reorder all,en_US
customer.order.reorder_selected,Reorder selected items,en_US
customer.order.reorder.error.unable_to_reorder_items,"You can not reorder those products directly, please add them to your cart separately",en_US
customer.order.date,Date,en_US
customer.order.item_sku,SKU,en_US
customer.order.product_name,Product name,en_US
customer.order.item_price,Price,en_US
customer.order.item_quantity,Quantity,en_US
customer.order.item_sum,Item total,en_US
customer.order.item_amount,Amount,en_US
customer.order.subTotal,Subtotal,en_US
customer.order.taxTotal,Tax,en_US
customer.order.expenseTotal,Shipment costs (total),en_US
customer.order.shipment,Shipment,en_US
customer.order.discount.total,Discount,en_US
customer.order.grandTotal,Grand Total,en_US
customer.order.shipping_address,Shipping address,en_US
customer.order.billing_address,Billing address,en_US
customer.order.shipment_method,Shipment,en_US
customer.order.payment_method,Payment method,en_US
customer.order.products,Products,en_US
customer.order.payment,Payment,en_US
customer.order.complete_checkout,Complete checkout,en_US
customer.order.item,Item,en_US
customer.order.items,Items,en_US
customer.order.items_state,Items State,en_US
customer.order.no_orders,No order history available!,en_US
customer.order.no_orders_description,This is where you'll find and manage order history once it's available.,en_US
customer.order.item_options,Item options,en_US
customer.order.overview,Overview,en_US
customer.order.summary.items,Items,en_US
customer.order.summary.discounts,Discounts,en_US
customer.newsletter.subscription,Newsletter settings,en_US
customer.newsletter.subscription_agreement,I agree to newsletter subscription,en_US
customer.newsletter.text,"Receive updates on product innovation, market shifts, and digital commerce strategy.",en_US
customer.newsletter.subtitle,NEWSLETTER,en_US
customer.newsletter.hint,You can unsubscribe at any time.,en_US
customer.profile,My Account,en_US
customer.profile.update,Update Profile,en_US
customer.profile.delete,Delete Account,en_US
customer.profile.delete.description,This will delete all of the account information.,en_US
customer.profile.delete.confirmation_question,Are you sure you want to delete your account?,en_US
customer.profile.first_name,First Name,en_US
customer.profile.last_name,Last Name,en_US
customer.profile.email,Email,en_US
customer.profile.phone,Phone,en_US
customer.profile.old_password,Old Password,en_US
customer.profile.request.new_password,New Password,en_US
customer.profile.confirm.new_password,Confirm New Password,en_US
customer.profile.address.edit,Edit,en_US
customer.profile.address.delete,Delete,en_US
customer.profile.order_details,Order Details,en_US
customer.password.update,Change Password,en_US
customer.password.old_password,Old Password,en_US
customer.password.request.new_password,New Password,en_US
customer.password.confirm.new_password,Confirm Password,en_US
customer.table.actions,Actions,en_US
profile.form.salutation,Salutation,en_US
customer.salutation.dr,Dr.,en_US
customer.salutation.n/a,n/a,en_US
customer.customer_id,ID,en_US
forms.submit-btn,Submit,en_US
forms.save-btn,Save,en_US
forms.submit.login,Login,en_US
forms.submit.register,Register,en_US
forms.forgot-password,Forgot Password,en_US
forms.first-name,First Name,en_US
forms.last-name,Last Name,en_US
forms.email,Email,en_US
forms.password,Password,en_US
forms.confirm-password,Confirm Password,en_US
forms.accept_terms,Accept Terms,en_US
address.salutation,Salutation,en_US
email.orderEmail.salutationMale,Mr.,en_US
email.orderEmail.salutationFemale,Ms. / Mrs.,en_US
mail.trans.customerRegistration.confirmationLink,Validate your email address,en_US
customer.login.failed,Login failed,en_US
customer.email.already.used,"If this E-mail address is already in use, you will receive a password reset link. Otherwise, you must first validate your E-mail address to finish registration. Please check your E-mail.",en_US
customer.data_change_request.email_change.success,Your email address was successfully changed.,en_US
customer.data_change_request.email_change.requested,You requested to change your e-mail to `%newEmail%`. Confirm it by clicking the verification link sent to this address. Please note that the link is valid for %minutes% minutes.,en_US
customer.data_change_request.invalid,No valid data change request found.,en_US
general.back.button,Back,en_US
general.cancel.button,Cancel,en_US
general.edit.button,Edit,en_US
general.required_fields.text,*Required fields,en_US
newsletter.subscription.success,You successfully subscribed to the newsletter,en_US
newsletter.unsubscription.success,You successfully unsubscribed from the newsletter,en_US
newsletter.subscription.already_subscribed,You are already subscribed to the newsletter,en_US
newsletter.subscription.email_format_invalid,Invalid Email address format,en_US
customer.authentication.failed,Please check that your E-mail address and password are correct and that you have confirmed your E-mail address by clicking the link in the registration message,en_US
customer.email.invalid,Email address is invalid,en_US
customer.email.format.invalid,Invalid Email address format,en_US
customer.password.recovery.mail.sent,"If there is an account associated with this email address, you will receive an email with further instructions",en_US
customer.address.number,Number,en_US
customer.address.save_new_address,Save new address to address book,en_US
countries.iso.AT,Austria,en_US
countries.iso.DE,Germany,en_US
countries.iso.NO,Norway,en_US
countries.iso.CH,Switzerland,en_US
countries.iso.ES,Spain,en_US
countries.iso.GB,United Kingdom,en_US
countries.iso.US,United States,en_US
customer.billingSameAsShipping,Billing address same as shipping address,en_US
checkout.customer.proceed_as_user,Proceed as a registered user (sign up),en_US
checkout.customer.proceed_as_guest,Proceed as a guest,en_US
checkout.customer.order_as_guest,Order as guest,en_US
checkout.step.customer.title,Login,en_US
checkout.step.address.title,Address,en_US
checkout.step.shipment.title,Shipping,en_US
checkout.step.payment.title,Payment,en_US
checkout.step.summary.title,Confirm,en_US
checkout.step.shipment,Next,en_US
checkout.step.address.select_address,Select an address,en_US
checkout.step.payment,Next,en_US
checkout.step.summary,Go to Summary,en_US
checkout.step.summary.with_method,With,en_US
checkout.step.summary.items,Items,en_US
checkout.step.summary.overview,Overview,en_US
checkout.step.summary.sub_total,Subtotal,en_US
checkout.step.summary.grand_total,Grand Total,en_US
checkout.step.summary.payment,Payment,en_US
checkout.step.summary.shipping,Shipping,en_US
checkout.step.summary.tax,Tax,en_US
checkout.step.summary.billing_address,Billing Address,en_US
checkout.step.summary.delivery_method,Delivery method,en_US
checkout.step.summary.requested_delivery_date,Requested delivery date,en_US
checkout.step.summary.delivery_address,Delivery Address,en_US
checkout.step.summary.products,Products,en_US
checkout.step.place.order,Submit your order,en_US
checkout.step.payment.must_be_older_than_18_years,You must be at least 18 years old.,en_US
checkout.step.success.title,Thank you!,en_US
checkout.step.success.text,Your order has been placed successfully. You will get the order confirmation email in a few minutes.,en_US
checkout.step.error.title,Your order has not been placed.,en_US
checkout.step.error.text,Something went wrong. Sorry.,en_US
checkout.back_button,Back to cart,en_US
checkout.secure,Secure checkout,en_US
customer.password.change.success,Password change successful,en_US
customer.newsletter.subscribed,Newsletter subscribed,en_US
dynamic_entity.validation.invalid_data_format,"Invalid or missing data format. Please ensure that the data is provided in the correct format. Example request body: {'data':[{...},{...},..]}",en_US
dynamic_entity.validation.persistence_failed,Failed to persist the data for `%errorPath%`. Please verify the provided data and try again.,en_US
dynamic_entity.validation.persistence_failed_duplicate_entry,Failed to persist the data for `%errorPath%`. Please verify the provided data and try again. Entry is duplicated.,en_US
dynamic_entity.validation.persistence_failed_not_nullable_field,Failed to persist the data for `%errorPath%`. Please verify the provided data and try again. Field must not be null.,en_US
dynamic_entity.validation.delete_foreign_key_constraint_fails,Failed to delete the data for `%errorPath%`. The entity has a child entity and can not be deleted. Child entity: `%childEntity%`.,en_US
dynamic_entity.validation.entity_does_not_exist,The entity `%errorPath%` could not be found in the database.,en_US
dynamic_entity.validation.invalid_field_type,Invalid data type `%errorPath%` for field `%fieldName%`,en_US
dynamic_entity.validation.invalid_field_value,Invalid data value `%errorPath%` for field: `%fieldName%`. Field rules: %validationRules%,en_US
dynamic_entity.validation.required_field_is_missing,The required field must not be empty. Field: `%errorPath%.%fieldName%`,en_US
dynamic_entity.validation.entity_not_found_or_identifier_is_not_creatable,"Entity `%errorPath%.%identifier%` not found by identifier, and new identifier can not be persisted. Please update the request.",en_US
dynamic_entity.validation.modification_of_immutable_field_prohibited,Modification of immutable field `%errorPath%.%fieldName%` is prohibited,en_US
dynamic_entity.validation.missing_identifier,Incomplete Request - missing identifier for `%errorPath%`,en_US
dynamic_entity.validation.provided_field_is_invalid,The provided `%errorPath%.%fieldName%` is incorrect or invalid.,en_US
dynamic_entity.validation.relation_is_not_editable,The relationship `%relationName%` is not editable by configuration.,en_US
dynamic_entity.validation.relation_not_found,Relation `%relationName%` not found. Please check the requested relation name and try again.,en_US
dynamic_entity.validation.configuration_not_found,Dynamic entity configuration for table alias `%aliasName%` not found.,en_US
dynamic_entity.validation.filter_field_not_found,Filter field `%filterField%` for table alias `%aliasName%` not found.,en_US
dynamic_entity.validation.invalid_url,The URL is invalid. `%errorPath%` field `%fieldName%` must have a URL data format.,en_US
dynamic_entity.validation.method_not_allowed,Method not allowed for the entity `%aliasName%`.,en_US
validator.constraints.password.do_not_match,Passwords don't match,en_US
discount.successfully.applied,"The discount ""display_name"" has been successfully applied",en_US
discount.quote_change.discount.not_available,The discounts you have chosen for the following items skus is no longer available,en_US
discount.quote_change.discount.amount_changed,The discounts you selected for the following items skus have changed,en_US
discount.quote_change.does_not_apply_for_currency,"Voucher ""%code%"" was disabled because it does not apply for this currency.",en_US
discount.voucher_code.usage_limit.reached,Voucher code usage limit reached,en_US
product.unavailable,Product '%sku%' is not available at the moment,en_US
product.access.denied,"Sorry, this product is not available.",en_US
product_bundle.unavailable,Product '%productSku%' in the Bundle Product '%bundleSku%' is not available at the moment,en_US
product.attribute.slug,slug,en_US
product.attribute.variant_id,ID,en_US
product.attribute.sku,SKU,en_US
product.attribute.image_quality,Image Quality,en_US
product.attribute.lens_system,Lens System,en_US
product.attribute.focus,Focus,en_US
product.attribute.shutter,Shutter,en_US
product.attribute.video,Video,en_US
product.attribute.screen,Screen,en_US
product.attribute.processor,Processor,en_US
product.attribute.memory,Memory,en_US
product.attribute.display,Display,en_US
product.attribute.storage,Storage,en_US
product.attribute.color,Color,en_US
product.attribute.design,Design,en_US
product.attribute.graphics,Graphics,en_US
product.attribute.camera,Camera,en_US
product.attribute.gps,GPS,en_US
product.attribute.weight,Weight,en_US
product.attribute.waterproof,Waterproof,en_US
product.attribute.battery,Battery,en_US
product.attribute.short_description,Short Description,en_US
product.attribute.long_description,Description,en_US
product.attribute.manufacturer_name,Brand,en_US
product.attribute.product_id,Product ID,en_US
product.attribute.image_big,Image big,en_US
product.attribute.image_small,Image small,en_US
product.attribute.license,License,en_US
product.product_options,Product Options,en_US
product.product_options_select,Select an option,en_US
product.attachments.downloads,Downloads,en_US
product.attachments.name.col,Name,en_US
product.attachments.download.col,Download,en_US
product.sets,Product Sets,en_US
product.sets.no-results,No results.,en_US
product.set.detail.add-all-to-cart,Add all to Cart,en_US
product.set.detail.set-contents,Products in this set,en_US
product.set.detail.no-products,No products in the set,en_US
product.view,View Product,en_US
product.color-selector,Available Colors,en_US
product.relation.similar-products,Similar products,en_US
newsletter.subscribe,Subscribe for newsletter,en_US
newsletter.form.subscribe,Subscribe,en_US
newsletter.form.subscribe.text,"Receive updates on product innovation, market shifts, and digital commerce strategy.",en_US
pagination.previous,Previous,en_US
pagination.next,Next,en_US
product.attribute.iso_en,ISO,en_US
product.attribute.waterproof_up_to,Waterproof up to,en_US
product.attribute.width,Width,en_US
product.attribute.touchscreen,Touchscreen,en_US
product.attribute._none,Please select an attribute value,en_US
product.variants,Product Variants,en_US
product.attribute.usb_version,USB version,en_US
product.attribute.thermal_design_power,Thermal design power,en_US
product.attribute.processor_boost_frequency,Processor Boost,en_US
product.attribute.touch_technology,Touch technology,en_US
product.attribute.video_recording_modes,Video recording modes,en_US
product.attribute.voice_recording,Voice recording,en_US
product.attribute.total_megapixels,Total megapixels,en_US
product.attribute.white_balance,White balance,en_US
product.attribute.themes,Themes,en_US
product.attribute.usb_port,USB port,en_US
product.detail.out_of_stock,This product is currently not available.,en_US
product.groups,Product Groups,en_US
cart.pre.check.availability.failed,Item %sku% only has availability of %stock%.,en_US
cart.pre.check.availability.failed.empty,Product '%sku%' is not available at the moment.,en_US
cart.pre.check.availability.failed.lead.product,Products inside the item 'sku' are not available at the moment.,en_US
mail.auth.restore_password.subject,New password for your Spryker Backoffice account,en_US
mail.auth.restore_password.text,"""Somebody has requested a new password for your Spryker Backoffice account. If it's not you, just ignore this email. If it's you, please follow the link bellow:""",en_US
mail.auth.restore_password.label,Change Password,en_US
mail.sender.name,Spryker No-Reply,en_US
mail.sender.email,noreply@demo-spryker.com,en_US
mail.auth.restore_password.subject,New password for your Spryker Backoffice account,en_US
mail.auth.restore_password.text,"""Somebody has requested a new password for your Spryker Backoffice account. If it's not you, just ignore this email. If it's you, please follow the link below:""",en_US
mail.auth.restore_password.label,Change Password,en_US
mail.company.status.subject,Your company has changed status,en_US
mail.company.status.text,Your company has changed status to: ,en_US
mail.company.status.approved,Approved ,en_US
mail.company.status.pending,Waiting for Approval,en_US
mail.company.status.denied,Denied,en_US
mail.customer.registration.subject,Thank you for signing up with Spryker Shop!,en_US
mail.customer.registration.text,Thank you for signing up with Spryker Shop!,en_US
mail.customer.restore_password.subject,New password for your Spryker Shop account,en_US
mail.customer.restore_password.text,"""Somebody has requested a new password for your Spryker Shop account. If it's not you, just ignore this email. If it's you, please follow the link bellow:""",en_US
mail.customer.restore_password_confirmation.subject,Your password was changed successfully!,en_US
mail.customer.restore_password_confirmation.text,Your password was changed successfully!,en_US
mail.merchant.restore_password.subject,New password for your Spryker Merchant Portal account,en_US
mail.merchant.restore_password.text,"""Somebody has requested a new password for your Spryker Merchant Portal account. If it's not you, just ignore this email. If it's you, please follow the link bellow:""",en_US
mail.merchant.restore_password.label,Change Password,en_US
mail.newsletter.subscribed.subject,Welcome to Spryker newsletter,en_US
mail.newsletter.subscribed.text,We are thrilled you have signed up for our newletter. We will do our best to deliver you the most relevant and exciting news and updates.,en_US
mail.newsletter.subscribed.footer.text,Enjoy your shopping experience.,en_US
mail.newsletter.unsubscribed.subject,Sorry to see you go…,en_US
mail.newsletter.unsubscribed.text,"Your email address has been unsubscribed from Spryker Shop newsletter, but you can always manage your subscription in your customer profile.",en_US
mail.order.confirmation.subject,Thank you for your order at Spryker Shop,en_US
mail.order.confirmation.salutation,Hello,en_US
mail.order.confirmation.text_line_1,Thank you for shopping at Spryker Shop!,en_US
mail.order.confirmation.text_line_2,We are writing to let you know that we got your order. You will receive a shipping confirmation by e-mail from us as soon as the order has been sent.,en_US
mail.order.confirmation.text_line_3,"We hope you like your order. In case you change your mind, you can return within 14 days.",en_US
mail.order.confirmation.details,Details of your order,en_US
mail.order.confirmation.shipping_address,Delivery address,en_US
mail.order.confirmation.billing_address,Billing address,en_US
mail.order.confirmation.order_number,Order number,en_US
mail.order.confirmation.price_including_tax,Total price including taxes,en_US
mail.order.confirmation.date,Date of order,en_US
mail.order.confirmation.footer.text_line_1,Have a great day!,en_US
mail.order.confirmation.footer.text_line_2,Your Spryker Shop,en_US
mail.order.confirmation.shipment_details,Shipment details,en_US
mail.order.confirmation.shipment_number,Shipment number,en_US
mail.order.confirmation.shipping_method,Shipment method,en_US
mail.order.confirmation.delivery_date,Requested delivery date,en_US
mail.order.confirmation.products_in_shipment,Products by shipment,en_US
mail.order.confirmation.product_title,Product title,en_US
mail.order.confirmation.item_quantity,Item quantity,en_US
mail.order.confirmation.item_sku,Artikel SKU,en_US
mail.order.confirmation.item_price_including_tax,Total item price including taxes,en_US
mail.order.shipped.subject,Your order %orderReference% is on its way,en_US
mail.order.shipped.salutation,Hello,en_US
mail.order.shipped.text,Your order is already on its way.,en_US
mail.order.shipped.details,Details of your order,en_US
mail.order.shipped.order_number,Order number,en_US
mail.order.shipped.price_including_tax,Total price including taxes,en_US
mail.order.shipped.date,Date of order,en_US
mail.order.shipped.footer.text_line_1,Have a great day!,en_US
mail.order.shipped.footer.text_line_2,Your Spryker Shop,en_US
mail.order_invoice.subject,Invoice: %invoiceReference%,en_US
cart.item.remove.confirm,Are you sure that you want to remove this item?,en_US
cart.voucher.remove,Remove,en_US
cart.vouchers.clear-all,Clear all,en_US
cart.voucher.apply.failed,Your voucher code is invalid.,en_US
cart.voucher.apply.successful,Your voucher code has been applied,en_US
cart.voucher.apply.non_applicable,The voucher code is invalid,en_US
cart.code.apply.failed,Code could not be applied,en_US
cart_code_widget.error.too_many_requests,Too many voucher code attempts. Please try again later.,en_US
cart.code.enter-code,Enter voucher code,en_US
cart.item.bundle.description,Items in the bundle:,en_US
cart_widget.add_product.separate,Add as separate item,en_US
checkout.summary.item.bundle.description,Items in the bundle:,en_US
customer.order.bundled_items,Items in the bundle:,en_US
customer.order.options,Product options:,en_US
countries.iso.AT,Austria,en_US
cart.item.option.description,Product options:,en_US
cart.item.sku,SKU,en_US
cart.item.color,Color,en_US
checkout.summary.item.option.description,Product options:,en_US
invoice.order.address.billing,Billing address,en_US
invoice.order.address.shipping,Shipping address,en_US
invoice.header,Invoice,en_US
invoice.order.number,Order reference,en_US
invoice.customer.number,Customer reference,en_US
invoice.created.at,Invoice date,en_US
invoice.order.item.sku,SKU,en_US
invoice.order.item.product_name,PRODUCT NAME,en_US
invoice.order.item.quantity,QUANTITY,en_US
invoice.order.item.price,ITEM PRICE,en_US
invoice.order.item.price_total,ITEM TOTAL,en_US
invoice.order.grand_total,GRAND TOTAL,en_US
invoice.order.tax_amount,Incl. VAT,en_US
invoice.order.expenses.total,Shipping costs,en_US
invoice.company.address,Spryker Systems GmbH<br/>Julie-Wolfthorn-Straße 1<br />10115 Berlin / Germany,en_US
invoice.company.bank.information,Bank Name<br/>IBAN 1234 5678 9123 4567 89<br />BIC 12345678<br/>Handelsregister ABC123456<br />Steuernummer 12/345/6789,en_US
invoice.company.contact.information,+49 (0)30 2084983 50<br/>hello@spryker.com,en_US
DummyPaymentCreditCard,Credit Card,en_US
payment.dummy-payment.credit-card,Pay with the following credit card:,en_US
dummyPaymentCreditCard.card_type,Card Type,en_US
dummyPaymentCreditCard.card_number,Card Number,en_US
dummyPaymentCreditCard.name_on_card,Name on the Card,en_US
dummyPaymentCreditCard.card_expires,Expiry Date,en_US
dummyPaymentCreditCard.card_security_code,CVC,en_US
DummyPaymentInvoice,Invoice,en_US
dummyPaymentInvoice.invoice,Pay with invoice:,en_US
dummyPaymentInvoice.date_of_birth,Date of Birth,en_US
dummyPaymentInvoice.icon,invoice-logo,en_US
DummyMarketplacePaymentInvoice,Marketplace Invoice,en_US
dummyMarketplacePaymentInvoice.invoice,Pay with invoice:,en_US
checkout.payment.provider.DummyMarketplacePayment,Dummy Marketplace Payment,en_US
cart.item.item_price,Item price,en_US
cart.item.item_total,Item total,en_US
cart.shipping,Shipping,en_US
product_review.product_ratings,Product Ratings,en_US
product_review.product_reviews,Product Reviews,en_US
product_review.reviews,Reviews,en_US
product_review.on,on,en_US
product_review.summary.star,star,en_US
product_review.summary.stars,stars,en_US
product_review.summary.out_of,out of,en_US
product_review.summary.review,review,en_US
product_review.summary.reviews,reviews,en_US
product_review.summary.title,Ratings & Reviews,en_US
product_review.no_reviews,No review for this product yet,en_US
product_review.submit.add_a_review,Add a Review,en_US
product_review.submit.rating,Rating,en_US
product_review.submit.rating.none,No rating was selected,en_US
product_review.submit.summary,Summary,en_US
product_review.submit.description,Description,en_US
product_review.submit.nickname,Name,en_US
product_review.submit.success,Product review was successfully submitted.,en_US
product_review.error.no_customer,Please login to access this feature.,en_US
product_review.error.invalid_rating,Product rating should be selected.,en_US
cart.promotion.items,Promotional products,en_US
checkout.payment_method.invalid,Checkout payment is not valid,en_US
checkout.payment.provider.DummyPayment,Dummy Payment,en_US
checkout.order.duplicate,Order with given reference {{reference}} already exists,en_US
checkout.order.checkout.error.duplicate-order-processing,Cart with given uid %quote-uid% has already been processed,en_US
cms.preview.access_denied,You are not logged in or you do not have permission to access this page.,en_US
product-cart.validation.error.abstract-product-exists,"Product ""sku"" not found",en_US
product-cart.validation.error.concrete-product-exists,"Product ""sku"" not found",en_US
cart.item.option.pre.check.validation.error.exists,Product option of %name% is not available anymore.,en_US
product-cart.validation.error.product-option-value-price-exists,Product option price for product '%sku%' not found.,en_US
product-cart.validation.error.concrete-product-inactive,"Product ""sku"" is not active.",en_US
product-approval.message.not-approved,Product sku %sku% is not active.,en_US
product-cart.info.concrete-product-inactive.removed,Inactive item %sku% was removed from your shopping cart.,en_US
product-cart.info.restricted-product.removed,The Item %sku% was removed from the cart because it was deactivated.,en_US
reorder.info.restricted-product.removed,The Item %sku% could not be added to cart because it was deactivated.,en_US
product.filter.label,Product Labels,en_US
product.filter.price-default-chf-gross_mode,Price range,en_US
product.filter.price-default-chf-net_mode,Price range,en_US
product.filter.price-default-eur-net_mode,Price range,en_US
product.filter.price-default-eur-gross_mode,Price range,en_US
product.filter.price-default-usd-net_mode,Price range,en_US
product.filter.price-default-usd-gross_mode,Price range,en_US
price.mode.gross_mode,Gross prices,en_US
price.mode.net_mode,Net prices,en_US
price.mode.incl_vat,incl VAT,en_US
price.mode.excl_vat,excl VAT,en_US
price_product.error.price_not_found,Product price not found.,en_US
cart.pre.check.price.failed,Price in selected currency not found for product with sku '%sku%'. Please change the currency or remove product from order.,en_US
price.mode.switch.error,Can't switch price mode when there are items in the cart.,en_US
price-cart-connector.info.concrete-product-without-price.removed,Item %sku% without price was removed from your shopping cart.,en_US
cart.pre.check.shipment.failed,Can't apply these changes. The shipment method not found. Please select another shipment method.,en_US
catalog.view.mode.grid,Grid,en_US
catalog.view.mode.list,List,en_US
cart.quantity.adjusted,Requested item quantity was adjusted as far as selected quantity is not available.,en_US
catalog.sale,Sale,en_US
catalog.new,New,en_US
company.account.page-title,My Company,en_US
company.account.no-company-title,No Company,en_US
company.account.name,Company Name,en_US
company.account,Company Account,en_US
company.account.address.edit,Edit,en_US
company.account.address.delete,Delete,en_US
company.account.shipping_address,Default Shipping Address,en_US
company.account.billing_address,Default Billing Address,en_US
company.account.address.address1,Street,en_US
company.account.address.number,Number,en_US
company.account.address.address3,Addition to address,en_US
company.account.address.zip_code,Zip code,en_US
company.account.address.city,City,en_US
company.account.address.country,Country,en_US
company.account.address.phone,Telephone number,en_US
company.account.address,Addresses,en_US
company.account.edit_address_information,Edit Address Information,en_US
company.account.login.title,Access your account,en_US
company.account.login.email,Email,en_US
company.account.login.password,Password,en_US
company.account.registration.title,Create account,en_US
company.user.first_name,First Name,en_US
company.user.last_name,Surname,en_US
company.user.salutation.mr,Mr.,en_US
company.user.salutation.mrs,Mrs.,en_US
company.user.salutation.ms,Ms.,en_US
company.user.salutation.dr,Dr.,en_US
company.account.overview,Overview,en_US
company.user.invitation.title.plural,Invitations,en_US
company.user.invitation.invite_users,Invite users,en_US
company.user.invitation.imported.title.plural,Imported invitations,en_US
company.user.invitation.import.title,Import new invitations,en_US
company.user.invitation.import.download.errors.file,"Some invitations failed to be imported. Click <a href=""%link%"">here</a> to download the errors file",en_US
company.user.invitation.import.error.message,Invitations import failed,en_US
company.user.invitation.file,Invitations file,en_US
company.user.invitation.first.name,First Name,en_US
company.user.invitation.last.name,Last Name,en_US
company.user.invitation.mail,Mail,en_US
company.user.invitation.business.unit,Business Unit,en_US
company.user.invitation.status,Status,en_US
company.user.invitation.actions,Actions,en_US
company.user.invitation.status.new,Not Sent,en_US
company.user.invitation.status.pending,Pending,en_US
company.user.invitation.status.accepted,Accepted,en_US
company.user.invitation.not.found.message,Invitation not found,en_US
company.user.invitation.send.button,Send,en_US
company.user.invitation.sent.success.message,Invitation sent successfully,en_US
company.user.invitation.sent.error.message,Invitation was not sent,en_US
company.user.invitation.send.all.button,Send All,en_US
company.user.invitation.sent.all.success.message,All invitations sent successfully,en_US
company.user.invitation.sent.all.none.found.message,No invitations to send found,en_US
company.user.invitation.sent.all.error.message,Some invitations failed to be sent,en_US
company.user.invitation.resend.title,Resend invitation,en_US
company.user.invitation.resend.confirmation.question,Are you sure you want to resend the invitation?,en_US
company.user.invitation.resend.button,Resend,en_US
company.user.invitation.resent.success.message,Invitation resent successfully,en_US
company.user.invitation.resent.error.message,Invitation was not resent,en_US
company.user.invitation.delete.title,Delete invitation,en_US
company.user.invitation.delete.confirmation.question,Are you sure you want to delete the invitation?,en_US
company.user.invitation.delete.button,Delete,en_US
company.user.invitation.deleted.success.message,Invitation deleted successfully,en_US
company.user.invitation.deleted.error.message,Invitation was not deleted,en_US
company.user.invitation.invalid,Your invitation is not valid,en_US
company.user.invitation.expired,Your invitation has expired,en_US
company.user.invitation.accepted,Your invitation has already been used,en_US
company.user.invitation.import.file.invalid,The import file is not valid,en_US
mail.company.user.invitation.subject,Invitation,en_US
mail.company.user.invitation.body.html,"Hi %name%, You have been invited to join a Company Account on the Spryker Demo-shop, please follow this <a href=""%invitationLink%"">link</a> to complete your registration",en_US
mail.company.user.invitation.body.text,"Hi %name%, You have been invited to join a Company Account on the Spryker Demo-shop, please follow this link %invitationLink% to complete your registration",en_US
company.account.add_new_address,Define new address,en_US
company.account.table.actions,Actions,en_US
company.account.business_unit.view,View,en_US
company.account.business_unit.create,Create Business Unit,en_US
company.account.business_unit.edit,Edit,en_US
company.account.business_unit.delete,Delete,en_US
company.account.business_unit.address,Addresses,en_US
company.account.business_unit.details,Details,en_US
company.account.business_unit.description,With creating a new business unit you are able to set different roles and sub units.,en_US
company.company_business_unit.delete.error.has_users,You can not delete a business unit while it contains users,en_US
company.company_business_unit.delete.confirmation.warning,Warning,en_US
company.company_business_unit.delete.confirmation.back,Back,en_US
company.account.address.is_default_billing,Is default billing address,en_US
company.account.authorization.success,Registration Successful,en_US
company.account.company_user,Users,en_US
company.account.company_user.add,Add new user,en_US
company.account.company_role,Roles,en_US
company.account.company_role.add,Add new role,en_US
company.account.company_role.default,Default,en_US
company.account.company_role.edit,Edit,en_US
company.account.company_role.name,Name,en_US
company.account.company_role.is_default,Is Default,en_US
company.account.company_role.edit_information,Edit '%role_name%' role,en_US
company.account.company_role.details,Details,en_US
company.account.company_role.view,View,en_US
company.account.company_role.user.manage,Manage assigned company users,en_US
company.account.company_role.users,Users,en_US
company.account.company_role.permissions,Permissions,en_US
company.account.company_role.permission.key,Key,en_US
company.account.company_role.permission.configure,Configure,en_US
company.account.company_role.permission.manage,Manage permissions,en_US
company.account.company_role.permission.status,Status,en_US
company.account.company_role.permission.assign,Assign,en_US
company.account.company_role.permission.assigned,Assigned,en_US
company.account.company_role.permission.unassign,Unassign,en_US
company.account.company_role.permission.unassigned,Unassigned,en_US
company.company_role.delete.error.has_users,You can not delete a role while it contains users,en_US
company.account.business_unit.name,Name,en_US
company.account.business_unit.email,Email,en_US
company.account.business_unit.phone,Telephone number,en_US
company.account.business_unit.external_url,External Url,en_US
company.account.business_unit,Business Units,en_US
company.account.business_unit.add,Create Business Unit,en_US
company.account.business_unit.edit,Edit,en_US
company.account.business_unit.edit_information,Edit Business Unit,en_US
company.account.company_name,Company name,en_US
company.account.company_user,Users,en_US
company.account.company_user.name,Name,en_US
company.account.company_user.role,Roles,en_US
company.account.company_user.add,Create user,en_US
company.account.company_user.business_unit,Business unit,en_US
company.account.company_user.edit,Edit,en_US
company.account.company_user.create.successful,Company User has been successfully created,en_US
company.account.company_user.update.successful,Company User has been successfully updated,en_US
company.account.company_user.delete.successful,Company User has been successfully removed,en_US
company.account.company_user.delete.error,Company user cannot be removed,en_US
company.account.company_user.delete.error.delete_yourself,You are not allowed to delete yourself,en_US
company.account.company_user.delete.confirmation.warning,Warning,en_US
company.account.company_user.delete.confirmation.trying_to_delete,You are trying to delete user,en_US
company.account.company_user.delete.confirmation.deleted_from_everywhere,It will be deleted from everywhere,en_US
company.account.company_user.delete,Delete,en_US
company.account.company_user.edit_information,Edit user information,en_US
customer.access.cannot_see_price,Please login to see the price,en_US
company.account.company_user.delete.back,Back,en_US
company.account.company_user.edit_information,Edit user '%first_name% %last_name%',en_US
company.account.company_user.enable,Enable,en_US
company.account.company_user.disable,Disable,en_US
company.account.company_user.status.enable.success,Company user successfully enabled,en_US
company.account.company_user.status.enable.error,Company user cannot be enabled,en_US
company.account.company_user.status.enable.error.cannot_enable_yourself,You are not allowed to enable yourself,en_US
company.account.company_user.status.disable.success,Company user successfully disabled,en_US
company.account.company_user.status.disable.error,Company user cannot be disabled,en_US
company.account.company_user.status.disable.error.cannot_disable_yourself,You are not allowed to disable yourself,en_US
quick-order.page-title,Quick Order,en_US
quick-order.input-label.qty,Quantity,en_US
quick-order.input-label.sku,SKU,en_US
quick-order.button.add-more-rows,Add More Rows,en_US
quick-order.button.create-order,Create Order,en_US
quick-order.button.clear-all-rows,Clear All Rows,en_US
quick-order.message.success.the-form-items-have-been-successfully-cleared,The form items have been successfully cleared.,en_US
quick-order.errors.items-required,Please enter at least one product SKU,en_US
quick-order.errors.quantity-required,Quantity must be at least 1,en_US
quick-order.errors.quantity-invalid,Entered quantity value is invalid. Quantity was adjusted to the next possible valid value.,en_US
quick-order.paste-order.title,Add articles,en_US
quick-order.paste-order.description,"Copy and paste your articles with the SKU and quantity separated by space, semicolon or comma.",en_US
quick-order.paste-order.input-placeholder.copy-paste-order,Paste your order here,en_US
quick-order.paste-order.button.verify,Verify,en_US
quick-order.paste-order.errors.text-order-format-incorrect,Order format is incorrect.,en_US
quick-order.paste-order.errors.parser.separator-not-detected,Separator is not defined.,en_US
quick-order.file-upload-order.title,Upload your order,en_US
quick-order.file-upload-order.description,Choose file,en_US
quick-order.file-upload-order.success-message,File successfully uploaded,en_US
quick-order.file-upload-order.error-message,File could not be uploaded. Click here %url% to download the csv template,en_US
quick-order.file-upload-order.file-template-download-message,Click here to download a %template% template,en_US
quick-order.file-upload-order.button.upload,Upload,en_US
quick-order.upload-order.errors.upload-order-invalid-mime-type,Invalid file type.,en_US
quick-order.upload-order.errors.upload-order-invalid-amount-of-rows,"To many rows, file can’t be processed.",en_US
quick-order.upload-order.errors.upload-order-invalid-format,Invalid format.,en_US
quick-order.upload-order.errors.upload-order-no-file,There was no file added.,en_US
quick-order.input-label.sku.name,SKU or Name,en_US
quick-order.input.placeholder,Search by SKU or Name,en_US
quick-order.input-label.measurement_unit,Measuring Unit,en_US
quick-order.input-label.merchant,Merchant,en_US
quick-order.input-label.price,Price,en_US
quick-order.search.no_results,Item cannot be found,en_US
quick-order.input-quantity.message.error,The ordered quantity was adjusted to the next possible quantity for the article.,en_US
quick-order.upload-order.errors.upload-order-invalid-sku-item,Product with this SKU is not found.,en_US
quick-order.upload-order.allowed-file-extensions,Only %extensions% files accepted,en_US
quick-order.upload-order.browse-file,No file selected. Browse file,en_US
checkout.pre.check.shipment.failed,Invalid shipping method %method_name% (%carrier_name%).,en_US
checkout.validation.company_address.not_found,Company address with ID %id% not found.,en_US
checkout.validation.company_address.not_applicable,Company addresses are applicable only for company users.,en_US
checkout.validation.item.no_shipment_selected,No shipment selected for the cart item %id%.,en_US
checkout.validation.customer_address.not_found,Customer address with ID %id% not found.,en_US
checkout.validation.customer_address.not_applicable,Customer addresses are applicable only for customers.,en_US
measurement_units.item.name,Item,en_US
measurement_units.standard.weight.kilo.name,Kilo,en_US
measurement_units.standard.weight.gram.name,Gram,en_US
measurement_units.standard.weight.tone.name,Ton,en_US
measurement_units.standard.weight.gbou.name,GB Ounce,en_US
measurement_units.standard.weight.usou.name,US Ounce,en_US
measurement_units.standard.weight.pund.name,Pound,en_US
measurement_units.standard.weight.huwg.name,Hundredweight,en_US
measurement_units.standard.weight.gbtn.name,GB Ton,en_US
measurement_units.standard.weight.ustn.name,US Ton,en_US
measurement_units.standard.weight.oztr.name,Troy Ounce,en_US
measurement_units.standard.weight.ucwt.name,US Hundredweight,en_US
measurement_units.standard.length.metr.name,Meter,en_US
measurement_units.standard.length.cmet.name,Centimeter,en_US
measurement_units.standard.length.mmet.name,Millimetre,en_US
measurement_units.standard.length.kmet.name,Kilometre,en_US
measurement_units.standard.length.inch.name,Inch,en_US
measurement_units.standard.length.yard.name,Yard,en_US
measurement_units.standard.length.foot.name,Foot,en_US
measurement_units.standard.length.mile.name,Mile,en_US
measurement_units.standard.area.smet.name,Square Metre,en_US
measurement_units.standard.area.sqki.name,Square Kilometre,en_US
measurement_units.standard.area.smil.name,Square Millimetre,en_US
measurement_units.standard.area.scmt.name,Square Centimetre,en_US
measurement_units.standard.area.sqin.name,Square Inch,en_US
measurement_units.standard.area.sqfo.name,Square Foot,en_US
measurement_units.standard.area.sqmi.name,Square Mile,en_US
measurement_units.standard.area.sqya.name,Square Yard,en_US
measurement_units.standard.area.acre.name,Acre,en_US
measurement_units.standard.area.ares.name,Are,en_US
measurement_units.standard.area.hect.name,Hectare,en_US
measurement_units.standard.litr.name,Litre,en_US
measurement_units.standard.celi.name,Centilitre,en_US
measurement_units.standard.mili.name,Milli Litre,en_US
measurement_units.standard.gbga.name,GB Gallon,en_US
measurement_units.standard.gbpi.name,GB Pint,en_US
measurement_units.standard.uspi.name,US Pint,en_US
measurement_units.standard.gbqa.name,GB Quart,en_US
measurement_units.standard.usqa.name,US Quart,en_US
measurement_units.standard.usga.name,US Gallon,en_US
measurement_units.standard.barl.name,Barrel,en_US
measurement_units.standard.bcuf.name,Billion Cubic Feet,en_US
measurement_units.standard.bdft.name,Board Feet,en_US
measurement_units.standard.cbme.name,Cubic Meter,en_US
measurement_units.standard.miba.name,Million Barrel,en_US
measurement_units.standard.dgeu.name,Diesel Gallon Equivalent,en_US
measurement_units.standard.ggeu.name,Gasoline Gallon Equivalent,en_US
measurement_units.standard.busl.name,Bushel,en_US
measurement_units.recommendation.between-units-info,The quantity you have chosen is in between 2 base units,en_US
measurement_units.recommendation.min-violation,Minimum quantity requirements for product are not fulfilled,en_US
measurement_units.recommendation.max-violation,Maximum quantity requirements for product are not fulfilled,en_US
measurement_units.recommendation.suggestion,Would you like to add,en_US
measurement_units.new-price,New price,en_US
product.measurement.sales_unit,Sales Unit,en_US
cart.pre.check.quantity.min.failed,Minimum quantity requirements for product SKU '%sku%' are not fulfilled.,en_US
cart.pre.check.quantity.max.failed,Maximum quantity for product SKU '%sku%' is exceeded.,en_US
cart.pre.check.quantity.value.failed,Wrong quantity for product SKU '%sku%'.,en_US
cart.pre.check.quantity.interval.failed,Quantity interval requirements for product SKU '%sku%' are not fulfilled.,en_US
persistent_cart.error.quote.not_available,Cart does not exists,en_US
persistent_cart.quote.remove.success,Cart deleted successfully,en_US
persistent_cart.quote.remove.can_not_remove_last_cart,Customer should have at least one cart,en_US
cart_note.cart_page.item.note_added,Note has been successfully added to item '%sku%',en_US
cart_note.cart_page.cart.note_added,Note has been successfully added to Cart,en_US
cart_note.quote_form.enter_note,Add a note for the cart,en_US
cart_note.quote_form.placeholder,Enter your note,en_US
cart_note.item_form.enter_note,Add a note for the item,en_US
cart_note.item_form.placeholder,Enter your note,en_US
cart_note.form.save,Save,en_US
cart_note.form.comment,Comment,en_US
cart_note.form.add_comment,Add a comment,en_US
cart_note.form.edit_comment,Edit Comment,en_US
cart_note.form.remove_comment,Remove Comment,en_US
cart_note.checkout_page.item_note,Note,en_US
cart_note.checkout_page.quote_note,Cart Note,en_US
cart_note.customer_page.item_note,Order item Note,en_US
cart_note.customer_page.order_note,Order Note,en_US
cart.validate.items.price.changed,Prices have been changed for products with SKU '%sku%'.,en_US
multi_cart.form.create_cart,Add new cart,en_US
multi_cart.form.quote.name,Cart Name,en_US
multi_cart.form.duplicate,Duplicate,en_US
multi_cart.form.edit,Edit,en_US
multi_cart.form.edit_cart,Edit cart,en_US
multi_cart.form.edit_cart_information,"Edit ""cart_name""",en_US
multi_cart.cart.set_default.success,Cart '%quote%' has successfully been set to your active cart.,en_US
multi_cart_page.cart_clear.success,Cart was successfully cleared,en_US
multi_cart_page.cart_delete_confirmation.warning,Warning,en_US
multi_cart_page.cart_delete_confirmation.trying_to_delete,You are trying to delete Cart,en_US
multi_cart_page.cart_delete_confirmation.shared_with,It is shared with the following users,en_US
multi_cart_page.cart_delete_confirmation.from_all_of_them,It will be deleted from all of them,en_US
multi_cart_page.cart_delete_confirmation.cancel,Cancel,en_US
multi_cart_page.cart_delete_confirmation.delete,Delete,en_US
multi_cart_page.cart_delete_confirmation.breadcrumbs.shopping_carts,Shopping carts,en_US
multi_cart_page.delete_all,Delete all,en_US
multi_cart_widget.cart.cart_name,Cart Name,en_US
multi_cart_widget.cart.cart_name.aria_label,Cart name is: %cartName%,en_US
multi_cart_widget.cart.add,Create New Cart,en_US
multi_cart_widget.cart.action.change_name,Change Name,en_US
multi_cart_widget.cart.action.duplicate,Duplicate,en_US
multi_cart_widget.cart.action.clear,Clear cart,en_US
multi_cart_widget.cart.action.delete,Delete cart,en_US
multi_cart_widget.cart.action.view,View details,en_US
multi_cart_widget.cart.action.set_default,Set active,en_US
multi_cart_widget.cart.default,Active,en_US
multi_cart_widget.cart.item,Item,en_US
multi_cart_widget.cart.items,Items,en_US
multi_cart_widget.cart.view_all,All Carts,en_US
multi_cart_widget.cart.cart,Cart,en_US
multi_cart_widget.cart.carts,Carts,en_US
multi_cart_widget.cart.list,Cart List,en_US
multi_cart_widget.cart.status,Status,en_US
multi_cart_widget.cart.sub_total,Sub Total,en_US
multi_cart_widget.cart.actions,Actions,en_US
multi_cart_widget.cart.created.success,Cart '%quoteName%' was created successfully,en_US
multi_cart_widget.cart.updated.success,Cart updated successfully,en_US
multi_cart_widget.cart.remove.confirm,Are you sure that you want to remove this cart?,en_US
multi_cart_widget.cart.delete.error,Cart cannot be removed,en_US
multi_cart_widget.aria_label.mini-cart-radio-switcher,Switch current cart to %cartName%,en_US
shared_cart_widget.add_product.separate,Add as separate item,en_US
shared_cart_widget.cart.share,Share cart,en_US
shared_cart_widget.cart.unshare,Unshare cart,en_US
shared_cart_widget.cart.dismiss,Dismiss,en_US
shared_cart_widget.share_list.shared_with,Cart shared with,en_US
shared_cart_widget.share_list.customer_name,User,en_US
shared_cart_widget.share_list.permission,Access level,en_US
shared_cart_widget.share_list.actions,Actions,en_US
shared_cart_widget.share_list.action.unshare,Unshare cart,en_US
shared_cart.share_list.permissions.NO_ACCESS,No access,en_US
shared_cart.share_list.permissions.READ_ONLY,Read-only,en_US
shared_cart.share_list.permissions.FULL_ACCESS,Full access,en_US
shared_cart.share_list.permissions.OWNER_ACCESS,Owner access,en_US
shared_cart.form.share_cart,Share cart,en_US
shared_cart.form.share_cart.title,"Share cart ""cart_name""",en_US
shared_cart.form.customer,User,en_US
shared_cart.form.select_customer,Select user,en_US
shared_cart.form.select_permissions,Access,en_US
shared_cart.form.share_button,Share,en_US
shared_cart.form.save_button,Save,en_US
shared_cart.form.data_empty,There are no Users with whom you can share shopping cart.,en_US
shared_cart.share.error.already_exist,Cart was already shared with this customer,en_US
shared_cart.share.breadcrumbs.share,Share,en_US
shared_cart.share.breadcrumbs.shopping_carts,Shopping carts,en_US
shared_cart.share.form.users,Users,en_US
shared_cart_page.share.success,Cart was successfully shared,en_US
shared_cart_page.unshare.success,Cart was successfully unshared,en_US
shared_cart_page.dismiss_confirmation.warning,Warning,en_US
shared_cart.dismiss.title,Dismiss shared cart ‘quote_name’,en_US
shared_cart_page.share.breadcrumbs.dismiss,Dismiss,en_US
shared_cart_page.cart.dismiss,Dismiss,en_US
shared_cart_page.dismiss_confirmation.trying_to_dismiss,Are you sure that you want to dismiss shopping cart?,en_US
shared_cart_page.dismiss.success,Shopping cart was dismissed successfully.,en_US
shared_cart.cart.set_default.success,Cart '%quote%' was successfully set as active.,en_US
shopping_list.shopping_list,Shopping lists,en_US
shopping_list.item_quantity,Quantity,en_US
shopping_list.remove_all_items,Remove all,en_US
shopping_list.item_note,Comment:,en_US
shopping_list.item_note.add,Add a comment,en_US
shopping_list.item_note.enter_note,Add a note for the item,en_US
customer.account.shopping_list,Shopping lists,en_US
customer.account.shopping_list.access,Access,en_US
customer.account.shopping_list.access.full_access,Full Access,en_US
customer.account.shopping_list.access.read_only,Read Only,en_US
customer.account.shopping_list.create.success,List '%name%' was created successfully.,en_US
customer.account.shopping_list.create.failed,Shopping list creation failed.,en_US
customer.account.shopping_list.overview.create.success,Shopping List has been created successfully.,en_US
customer.account.shopping_list.overview.shared_with,Shared with,en_US
customer.account.shopping_list.overview.title,Manage Shopping Lists,en_US
customer.account.shopping_list.overview.enter_name,Enter name here,en_US
customer.account.shopping_list.overview.add_new,Create shopping list,en_US
customer.account.shopping_list.overview.name,Name,en_US
customer.account.shopping_list.overview.item_count,no. of items,en_US
customer.account.shopping_list.overview.modified_date,Date of last update,en_US
customer.account.shopping_list.overview.created_date,Created,en_US
customer.account.shopping_list.overview.actions,Actions,en_US
customer.account.shopping_list.overview.edit,Edit,en_US
customer.account.shopping_list.overview.warning,Warning,en_US
customer.account.shopping_list.overview.view,View,en_US
customer.account.shopping_list.overview.form.new,Create new shopping list,en_US
customer.account.shopping_list.overview.delete,Delete,en_US
customer.account.shopping_list.overview.empty,You do not have any shopping lists yet.,en_US
customer.account.shopping_list.overview.share,Share,en_US
customer.account.shopping_list.overview.print,Print,en_US
customer.account.shopping_list.overview.dismiss,Dismiss,en_US
shopping_list_page.dismiss_confirmation.trying_to_dismiss,Are you sure that you want to dismiss shopping list?,en_US
shopping_list_page.dismiss.failed,Shopping list was not dismissed.,en_US
shopping_list_page.dismiss.success,Shopping list was dismissed successfully.,en_US
shopping_list_page.aria_label.choose.shopping_list,Choose the shopping list %shoppingListName% to add its items to the cart.,en_US
customer.account.shopping_list.share.from.share,Share,en_US
customer.account.shopping_list.share.from.share.title,"Share ""%name%""",en_US
customer.account.shopping_list.share.from.share_with,Share Shopping List with:,en_US
customer.account.shopping_list.item.select_item,At least one product should be selected.,en_US
customer.account.shopping_list.item.add.success,Item %sku% was added to the List.,en_US
customer.account.shopping_list.item.add.failed,Item %sku% could not be added to the List.,en_US
customer.account.shopping_list.items.added_to_cart.select_list,At least one shopping list should be selected.,en_US
customer.account.shopping_list.product,Product,en_US
customer.account.shopping_list.price,Price,en_US
customer.account.shopping_list.overview.variant,Variant,en_US
customer.account.shopping_list.availability,Availability,en_US
customer.account.shopping_list.available,Available,en_US
customer.account.shopping_list.not_available,Currently not available,en_US
customer.account.shopping_list.add-to-cart,Add to Cart,en_US
customer.account.shopping_list.empty,Currently there are no items in your shopping list.,en_US
customer.account.shopping_list.add_all_available_to_cart,Add all available products to cart,en_US
customer.account.shopping_list.quick_add,Quick add to shopping list,en_US
customer.account.shopping_list.quick_add.submit,Add,en_US
customer.account.shopping_list.subtotal,Subtotal,en_US
customer.account.shopping_list.print_shopping_list,Print,en_US
customer.account.shopping_list.item.not_added,Failed to add product to shopping list.,en_US
customer.account.shopping_list.add_item.success,Item has been added to the shopping list.,en_US
customer.account.shopping_list.item.remove.success,Product removed successfully.,en_US
customer.account.shopping_list.item.remove.failed,Product was not removed from shopping list.,en_US
customer.account.shopping_list.updated,Shopping list updated successfully,en_US
customer.account.shopping_list.clear.success,Shopping list was successfully cleared.,en_US
customer.account.shopping_list.delete.success,Shopping list deleted successfully.,en_US
customer.account.shopping_list.delete.failed,Shopping list was not deleted.,en_US
customer.account.shopping_list.delete.you_are_trying_to_delete_shopping_list,You are trying to delete shopping list,en_US
customer.account.shopping_list.delete.warning,Warning,en_US
customer.account.shopping_list.delete.it_belongs_to_follow,It belongs to following,en_US
customer.account.shopping_list.delete.it_will_be_deleted_from_all_of_them,It will be deleted from all of them!,en_US
customer.account.shopping_list.quantity,Quantity,en_US
customer.account.shopping_list.remove,Remove,en_US
customer.account.shopping_list.access,Access,en_US
customer.account.shopping_list.permissions.NO_ACCESS,No access,en_US
customer.account.shopping_list.permissions.READ_ONLY,Read only,en_US
customer.account.shopping_list.permissions.FULL_ACCESS,Full access,en_US
customer.account.shopping_list.item.added_to_cart.failed,Some of selected items were not added to cart.,en_US
customer.account.shopping_list.items.added_to_cart.not_found,There are no products available for adding to cart.,en_US
customer.account.shopping_list.item.added_to_cart,Item added to cart successfully.,en_US
customer.account.shopping_list.item.added_all_available_to_cart,Available items added to cart successfully.,en_US
customer.account.shopping_list.item.added_all_available_to_cart.failed,Not all items are added to cart successfully,en_US
validation.not_blank,This value should not be blank.,en_US
validation.invalid_date,Date should be in correct format %s.,en_US
validation.address_number,This value is not valid (accepted format e.g.: 12c).,en_US
validation.zip_code,This field should contain exactly 5 digits.,en_US
validation.min_length,This field must be at least {{ limit }} characters long.,en_US
validation.max_length.singular,This value is too long. It should have {{ limit }} character or less.,en_US
validation.max_length.plural,This value is too long. It should have {{ limit }} characters or less.,en_US
validation.email,This value is not a valid email address.,en_US
validation.choice,This value is not valid,en_US
shopping_list.cart.items_add.failed,Items could not be added to the List,en_US
shopping_list.cart.items_add.success,Items were added to the List,en_US
shopping_list.not_applicable,N/A,en_US
shopping_list_add_items_widget.add_to_shopping_list,Add to shopping list,en_US
page.detail.add-to-shopping-list,Add to Shopping list,en_US
cart.add-to-shopping-list,Add to Shopping list,en_US
cart.add-to-shopping-list.form,Save cart to a shopping list,en_US
cart.add-to-shopping-list.form.placeholder,Enter name of a new shopping list,en_US
cart.add-to-shopping-list.form.add_new,Add new shopping list,en_US
cart.add-to-shopping-list.form.create,Create shopping list,en_US
cart.add-to-shopping-list.form.error.empty_name,"Please, enter shopping list name",en_US
cart.quick_add_to_cart,Quick add to Cart,en_US
cart.quick_add_to_cart.submit,Add to Cart,en_US
product_quick_add_widget.form.quantity,# Qty,en_US
product_quick_add_widget.form.error.quantity.required,Quantity must be at least 1,en_US
product_quick_add_widget.form.error.quantity.max_value_constraint,Provided quantity is too high,en_US
product_quick_add_widget.form.error.redirect_route_empty,Redirect router should not be empty,en_US
product_quick_add_widget.form.error.sku.empty,SKU should not be empty,en_US
customer.account.shopping_list.overview.add_shopping_list_to_cart,Add selected to,en_US
customer.account.shopping_list.items.added_to_cart.failed,Some items were not added to cart.,en_US
customer.account.shopping_list.items.added_to_cart,Items added to cart successfully.,en_US
customer.account.shopping_list.add_selected_items_to_cart,Add selected items to cart,en_US
customer.account.shopping_list.share.select_company_user,Select customer,en_US
customer.account.shopping_list.share.select_company_business_unit,Select business unit,en_US
customer.account.shopping_list.share.select_permission,Select access level,en_US
customer.account.shopping_list.share.error.one_id_required,Please choose either customer or business unit to share the shopping list with,en_US
customer.account.shopping_list.share.share_shopping_list_successful,Sharing shopping list was successful,en_US
customer.account.shopping_list.share.share_shopping_list_fail,This shopping list has been shared before with this entity,en_US
customer.account.shopping_list.overview.owner,Owner,en_US
customer.account.shopping_list.error.duplicate_name,A shopping list with the same name already exists.,en_US
customer.account.shopping_list.error.cannot_update,Cannot update shopping list.,en_US
customer.account.shopping_list.share.choose_access,Choose access,en_US
packaging_unit_type.item.name,Item,en_US
packaging_unit_type.ring_500.name,Ring (500m),en_US
packaging_unit_type.box.name,Box,en_US
packaging_unit_type.palette.name,Palette,en_US
packaging_unit_type.giftbox.name,Giftbox,en_US
packaging_unit_type.valentines_special.name,Valentine's special,en_US
packaging_unit_type.pack_5.name,Pack 5,en_US
packaging_unit_type.pack_10.name,Pack 10,en_US
business_on_behalf_widget.no_selected_company,Your Business Unit,en_US
business_on_behalf_widget.change_company_user,Select Business Unit,en_US
company_user.business_on_behalf.error.company_not_active,"You can not select this company user, company is not active.",en_US
company_user.business_on_behalf.error.company_user_invalid,"You can not select this company user, it is invalid.",en_US
company_user.change_company_user,Select Business Unit,en_US
company_user.no_company,No Business Unit,en_US
company_user.company_choice,Business Unit,en_US
company_user.remember_choice,Remember choice,en_US
company_page.company_user_restricted_message,Regular customers are not allowed to operate on company pages,en_US
company_page.company_business_unit_restricted_message,You don't have permissions to perform this operation,en_US
company_page.validation.error.company_user.unauthorized_request,Unauthorized request.,en_US
customer.account.print_shopping_list.table.barcode,Barcode,en_US
customer.account.print_shopping_list.table.product_sku,Product SKU,en_US
customer.account.print_shopping_list.table.product_name,Product name,en_US
customer.account.print_shopping_list.table.default_price,Default price,en_US
customer.account.print_shopping_list.table.note,Note,en_US
customer.account.print_shopping_list.title.shopping_list_id,Shopping List ID,en_US
customer.account.print_shopping_list.title.shopping_list_name,Shopping List Name,en_US
company.account.address.delete_confimation_page,Business Units,en_US
company_page.address_delete_confirmation.title,You are trying to delete address,en_US
company_page.address_delete_confirmation.notification,It belongs to follow business units,en_US
company_page.address_delete_confirmation.delete_notification,It will be deleted from all of them.,en_US
label.button.submit,OK,en_US
label.button.cancel,Cancel,en_US
company.account.create_address_information,Create Address Information,en_US
company.account.address,Company Address,en_US
company.account.is_default,Root,en_US
message.business_unit_address.create,Business unit address '%address%' was created successfully.,en_US
message.business_unit_address.update,Business unit address '%address%' was updated successfully.,en_US
message.business_unit_address.delete,Business unit address was deleted successfully.,en_US
message.business_unit.create,Business unit '%unit%' was created successfully.,en_US
message.business_unit.update,Business unit '%unit%' was updated successfully.,en_US
message.business_unit.delete,Business unit '%unit%' was deleted successfully.,en_US
message.submit_link,Ok!,en_US
company.business_unit.delete.message.text,You are trying to delete Business unit,en_US
company.account.choose_parent_company_business_unit,Choose parent Business Unit,en_US
company.account.choose_parent_company_business_unit_placeholder,Parent BU name,en_US
company.account,Company Account,en_US
company.account.form.fk_parent_company_bu.placeholder,Parent BU name,en_US
company.account.address.delete.message.title,Warning,en_US
company.account.address.delete.message.description,You are trying to delete address,en_US
company.account.address.delete.message.belongs,It belongs to follow business units,en_US
company.account.address.delete.message.all,It will be deleted from all of them,en_US
company.account.address.assign,Assign Addresses,en_US
company.account.address.assigned,Assigned addresses,en_US
company.account.address.unassigned,Unassigned addresses,en_US
company.account.address.assigned.empty,No assigned addresses,en_US
company.account.address.unassigned.empty,No unassigned addresses,en_US
product_discontinued_widget.note,Note,en_US
product_discontinued.super_attribute_discontinued,Discontinued,en_US
product_discontinued.message.product_discontinued,"Product is discontinued, please choose an alternative one.",en_US
shopping_list.pre.check.product_discontinued,"Product %sku% is discontinued, please choose an alternative one.",en_US
cart.pre.check.product_discontinued,"Product '%name%' is discontinued, please choose an alternative one.",en_US
replacement_for_widget.replacement_for,Replacement for,en_US
product_alternative_widget.product_alternative,Alternative products,en_US
product_alternative_widget.add_to_shopping_list,Add to shopping list,en_US
product_alternative_widget.alternative_for,Alternative for,en_US
product_alternative_widget.product_status.discontinued,Discontinued,en_US
product_alternative_widget.show_all,Show all,en_US
product_alternative_widget.not_applicable,N/A,en_US
place_order.pre_check.product_discontinued,"Product '%name%' is discontinued, please choose an alternative one",en_US
page.detail.volume_price.quantity,Quantity,en_US
page.detail.volume_price.price,Price,en_US
page.detail.volume_price,Volume pricing,en_US
page.detail.volume_price.saving,Saving,en_US
customer.order.canceledTotal,Canceled amount,en_US
customer.order.remunerationTotal,Remuneration Total,en_US
customer.order.refundTotal,Refund Total,en_US
packaging-units.recommendation.amount-min-violation,Minimum amount requirements for product are not fulfilled,en_US
packaging-units.recommendation.amount-max-violation,Maximum amount requirements for product are not fulfilled,en_US
packaging-units.recommendation.amount-interval-violation,Amount interval requirements for product are not fulfilled,en_US
packaging_units.recommendation.suggestion,Would you like to add:,en_US
packaging_units.recommendation.between-units-info,The amount you have chosen is in between 2 base units,en_US
packaging_units.cart.quantity,Quantity,en_US
packaging_units.cart.amount,Amount,en_US
packaging_units.cart.units,Units,en_US
packaging_units.cart.item,Items,en_US
packaging_units.pdp.quantity,Quantity,en_US
packaging_units.pdp.amount,Amount,en_US
packaging_units.pdp.sales-units,Sales Units,en_US
cart.pre.check.amount.min.failed,Minimum amount requirements for product SKU '%sku%' are not fulfilled.,en_US
cart.pre.check.amount.max.failed,Maximum amount for product SKU '%sku%' is exceeded.,en_US
cart.pre.check.amount.interval.failed,Amount interval requirements for product SKU '%sku%' are not fulfilled.,en_US
cart.pre.check.amount.is_not_variable.failed,Default amount requirements for product SKU '%sku%' are not fulfilled.,en_US
main_slider.btn.title,Shop Now,en_US
show_more.btn.title,Explore,en_US
main_slider_1.url,/en/office-furniture,en_US
main_slider_2.url,/en/stationery,en_US
main_slider_3.url,/en/office-equipment,en_US
company.account.company_role.delete.confirmation.warning,Warning,en_US
company.account.company_role.delete.confirmation.trying_to_delete,You are trying to delete company role,en_US
company.account.company_role.delete.confirmation.deletion_warning,It will be permanently deleted from your company,en_US
company.account.company_role.delete.back,Back,en_US
company.account.company_role.delete,Delete,en_US
company.account.company_role.delete.successful,Company role has been successfully removed,en_US
company.account.company_role.delete.confirmation.assigned_users,Users assigned to this role,en_US
company.account.company_role.delete.confirmation.assigned_users_message,You cannot delete company role until it has assigned company users,en_US
company.account.company_role.delete.error.cannot_remove,Company role cannot be removed,en_US
permission.name.AddCompanyUserPermissionPlugin,Add company users,en_US
permission.name.ManageCompanyUserInvitationPermissionPlugin,Invite users,en_US
permission.name.AddCartItemPermissionPlugin,Add item to cart,en_US
permission.name.ChangeCartItemPermissionPlugin,Change item in cart,en_US
permission.name.RemoveCartItemPermissionPlugin,Remove item from cart,en_US
permission.name.PlaceOrderWithAmountUpToPermissionPlugin,Place Order,en_US
permission.name.SeeCompanyMenuPermissionPlugin,See Company Menu,en_US
permission.name.DeleteCompanyUsersPermissionPlugin,Delete company users,en_US
permission.name.EditCompanyUsersPermissionPlugin,Edit company users,en_US
permission.name.DeleteCompanyRolesPermissionPlugin,Delete company roles,en_US
permission.name.CreateCompanyRolesPermissionPlugin,Create company roles,en_US
permission.name.EditCompanyRolesPermissionPlugin,Edit company roles,en_US
permission.name.SeeCompanyRolesPermissionPlugin,View company roles,en_US
company.account.company_user.assign_roles.empty_roles.error,At least one role must be assigned to a user,en_US
company.account.company_role.delete.error.default_role,"You can not delete a default role, please set another default role before delete action",en_US
permission.name.CompanyUserStatusChangePermissionPlugin,Enable / Disable company users,en_US
company.account.company_role.create,Create role,en_US
company.account.company_role.create.successful,Role has been successfully created.,en_US
company.account.company_role.update.successful,Role has been successfully updated.,en_US
company.account.company_user.form.select_roles,Select roles,en_US
company.account.company_user.form.select_business_unit,Select business unit,en_US
message.business_unit.create.error,An error occurred while trying to create business unit '%unit%'.,en_US
message.business_unit.update.error,An error occurred while trying to update business unit '%unit%'.,en_US
message.business_unit.delete.error,An error occurred while trying to delete business unit '%unit%'.,en_US
product.sets.widget.title,Shop the Collection,en_US
product.set,Product Set,en_US
product.set.detail.add_all_to,Add all to,en_US
checkout.success.to_orders.url,/en/customer/order,en_US
checkout.success.to_orders.title,Go to My Orders,en_US
checkout.success.back_to_home.title,Back to Home,en_US
customer.account.shopping_list.create_from_cart.choose_shopping_list,Choose shopping list,en_US
customer.account.shopping_list.create_from_cart.name,Name,en_US
customer.account.shopping_list.create_from_cart.form_title,'%cart_name%' add to shopping list,en_US
customer.account.shopping_list.create_from_cart.title,Add to shopping list,en_US
customer.account.shopping_list.shopping_cart,Shopping carts,en_US
customer.account.shopping_list.business_unit,Business Unit,en_US
customer.account.shopping_list.customer,Customer,en_US
page.multi_cart.shopping_cart.list.title,Shopping carts,en_US
page.multi_cart.shopping_cart.list.create_link,Create Shopping Cart,en_US
page.multi_cart.shopping_cart.list.label.name,Name,en_US
page.multi_cart.shopping_cart.list.label.num_of_products,no. of items,en_US
page.multi_cart.shopping_cart.list.label.prices,Prices,en_US
page.multi_cart.shopping_cart.list.label.total,Total,en_US
page.multi_cart.shopping_cart.list.label.actions,Actions,en_US
page.multi_cart.shopping_cart.list.link.edit_name,Edit name,en_US
page.multi_cart.shopping_cart.list.link.duplicate,Duplicate,en_US
page.multi_cart.shopping_cart.list.link.delete,Delete,en_US
page.multi_cart.shopping_cart.list.link.add_to_list,Add to list,en_US
page.multi_cart.shopping_cart.list.label.item,Item,en_US
page.multi_cart.shopping_cart.list.label.items,Items,en_US
customer.account.shopping_cart.list.title,Manage Shopping carts,en_US
widget.shared_cart.multi_cart.permissions.READ_ONLY,Read-only,en_US
widget.shared_cart.multi_cart.permissions.FULL_ACCESS,Full access,en_US
widget.shared_cart.multi_cart.permissions.OWNER_ACCESS,Owner access,en_US
page.multi_cart.shopping_cart.list.label.access,Access,en_US
widget.shopping_list.multi_cart.to_shopping_list,To shopping list,en_US
page.multi_cart.shopping_cart.update.title,Edit,en_US
page.multi_cart.shopping_cart.create.title,Create,en_US
validation.address_number,This value is not valid (accepted format e.g.: 12c).,en_US
validation.zip_code,This field should contain exactly 5 digits.,en_US
validation.email,This value is not a valid email address.,en_US
validation.choice,This value is not valid,en_US
customer.order.reorder.error.unable_to_reorder_items,"You can not reorder those products directly, please add them to your cart separately",en_US
shopping_list_widget.items,Items,en_US
shopping_list_widget.full_access,Full access,en_US
shopping_list_widget.read_only,Read only,en_US
shopping_list.create_new_list,Create New List,en_US
shopping_list.no_lists_created,You do not have any shopping lists yet.,en_US
agent.authentication.failed,Authentication failed,en_US
agent.login.title,Access your account,en_US
agent.login.email,Email,en_US
agent.login.password,Password,en_US
agent.login,Agent login,en_US
agent.control_bar.agent_mode,Agent Mode,en_US
agent.control_bar.agent_mode_active,Agent Mode Active,en_US
agent.control_bar.select_customer,Select customer,en_US
agent.control_bar.start_customer_session,Start customer session,en_US
agent.control_bar.search_customers,Search customers,en_US
agent.control_bar.assisting,Assisting,en_US
agent.control_bar.quote_requests,Quote Requests,en_US
agent.control_bar.end_agent_session,End Agent Session,en_US
agent.control_bar.end_agent_session_confirm_title,End Agent Session?,en_US
agent.control_bar.end_agent_session_confirm_body,This ends your agent session only and you will stay logged in to the store.,en_US
agent.control_bar.cancel,Cancel,en_US
agent.control_bar.switch_customer,Switch Customer,en_US
agent.control_bar.switch_customer_confirm_title,Switch Customer?,en_US
agent.control_bar.switch_customer_confirm_body,"Your session will end with %currentName%, if you switch to %newName%. Please confirm if you like to proceed.",en_US
agent.autocomplete.no_results,No results found,en_US
agent_security_blocker_merchant_portal_gui.error.account_blocked,Too many log in attempts from your address. Please wait %minutes% minutes before trying again.,en_US
autocomplete.placeholder,Search,en_US
bundle.title,Bundle includes,en_US
shopping_list.all_shopping_lists,All Shopping Lists,en_US
error_page.title,Page not found.,en_US
error_page.home_link,Go to Homepage,en_US
error_page.text,We couldn't find the page you're looking for.,en_US
company.account.business_unit.create,Create,en_US
company.account.address.delete_confimation_page,Business Units,en_US
company_page.address_delete_confirmation.title,You are trying to delete address,en_US
company_page.address_delete_confirmation.notification,It belongs to follow business units,en_US
company_page.address_delete_confirmation.delete_notification,It will be deleted from all of them.,en_US
label.button.submit,OK,en_US
label.button.cancel,Cancel,en_US
company.account.create_address_information,Create Address Information,en_US
company.account.address,Company Address,en_US
company.account.is_default,Root,en_US
message.business_unit_address.create,Business unit address '%address%' was created successfully.,en_US
message.business_unit_address.update,Business unit address '%address%' was updated successfully.,en_US
message.business_unit_address.delete,Business unit address was deleted successfully.,en_US
message.business_unit.create,Business unit '%unit%' was created successfully.,en_US
message.business_unit.update,Business unit '%unit%' was updated successfully.,en_US
message.business_unit.delete,Business unit '%unit%' was deleted successfully.,en_US
sales-order-threshold.hard-minimum-threshold.de.eur.message,You should add items for {{threshold}} to pass a recommended threshold. You can't proceed with checkout,en_US
sales-order-threshold.hard-minimum-threshold.de.chf.message,You should add items for {{threshold}} to pass a recommended threshold. You can't proceed with checkout,en_US
sales-order-threshold.hard-maximum-threshold.de.eur.message,The cart value cannot be higher than {{threshold}}. Please remove some items to proceed with the order,en_US
sales-order-threshold.hard-maximum-threshold.de.chf.message,The cart value cannot be higher than {{threshold}}. Please remove some items to proceed with the order,en_US
sales-order-threshold.soft-minimum-threshold.de.eur.message,"You need to add items for {{threshold}} to pass a recommended threshold, but if you want can proceed to checkout.",en_US
sales-order-threshold.soft-minimum-threshold.de.chf.message,"You need to add items for {{threshold}} to pass a recommended threshold, but if you want can proceed to checkout.",en_US
merchant-relationship-threshold.hard.de.eur.mr-8.message,You should add items for {{threshold}} to pass a recommended threshold. You can't proceed with checkout,en_US
merchant-relationship-threshold.soft.de.eur.mr-8.message,"You need to add items for {{threshold}} to pass a recommended threshold, but if you want can proceed to checkout.",en_US
merchant-relationship-threshold.hard.de.eur.mr-9.message,You should add items for {{threshold}} to pass a recommended threshold. You can't proceed with checkout,en_US
merchant-relationship-threshold.soft.de.eur.mr-9.message,"You need to add items for {{threshold}} to pass a recommended threshold, but if you want can proceed to checkout with additional fee of {{fee}} for this order.",en_US
merchant-relationship-threshold.hard.de.eur.mr-10.message,You should add items for {{threshold}} to pass a recommended threshold. You can't proceed with checkout,en_US
merchant-relationship-threshold.soft.de.eur.mr-10.message,"You need to add items for {{threshold}} to pass a recommended threshold, but if you want can proceed to checkout with additional fee of {{fee}} for this order.",en_US
merchant-relationship-threshold.hard.de.eur.mr-11.message,You should add items for {{threshold}} to pass a recommended threshold. You can't proceed with checkout,en_US
merchant-relationship-threshold.soft.de.eur.mr-11.message,"You need to add items for {{threshold}} to pass a recommended threshold, but if you want can proceed to checkout with additional fee of {{fee}} for this order.",en_US
merchant-relationship-threshold.hard.de.eur.mr-12.message,You should add items for {{threshold}} to pass a recommended threshold. You can't proceed with checkout,en_US
merchant-relationship-threshold.soft.de.eur.mr-12.message,"You need to add items for {{threshold}} to pass a recommended threshold, but if you want can proceed to checkout with additional fee of {{fee}} for this order.",en_US
merchant-relationship-threshold.soft.de.eur.mr-13.message,"You need to add items for {{threshold}} to pass a recommended threshold, but if you want can proceed to checkout with additional fee of {{fee}} for this order.",en_US
merchant-relationship-threshold.soft.de.eur.mr-14.message,"You need to add items for {{threshold}} to pass a recommended threshold, but if you want can proceed to checkout with additional fee of {{fee}} for this order.",en_US
company.business_unit.delete.message.text,You are trying to delete Business unit,en_US
company.account.choose_parent_company_business_unit,Choose parent Business Unit,en_US
company.account.choose_parent_company_business_unit_placeholder,Parent BU name,en_US
company.account,Company Account,en_US
company.account.form.fk_parent_company_bu.placeholder,Parent BU name,en_US
company.account.address.delete.message.title,Warning,en_US
company.account.address.delete.message.text,You are trying to delete address,en_US
company.account.address.delete.message.belongs,It belongs to follow business units,en_US
company.account.address.delete.message.all,It will be deleted from all of them,en_US
company.account.address.assigned,Assign Addresses,en_US
company.account.address.unassigned,Unassigned Addresses,en_US
company.account.address.assigned.empty,No assigned addresses,en_US
company.account.address.unassigned.empty,No unassigned addresses,en_US
message.business_unit.update.cycle_dependency_error,"Company Business Unit '%unit%' has not been updated. A Business Unit cannot be set as a child to an own child Business Unit, please check the Business Unit hierarchy.",en_US
customer.access.cannot_see_price,Please login to see the price,en_US
company.account.company_user.edit_information,Edit user information,en_US
Only company users are allowed to access this page,Only company users are allowed to access this page.,en_US
shopping_list.not_found,Shopping list was not found,en_US
shopping_list.already_removed,This shopping list has been deleted,en_US
shopping_list.no_access,You do not have permissions to view this shopping list,en_US
global.search.pages,Pages,en_US
global.search.results.view,View,en_US
cms.page.sort.relevance,Sort by relevance,en_US
cms.page.sort.name_asc,Sort by name ascending,en_US
cms.page.sort.name_desc,Sort by name descending,en_US
cms.page.itemsFound,Items found,en_US
cms.page.filter.per,Per Page,en_US
cms.page.filter.sort,Sort by,en_US
product-quantity.errors.quantity.min.failed,Quantity %s does not satisfy requirements for product. Minimum quantity is %s.,en_US
product-quantity.errors.quantity.max.failed,Quantity %s does not satisfy requirements for product. Maximum quantity is %s.,en_US
product-quantity.errors.quantity.interval.failed,Quantity %s does not satisfy requirements for product. Quantity step is %s.,en_US
availability_notification.notify_me,Notify me when back in stock,en_US
availability_notification.do_not_notify_me,Do not notify me when back in stock,en_US
availability_notification.subscribed,Successfully subscribed,en_US
availability_notification.unsubscribed,Successfully unsubscribed,en_US
availability_notification.successfully_unsubscribed,Successfully unsubscribed,en_US
availability_notification.successfully_unsubscribed_text,You have successfully unsubscribed from being notified when the product is available again,en_US
availability_notification_subscription.mail.subscribed.head,We just informed our purchase team about your subscription!,en_US
availability_notification_subscription.mail.subscribed.body,You will receive an email when the product will be available again,en_US
availability_notification_subscription.mail.subscribed.subject,We just informed our purchase team about your subscription!,en_US
availability_notification_subscription.mail.unsubscribed.subject,You will not be notified when the product %name% will be available again.,en_US
availability_notification_subscription.mail.unsubscribed.body,You will not be notified when the product %name% will be available again.,en_US
availability_notification_subscription.mail.notification.buy_now,Buy now,en_US
availability_notification_subscription.mail.notification.subject,%name% is available again!,en_US
availability_notification_subscription.mail.notification.head,%name% is available again!,en_US
availability_notification_subscription.mail.notification.body,"The wait is over, you can now add this product inside your cart.",en_US
availability_notification_subscription.mail.copyright,"<em>Copyright © current year company name, All rights reserved.</em><br><br>",en_US
availability_notification_subscription.mail.unsubscribe,"Want to change how you receive these emails?<br>You can <a target=""_blank"" href=""%link%"" style=""mso-line-height-rule: exactly;-ms-text-size-adjust: 100%;-webkit-text-size-adjust: 100%;color: #656565;font-weight: normal;text-decoration: underline;"">unsubscribe from this list</a>.",en_US
availability_notification.email_address,Email address,en_US
product-quantity.notification.quantity.min.failed,The ordered quantity was adjusted to the next possible quantity for the article because minimum quantity is %min%.,en_US
product-quantity.notification.quantity.max.failed,The ordered quantity was adjusted to the next possible quantity for the article because maximum quantity is %max%.,en_US
product-quantity.notification.quantity.interval.failed,The ordered quantity was adjusted to the next possible quantity for the article because quantity step is %step%.,en_US
product-quantity.warning.quantity.min.failed,The ordered quantity was adjusted to the next possible quantity for the article because minimum quantity is %min%.,en_US
product-quantity.warning.quantity.max.failed,The ordered quantity was adjusted to the next possible quantity for the article because maximum quantity is %max%.,en_US
product-quantity.warning.quantity.interval.failed,The ordered quantity was adjusted to the next possible quantity for the article because quantity step is %step%.,en_US
cart.locked.change_denied,You can't modify this cart because it's in the process of approval.,en_US
quote_approval.request.send,Send Request,en_US
quote_approval.remove,Cancel Request,en_US
quote_approval.cart.require_approval,"You can't place this order because of your purchasing limit, please send your cart for approval or contact your manager.",en_US
quote_approval.cart.waiting_approval,You can't place this order due to pending approval request.,en_US
quote_approval.create.approver_cant_approve_quote,Selected approver cannot approve your request due to approver limit.,en_US
quote_approval.create.you_cant_approve_quote,You can't approve or decline this cart because it's amount higher that your Approver limit.,en_US
quote_approval.create.quote_already_approved,This Cart was already approved.,en_US
quote_approval.create.quote_already_declined,This Cart was already declined.,en_US
quote_approval.create.quote_already_cancelled,You can't work with this Cart it was already sent to another approver.,en_US
quote_approval.create.quote_already_waiting_for_approval,This Cart was already sent for approval.,en_US
quote_approval.create.only_quote_owner_can_send_request,"You can't sent Cart for Approval, only Cart owner can do it.",en_US
quote_approval.cancel.do_not_have_permission,You don't have permissions to cancel Approval request.,en_US
quote_approval.request.approval_by,by,en_US
quote_approval.created,Your request for Approval was send to %first_name% %last_name%.,en_US
quote_approval.removed,Your request for Approval was canceled.,en_US
quote_approval_widget.title,Approval Request,en_US
quote_approval_widget.limit.unlimited,Unlimited,en_US
quote_approval_widget.no_approvers_found,No approvers found.,en_US
quote_approval_widget.cart.status.approved,Approved,en_US
quote_approval_widget.cart.status.declined,Declined,en_US
quote_approval_widget.cart.status.waiting,Waiting,en_US
quote_approval_widget.shared_cart_warning,"After a cart has been sent to approval, all of its shares will be dismissed.",en_US
quote_approval_widget.limit_text,"Your purchase limit is %amount%. To spend more, request approval from your manager.",en_US
quote_approval_widget.no_limit_text,You do not have a purchase limit,en_US
quote_approval_widget.quote_not_applicable_for_approval_process,This cart can't be processed. Required information is missing.,en_US
quote_approval.request.waiting_for_approval_from,Waiting for Approval from,en_US
quote_approval.request.approved_by,Approved by,en_US
quote_approval.request.declined_by,Declined by,en_US
quote_approval_widget.cart.status,Status,en_US
quote_approval_widget.cart.approve,Approve,en_US
quote_approval_widget.cart.decline,Decline,en_US
quote_approval_widget.cart.cancel,Cancel,en_US
quote_approval_widget.cart.success_message.approved,Request from %first_name% %last_name% was successfully approved,en_US
quote_approval_widget.cart.success_message.declined,Request from %first_name% %last_name% was successfully declined,en_US
quote_approval_widget.cart.success_message.canceled,Request from %first_name% %last_name% was successfully canceled,en_US
quote_approval.create.cart_cant_be_sent_for_approval,Cart can't be sent for approval.,en_US
quote_approval.create.cant_send_for_approve_empty_quote,Empty cart can't be sent for approval.,en_US
persistent_cart.quote.label.locked_cart,"The cart is locked and cart editing is disabled. To unlock the cart, click",en_US
persistent_cart.quote.label.locked_cart.by_quote_request,"The cart is locked by a request for quote and cart editing is disabled. To unlock the cart, click",en_US
persistent_cart.quote.label.locked_cart.by_quote_approval,"The cart is locked by a quote approval process and cart editing is disabled. To unlock the cart, click",en_US
persistent_cart.quote.label.discarded_locked_cart,Your current modifications will be discarded.,en_US
persistent_cart.quote.button.reset_lock,Reset lock,en_US
cart_page.quote.reset_lock.success,Shopping Cart lock was successfully reset.,en_US
cart_page.quote.label.locked_cart,Locked Cart,en_US
quote_request_widget.request_for_quote,Request a Quote,en_US
quote_request_widget.request_for_quote.list.title,Quote Requests,en_US
quote_request_page.quote_request,Quote Request,en_US
quote_request_page.quote_request.create,Create,en_US
quote_request_page.quote_request_version.created,The Quote Request has got a new version.,en_US
quote_request_page.quote_request.submit,Submit Request,en_US
quote_request_page.quote_request.metadata.label.note,Notes,en_US
quote_request_page.quote_request.metadata.label.delivery_date,Do not ship later than,en_US
quote_request_page.quote_request.metadata.label.purchase_order_number,Purchase order number,en_US
quote_request_page.quote_request.violations.invalid_date,This date should be greater than current date.,en_US
quote_request_page.quote_request.created,A Quote request was created successfully.,en_US
quote_request_page.quote_request.list.reference,#Reference,en_US
quote_request_page.quote_request.list.company,Company,en_US
quote_request_page.quote_request.list.business_unit,Business unit,en_US
quote_request_page.quote_request.list.owner,Owner,en_US
quote_request_page.quote_request.list.total,Total,en_US
quote_request_page.quote_request.list.date,Date,en_US
quote_request_page.quote_request.list.status,Status,en_US
quote_request_page.quote_request.list.actions,Actions,en_US
quote_request_page.quote_request.labels.date,Date,en_US
quote_request_page.quote_request.labels.status,Status,en_US
quote_request_page.quote_request.labels.valid_till,Valid Till,en_US
quote_request_page.quote_request.labels.show_latest_version,Show latest version to customer,en_US
quote_request_page.quote_request.labels.latest_version_is_hidden,The latest version is hidden from the customer,en_US
quote_request_page.quote_request.labels.latest_version_is_visible,The latest version is visible to the customer,en_US
quote_request_page.quote_request.labels.history,History,en_US
quote_request_page.quote_request.labels.customer,Customer,en_US
quote_request_page.quote_request.labels.company,Company,en_US
quote_request_page.quote_request.labels.business_unit,Business unit,en_US
quote_request_page.quote_request.labels.information,Quote Request Information,en_US
quote_request_page.quote_request.labels.version_information,Version Information,en_US
quote_request_page.quote_request.actions.view,View,en_US
quote_request_page.quote_request.actions.cancel,Cancel,en_US
quote_request_page.quote_request.actions.cancel_changes,Cancel,en_US
quote_request_page.quote_request.actions.save,Save,en_US
quote_request_page.quote_request.actions.back_to_list,Back to List,en_US
quote_request_page.quote_request.actions.back_to_view,Back to View,en_US
quote_request_page.quote_request.actions.send_to_customer,Send to Customer,en_US
quote_request_page.quote_request.actions.send_to_agent,Send to Agent,en_US
quote_request_page.quote_request.actions.save_and_back_to_edit,Save and Back to Edit,en_US
quote_request_page.quote_request.actions.convert_to_cart,Convert to Cart,en_US
quote_request_page.quote_request.actions.revise,Revise,en_US
quote_request_page.quote_request.actions.edit,Edit,en_US
quote_request_page.quote_request.actions.edit_items,Edit Items,en_US
quote_request_page.quote_request.view.empty,You do not have any quote requests yet.,en_US
quote_request_page.quote_request.updated,The Quote request has been updated successfully.,en_US
quote_request_page.quote_request.sent_to_customer,The Quote request has been sent to customer successfully.,en_US
quote_request_page.quote_request.sent_to_user,The Quote request was successfully sent to the agent for processing.,en_US
quote_request_page.quote_request.use_default_price,Use default price,en_US
quote_request_page.quote_request.converted_to_cart,The Quote request was converted to cart successfully.,en_US
quote_request_page.quote_request.edit_items_confirm,"You are editing Quote Request <a href=""%link%"">%reference%</a> if you will leave it, all changes will be dropped.",en_US
quote_request_page.quote_request.source_price_changes_forbidden,"You can't edit prices in this Quote Request, because it's invalid.",en_US
quote_request.status.waiting,Waiting,en_US
quote_request.status.in-progress,In Progress,en_US
quote_request.status.ready,Ready,en_US
quote_request.status.canceled,Canceled,en_US
quote_request.status.closed,Closed,en_US
quote_request.status.draft,Draft,en_US
quote_request.validation.success.canceled,The Quote request was canceled successfully.,en_US
quote_request.validation.converted_to_cart.success,The Quote request was converted to cart successfully.,en_US
quote_request.validation.error.not_exists,This Quote Request does not exist.,en_US
quote_request.validation.error.wrong_status,Wrong Quote Request status for this operation.,en_US
quote_request.validation.error.company_user_not_found,Company User not found.,en_US
quote_request.validation.error.empty_cart,A Quote request can't be created from an empty cart.,en_US
quote_request.checkout.validation.error.version_not_found,The Quote Request Version is not found.,en_US
quote_request.checkout.validation.error.not_found,Quote Request not found.,en_US
quote_request.checkout.validation.error.wrong_status,The Quote Request is in a wrong status at the moment.,en_US
quote_request.checkout.validation.error.wrong_version,The version of Quote Request for this cart is outdated.,en_US
quote_request.checkout.validation.error.wrong_valid_until,Quote Request from which this cart was created is not valid anymore.,en_US
quote_request.checkout.convert.error.wrong_valid_until,The Quote Request is not valid anymore.,en_US
quote_request.update.validation.error.wrong_valid_until,The validity date of this Quote Request is already passed. Please change the date to send to the customer.,en_US
quote_request.update.validation.concurrent,The Quote Request could not be updated due to parallel-customer interaction.,en_US
agent.account.overview,Overview,en_US
agent.account.quote_request,Requests for Quote,en_US
agent.account.page_title,Agent,en_US
agent.account.profile_data,Agent Profile,en_US
quote_request_agent_widget.quote_request,Quote Request,en_US
quote_request_agent_widget.items,Items,en_US
quote_request_agent_widget.no_request_created,You do not have any quote requests yet.,en_US
quote_request_agent_widget.create_new_request,New Quote Request,en_US
quote_request_agent_widget.view_all_requests,View all requests,en_US
quote_request_agent_widget.form.select_customer,Select a customer,en_US
quote_request_agent_page.form.invalid_price,Invalid price.,en_US
permission.name.PlaceOrderPermissionPlugin,Buy up to grand total (Requires “Send cart for approval”),en_US
permission.name.RequestQuoteApprovalPermissionPlugin,Send cart for approval (Requires “Buy up to grand total”),en_US
permission.name.ApproveQuotePermissionPlugin,Approve up to grand total,en_US
company_page.multi_currency_type.name.cent_amount.EUR,Cent Amount,en_US
company_page.multi_currency_type.name.cent_amount.CHF,Centime Amount,en_US
company_page.multi_currency_type.label,Configure permission,en_US
company_page.company_role_permission.permission_not_found_error,Permission was not found,en_US
company_page.company_role_permission.permission_save_error,Permission configuration has not been updated,en_US
company_page.company_role_permission.permission_save_success,Permission configuration has been updated,en_US
quote.validation.error.price_mode_is_missing,Price mode is missing,en_US
quote.validation.error.price_mode_is_incorrect,Price mode is incorrect,en_US
quote.validation.error.currency_is_missing,Currency is missing,en_US
quote.validation.error.currency_is_incorrect,Currency mode is incorrect,en_US
resource_share.activator.error.strategy_expects_logged_in_customer,Please login to access requested shared resource.,en_US
resource_share.reader.error.resource_is_not_found_by_provided_uuid,Resource is not found by provided UUID.,en_US
resource_share.generation.error.resource_type_is_not_defined,Resource type is not defined.,en_US
resource_share.generation.error.customer_reference_is_not_defined,Customer reference is not defined.,en_US
resource_share.validation.error.resource_share_is_expired,Resource share is expired.,en_US
resource-share.link.error.no-route,Redirect route should not be empty.,en_US
persistent_cart_share.error.resource_is_not_available,The cart you are trying to access is not available.,en_US
persistent_cart_share.error.quote_is_not_available,The cart you are trying to access is not available.,en_US
persistent_cart_share.share_options.external.PREVIEW,,en_US
persistent_cart_share.share_options.internal.READ_ONLY,Read Only,en_US
persistent_cart_share.share_options.internal.FULL_ACCESS,Full Access,en_US
persistent_cart_share.copy,Copy,en_US
persistent_cart_share.external_users,External Users,en_US
persistent_cart_share.internal_users,Internal Users,en_US
persistent_cart_share.title,Share Cart via link,en_US
clipboard.copy.success,Successfully copied to clipboard!,en_US
clipboard.copy.error,Copying to clipboard is not supported by your browser. Try to copy the text manually.,en_US
persistent_cart_share_page.preview,Preview: %title%,en_US
shared_cart.resource_share.strategy.error.cart_access_denied,The cart URL is wrong or try to login with another company user account.,en_US
shared_cart.resource_share.strategy.error.unable_to_share_cart,Unable to share a cart with provided customer.,en_US
shared_cart.resource_share.strategy.success.cart_share_access_updated,Access level was updated.,en_US
category.office.furniture,Office Furniture,en_US
comment.validation.error.comment_not_found,Comment not found.,en_US
comment.validation.error.access_denied,Access denied.,en_US
comment.validation.error.comment_thread_not_found,Comment Thread not found.,en_US
comment.validation.error.comment_thread_already_exists,Comment Thread already exists.,en_US
comment.validation.error.invalid_message_length,Invalid message length.,en_US
comment.validation.error.comment_tag_not_available,Comment tag not available.,en_US
comment.validation.error.customer_not_set,The comment cannot be created without a valid customer,en_US
comment.validation.error.company_user_not_set,The comment cannot be created without a valid company user,en_US
comment.validation.error.owner_not_set,The comment cannot be created on an unknown %owner%,en_US
comment_widget.comments_to_cart,Comments to Cart,en_US
comment_widget.form.add_comment,Add,en_US
comment_widget.form.update_comment,Update,en_US
comment_widget.form.remove_comment,Remove,en_US
comment_widget.form.edit_comment,Edit,en_US
comment_widget.form.cancel_comment,Cancel,en_US
comment_widget.form.you,You,en_US
comment_widget.form.attach,Attach,en_US
comment_widget.form.unattach,Unattach,en_US
comment_widget.form.all,All,en_US
comment_widget.form.attached,Attached,en_US
comment_widget.form.button_default,Button,en_US
comment_widget.form.edited,edited,en_US
comment_widget.form.tags,Tags,en_US
comment_widget.form.placeholder.add_comment,Write a comment,en_US
comment_widget.tags.all,All,en_US
comment_widget.tags.delivery,Delivery,en_US
comment_widget.tags.important,Important,en_US
comment_widget.error_message.unexpected_error,Unexpected error occurred.,en_US
shipment.validation.not_found,Shipment method not found.,en_US
billing.address.validation.is_missing,Billing address is missing,en_US
billing.address.country.validation.not_found,Billing address country not found for country code: %code%,en_US
shipping.address.country.validation.not_found,Shipping address country not found for country code: %code%,en_US
product_search_widget.search.product_discontinued_prefix,[Discontinued],en_US
configurable_bundle.template.name.1,Office bundle,en_US
configurable_bundle.template.name.2,Presentation bundle,en_US
configurable_bundle.template_slots.slot-1.name,Slot 1,en_US
configurable_bundle.template_slots.slot-2.name,Slot 2,en_US
configurable_bundle.template_slots.slot-3.name,Slot 3,en_US
configurable_bundle.template_slots.slot-4.name,Slot 4,en_US
configurable_bundle.template_slots.slot-5.name,Slot 5,en_US
configurable_bundle.template_slots.slot-6.name,Slot 6,en_US
configurable_bundle.template.validation.error.not_exists,Configurable bundle template does not exist.,en_US
configurable_bundle.slot.validation.error.not_exists,Configurable bundle template slot does not exist.,en_US
configurable_bundle.template.validation.error.already_activated,Configurable bundle template is already activated.,en_US
configurable_bundle.template.validation.error.already_deactivated,Configurable bundle template is already deactivated.,en_US
configured_bundle.quantity,Quantity:,en_US
configured_bundle.multiplier,x,en_US
configured_bundle.price,Item price:,en_US
configured_bundle.bundle_total,Bundle total:,en_US
configured_bundle.total,Item total:,en_US
configured_bundle.remove,remove,en_US
configured_bundle.order.items,Items in the bundle:,en_US
configured_bundle.item_sku,SKU:,en_US
configured_bundle_cart.error.configured_bundle_not_found,Configured bundle with provided sku not found in cart.,en_US
configured_bundle_cart.error.configured_bundle_cannot_be_removed,Configured bundle cannot be removed from cart.,en_US
configured_bundle_cart.error.configured_bundle_cannot_be_updated,Configured bundle cannot be updated.,en_US
configured_bundle_cart.error.configured_bundle_cannot_be_added,Configured bundle cannot be added to cart.,en_US
configured_bundle_widget.configured_bundle.removed,Configured bundle removed successfully.,en_US
configured_bundle_widget.configured_bundle.updated,Configured bundle updated successfully.,en_US
product_search_widget.search.no_results,Products were not found.,en_US
configurable_bundle_page.select,Select,en_US
configurable_bundle_page.unselect,Unselect,en_US
configurable_bundle_page.edit,Edit,en_US
configurable_bundle_page.configurator,Configurator,en_US
configurable_bundle_page.configurable_bundle_list,Configurable Bundle List,en_US
configurable_bundle_page.choose_bundle_to_configure,Choose Bundle to configure,en_US
configurable_bundle_page.configurator.templates_not_found,There are no templates available.,en_US
configurable_bundle_page.template_not_found,Configurable bundle template not found.,en_US
configurable_bundle_page.invalid_template_slot_combination,Invalid template/slot combination.,en_US
configurable_bundle_page.configurator.tip.header,Create your own bundle.,en_US
configurable_bundle_page.configurator.tip.text,"To create the bundle, please select the slot from the left side, and choose the product from the list.",en_US
configurable_bundle_page.configurator.selected_product,Selected product,en_US
configurable_bundle_page.configurator.summary,Summary,en_US
configurable_bundle_page.configurator.add_to_cart,Add to Cart,en_US
configurable_bundle_page.configurator.summary_page_locked,Product for at least one slot should be configured to visit Summary page.,en_US
configurable_bundle_page.configurator.summary_page_total,Total,en_US
configurable_bundle_page.configurator.added_to_cart,Configured bundle successfully added to cart.,en_US
configurable_bundle_page.configurator.slot_became_unavailable,Configured slot with ID '%id%' became unavailable.,en_US
configurable_bundle_page.configurator.product_became_unavailable,Product with SKU '%sku%' configured for slot with ID '%id%' became unavailable.,en_US
configurable_bundle_page.configurator.sku,Sku:,en_US
configurable_bundle_page.configurator.slot_page.title,Create your own bundle quickly and easily using our configurator,en_US
configurable_bundle_page.configurator.slot_page.back_link,Back to Bundles,en_US
agent_page.error.customer_already_logged_in,"You are already logged in as customer, please logout first, then proceed",en_US
configurable_bundle_note.enter_note,Add a comment,en_US
configurable_bundle_note.note,Configured Bundle Note:,en_US
configurable_bundle_note.form.save,Save,en_US
configurable_bundle_note.note_added,Note has been successfully added to configured bundle,en_US
sales_configured_bundle_widget.success.items_added_to_cart_as_individual_products,Please notice: Items from the Configured Bundle were added to the Cart as individual products.,en_US
sales_configured_bundle.success.items_added_to_cart_as_individual_products,Please notice: Items from the Configured Bundle were added to the Cart as individual products.,en_US
sales_configured_bundle_widget.returnable_state,Non-returnable,en_US
sales_configured_bundle_widget.quantity,Quantity:,en_US
configured_bundle_widget.items,Items,en_US
quantity_option.amount,(= %value% %name%),en_US
customer.account.shopping_list_item.error.product_not_active,Product is not active.,en_US
order_custom_reference.reference_saved,Custom order reference was successfully saved.,en_US
order_custom_reference.reference_not_saved,Custom order reference has not been changed.,en_US
order_custom_reference.validation.error.message_invalid_length,Custom order reference length is invalid.,en_US
order_custom_reference.title,Custom Order Reference,en_US
order_custom_reference.form.placeholder,Add custom order reference,en_US
order_custom_reference.save,Save,en_US
cart.item.sales_unit.not_found,Sales unit is not found for product with SKU '%sku%'.,en_US
cart.item.packaging_unit.not_found,Packaging unit not found for product with SKU '%sku%'.,en_US
quote_request_agent_page.checkout.step.save_rfq.title,Save Request For Quote,en_US
quote_request_page.quote_request.saved,Quote request saved successfully.,en_US
quote_request_page.quote_request.actions.edit_address,Edit Address,en_US
quote_request_page.quote_request.actions.edit_shipment,Edit Shipment,en_US
quote_request_page.quote_request.edit_address_confirm,"You are editing Quote Request <a href=""%link%"">%reference%</a> if you will leave it, all changes will be dropped.",en_US
quote_request_page.quote_request.edit_shipment_confirm,"You are editing Quote Request <a href=""%link%"">%reference%</a> if you will leave it, all changes will be dropped.",en_US
quote_request_page.quote_request.shipment_counter,Shipment %index% of %length%,en_US
quote_request_page.quote_request.empty_shipment_data,No shipment address / shipment method provided.,en_US
quote_request_page.quote_request.title_create,Create Quote Request,en_US
quote_request_page.quote_request.title_edit,Edit #%id%,en_US
quote_request_page.quote_request.title_attention,Attention,en_US
quote_request_page.quote_request.title_addresses,Addresses,en_US
quote_request_page.quote_request.title_billing_address,Billing Address,en_US
quote_request_page.quote_request.title_delivery_address,Delivery address,en_US
quote_request_page.quote_request.title_shipment_method,Shipment method,en_US
quote_request_page.quote_request.breadcrumb.create,Create,en_US
quote_request_page.quote_request.breadcrumb.edit,Edit,en_US
quote_request_page.quote_request.breadcrumb.attention,Attention,en_US
quote_request_page.quote_request.multiple_delivery_address,Multiple delivery addresses.,en_US
quote_request_page.quote_request.multiple_shipment_method,Multiple shipment methods.,en_US
quote_request_page.quote_request.empty_page,Your Quote is empty!,en_US
quote_request_page.quote_request.empty_delivery_address,No delivery address added.,en_US
quote_request_page.quote_request.empty_address,No address added.,en_US
quote_request_page.quote_request.empty_shipment_method,No shipment method added.,en_US
quote_request_page.quote_request.cta_add_address,Add address,en_US
quote_request_page.quote_request.cta_edit_address,Edit address,en_US
quote_request_page.quote_request.cta_add_shipment_method,Add shipment method,en_US
quote_request_page.quote_request.cta_edit_shipment_method,Edit shipment method,en_US
quote_request_page.quote_request.item,%count% item(s),en_US
quote_request_page.quote_request.shipments,Shipments,en_US
checkout.step.summary.shipment_costs_total,Shipment total,en_US
maintenance.search.gui_is_not_set_up,To be able to inspect the search data please install the GUI module suitable for your search provider (e.g. spryker/search-elasticsearch-gui for Elasticsearch).,en_US
customer.order.number_of_items,No. of Items,en_US
customer.order.reference,Reference,en_US
customer.order.email,Email,en_US
customer.order.company_user,Company User,en_US
customer.order_history.search_type.all,All,en_US
customer.order_history.search_type.orderReference,Order Reference,en_US
customer.order_history.search_type.itemName,Product Name,en_US
customer.order_history.search_type.itemSku,Product SKU,en_US
customer.order_history.search,Search,en_US
customer.order_history.date_from,From,en_US
customer.order_history.date_to,To,en_US
customer.order_history.apply,Apply,en_US
customer.order_history.is_order_items_visible,Show products in search results,en_US
customer.order_history.active_filters,Active Filters:,en_US
customer.order_history.reset_all,Reset All,en_US
company_page.label.business_unit,Business Unit,en_US
company_page.choice.my_orders,My Orders,en_US
company_page.choice.company_orders,Company Orders,en_US
permission.name.SeeCompanyOrdersPermissionPlugin,View Company orders,en_US
permission.name.EditCompanyOrdersPermissionPlugin,Edit Company orders,en_US
permission.name.EditBusinessUnitOrdersPermissionPlugin,Edit Business unit orders,en_US
permission.name.SeeBusinessUnitOrdersPermissionPlugin,View Business Unit orders,en_US
customer.account.button.search_filters,Search & Filters,en_US
return.return_reasons.damaged.name,Damaged,en_US
return.return_reasons.wrong-item.name,Wrong Item,en_US
return.return_reasons.no_longer_needed.name,No longer needed,en_US
return.return_policy.returnable_till.message,Returnable till: %date%,en_US
return_page.default_title,Returns,en_US
return_page.title,Create Return,en_US
return_page.return_reasons.select_reason.placeholder,Select reason,en_US
return_page.return_reasons.custom_reason.placeholder,Custom reason,en_US
return.return_policy.returnable_till.message,Returnable till: %date%,en_US
cart_page.error_message.unexpected_error,Unexpected error occurred.,en_US
order_invoice.invoice_template.table.number,Pos.,en_US
order_invoice.invoice_template.table.quantity,Quantity,en_US
order_invoice.invoice_template.table.name,Item,en_US
order_invoice.invoice_template.table.tax,Tax rate,en_US
order_invoice.invoice_template.table.price,Price,en_US
order_invoice.invoice_template.table.subtotal,Subtotal,en_US
order_invoice.invoice_template.table.discount,Discount,en_US
order_invoice.invoice_template.table.tax.included,this includes %tax_rate%% VAT net,en_US
order_invoice.invoice_template.table.tax.name,VAT,en_US
order_invoice.invoice_template.table.grandtotal,Grand total,en_US
order_invoice.invoice_template.reference,Invoice number:,en_US
order_invoice.invoice_template.introduction,We hereby charge you for the following goods:,en_US
order_invoice.invoice_template.company.name,Spryker Systems GmbH Berlin,en_US
order_invoice.invoice_template.company.address,Julie-Wolfthorn-Straße 1<br>10115 Berlin <br> Germany,en_US
order_invoice.invoice_template.company.group,Unternehmensgruppe Spryker Systems GmbH	,en_US
order_invoice.invoice_template.merchant.name,Spryker Systems GmbH Berlin,en_US
order_invoice.invoice_template.merchant.address,Julie-Wolfthorn-Straße 1 + 10115 Berlin,en_US
order_invoice.invoice_template.table.total.net,Total net,en_US
return_page.list.title,Returns,en_US
return_page.account.no_return,No returns found!,en_US
return_page.account.no_return_description,This is where you'll find and manage returns once it's available.,en_US
return_page.account.no_return,No returns at the moment,en_US
return_page.return.return_ref,Return Reference,en_US
return_page.return.order_ref,Order Reference,en_US
return_page.return.number_of_items,No. of Items,en_US
return_page.return.date,Return Date,en_US
return_page.return.items_state,Items State,en_US
return_page.return.view_return,View Return,en_US
return_page.return.print_return,Print Slip,en_US
return_page.breadcrumb.returns,Returns,en_US
return_page.breadcrumb.create_return,Create Return,en_US
return_page.details.page_title,Return Details,en_US
return_page.details.actions.back_to_list,Back to List,en_US
return_page.details.actions.print_slip,Print Slip,en_US
return_page.details.total.items_to_return,Items to return,en_US
return_page.details.total.items_to_return.count,items,en_US
return_page.details.total.remuneration_total,Remuneration Total,en_US
return_page.item.options,Product options:,en_US
return_page.table.actions,Actions,en_US
return_page.button.return_list,Returns,en_US
return_page.return_reasons.title,Reason:,en_US
return_page.return_reasons.empty,—,en_US
return_page.return.created,Return created successfully,en_US
return_page.return.title,Create Return,en_US
return_page.order_reference,Order ref:,en_US
return_page.order_date,Order date:,en_US
return_page.return_reference,Return ref:,en_US
return_page.return_date,Return date:,en_US
return_page.button_text,Create Return,en_US
return_page.item_sku,SKU:,en_US
return_page.quantity,Quantity:,en_US
return_page.returnable_state,Non-returnable,en_US
return_page.create_return.validation.selected_items,At least one product should be selected.,en_US
return_page.button.create_return,Return,en_US
return_page.slip.return_reference,Return Ref,en_US
return_page.slip.return_date,Return Date,en_US
return_page.slip.order_reference,Order Ref,en_US
return_page.slip.barcode,Barcode,en_US
return_page.slip.product_sku,Product SKU,en_US
return_page.slip.product_name,Product Name,en_US
return_page.slip.default_price,Default Price,en_US
return_page.slip.quantity,Qty,en_US
return_page.slip.total_price,Total Price,en_US
return_page.slip.return_reason,Return Reason,en_US
return_page.slip.items_to_return,Items to Return,en_US
return_page.slip.remuneration_total,Remuneration Total,en_US
sales_product_bundle_widget.returnable_text,Returnable till:,en_US
sales_product_bundle_widget.returnable_state,Non-returnable,en_US
sales_product_bundle_widget.item_sku,SKU:,en_US
sales_product_bundle_widget.quantity,Quantity:,en_US
sales_product_bundle_widget.item.options,Product options:,en_US
oms.state.new,New,en_US
oms.state.waiting,Waiting,en_US
oms.state.in-progress,In progress,en_US
oms.state.ready,Ready,en_US
oms.state.canceled,Canceled,en_US
oms.state.closed,Closed,en_US
oms.state.draft,Draft,en_US
oms.state.payment-pending,Payment pending,en_US
oms.state.paid,Paid,en_US
oms.state.confirmed,Confirmed,en_US
oms.state.exported,Exported,en_US
oms.state.shipped,Shipped,en_US
oms.state.delivered,Delivered,en_US
oms.state.payout-failed,Merchant Payout failed,en_US
oms.state.ready-for-return,Ready for return,en_US
oms.state.refunded,Refunded,en_US
oms.state.returned,Returned,en_US
oms.state.waiting-for-return,Waiting for return,en_US
oms.state.shipped-to-customer,Shipped to customer,en_US
oms.state.sent-to-merchant,Sent to merchant,en_US
oms.state.shipped-by-merchant,Shipped by merchant,en_US
oms.state.return-canceled,Return canceled,en_US
oms.state.invoice-generated,Invoice generated,en_US
oms.state.invoice-generated,Invoice generated,en_US
oms.state.reservation-cancelled,Reservation Cancelled,en_US
oms.state.reservation-cancellation-pending,Reservation Cancellation Pending,en_US
oms.state.tax-pending,Tax pending,en_US
return.create_return.validation.returnable_items_error,Return cannot be created as it contains non-returnable items,en_US
return.create_return.validation.store_error,Return cannot be created - a wrong store has been selected,en_US
return.create_return.validation.items_error,Return cannot be cretaed for this set of items,en_US
form.csrf.error.text,Something went wrong. Sorry.,en_US
checkbox-select-all.title,Select All,en_US
sales.error.customer_order_not_found,Customer Order not found.,en_US
sales.error.order_cannot_be_canceled_due_to_wrong_item_state,Order cannot be canceled due to wrong item state.,en_US
order_cancel_widget.cancel_order,Cancel Order,en_US
order_cancel_widget.order.cancelled,Order was canceled successfully.,en_US
product_cart_item.remove,× remove,en_US
mail.trans.availability_notification.subtitle,The wait is over! Add this product to your cart now.,en_US
mail.trans.availability_notification.title.part2,is available again!,en_US
mail.trans.availability_notification_subscription.subtitle,You will receive an email when the product is available again.,en_US
mail.trans.availability_notification_subscription.title,We just informed our purchase team about your subscription!,en_US
mail.trans.availability_notification_unsubscribed.subtitle,You will not be notified when the product is available again.,en_US
mail.trans.availability_notification_unsubscribed.title.part1,Your subscription to,en_US
mail.trans.availability_notification_unsubscribed.title.part2,was canceled,en_US
mail.trans.common.go_to_shop,Go to shop,en_US
mail.trans.common.hello_for_first_name,Hello,en_US
mail.trans.common.my_account,My Account,en_US
mail.trans.customer_registration.change_info,"You can change your info (delivery address, email address, password etc.) in My Account",en_US
mail.trans.customer_registration.registration_success,Your registration to the Spryker Shop was successful!,en_US
mail.trans.customer_registration.title,Thank you for signing up with Spryker Shop!,en_US
mail.trans.customer_restored_password_confirmation.title,Your password was changed successfully,en_US
mail.trans.customer_restore_password.change_password,Change password,en_US
mail.trans.customer_restore_password.subtitle,"Somebody has requested a new password for your Spryker Shop account. If this was not you, please ignore this email. If it was you, please follow the instructions in the button below.",en_US
mail.trans.customer_restore_password.title,New password for your Spryker Shop account,en_US
mail.trans.footer.contact_email_address,info@spryker.com,en_US
mail.trans.footer.if_you_have_further_questions,"If you have any further questions, please contact our customer service at",en_US
mail.trans.footer.shop_address,Julie-Wolfthorn-Strasse 1,en_US
mail.trans.footer.shop_city,Berlin,en_US
mail.trans.footer.shop_name,Spryker Systems GmbH,en_US
mail.trans.footer.shop_phone,+49 (0) 30 208 498 350,en_US
mail.trans.footer.shopping_experience,Enjoy your shopping experience.,en_US
mail.trans.footer.shop_zip_code,10115,en_US
mail.trans.footer.your_team,Your Spryker team!,en_US
mail.trans.header.shop_name,Spryker Shop,en_US
mail.trans.newsletter_subscribed.subtitle,We will do our best to deliver the most relevant and exciting news and updates.,en_US
mail.trans.newsletter_subscribed.title,We are thrilled you have signed up for our newsletter.,en_US
mail.trans.newsletter_unsubscribed.subtitle,Your email address has been unsubscribed from Spryker Shop newsletter. You can always manage your subscription in your customer profile.,en_US
mail.trans.newsletter_unsubscribed.title,Sorry to see you go...,en_US
mail.trans.order.billing_address,Billing address,en_US
mail.trans.order.delivery_address,Delivery address,en_US
mail.trans.order.delivery_method,Shipment method,en_US
mail.trans.order.discounts_total,Discounts,en_US
mail.trans.order.grand_total,Grand Total,en_US
mail.trans.order.order_date,Order date,en_US
mail.trans.order.order_details,Order details,en_US
mail.trans.order.order_reference,Order reference,en_US
mail.trans.order.quantity,Qty,en_US
mail.trans.order.requested_delivery_date,Requested delivery date,en_US
mail.trans.order.shipment_costs_total,Shipment costs (total),en_US
mail.trans.order.shipment_for_number.part1,Shipment,en_US
mail.trans.order.shipment_for_number.part2,of,en_US
mail.trans.order.subtotal,Subtotal,en_US
mail.trans.order.taxes,Taxes,en_US
mail.trans.order_confirmation.subtitle,"We are writing to let you know that we recieved your order. You can expect a shipping confirmation by e-mail as soon as the order has been sent. We hope you like your order, but if you change your mind, please return it within 14 days.",en_US
mail.trans.order_confirmation.title,Thank you for shopping at Spryker Shop!,en_US
mail.trans.restore_password.change_password,Change password,en_US
mail.trans.restore_password.subtitle,"Somebody has requested a new password for your Spryker Back Office account. If it was not you, please ignore this email. If it was you, please follow the instructions in  the button bellow",en_US
mail.trans.restore_password.title,New password for your Spryker Back Office account,en_US
mail.trans.order_shipped.title,Your order is on its way!,en_US
mail.trans.company_status.title,The status of your company has been changed to,en_US
mail.trans.customer_registration.confirmation_link,Validate your email address,en_US
mail.customer.customer_email_change_verification.text,Please validate your email address by clicking the,en_US
mail.customer.customer_email_change_notification.text,"We would like to inform you that the email address associated with your account has been successfully changed. If you made this change, no further action is required. However, if you did not request this change, please contact the store owner immediately to secure your account.",en_US
mail.customer.customer_email_change_notification.subject,Your Email Address Has Been Changed,en_US
mail.customer.customer_email_change_verification.subject,Validate your email address,en_US
password.weak,Weak,en_US
password.medium,Medium,en_US
password.strong,Strong,en_US
password.very_strong,Very strong,en_US
password.message,Try lengthening password or adding numbers or symbols.,en_US
customer.password.error.deny_list,This password is considered common. Please use another one.,en_US
customer.password.error.sequence,You repeated the same character too many times.,en_US
customer.password.error.character_set,"Password must contain at least 1 character of each allowed character group: upper case, lower case, digit and a special character.",en_US
error.429,Too Many Requests,en_US
security_blocker_page.error.account_blocked,Too many log in attempts from your address. Please wait %minutes% minutes before trying again.,en_US
security_blocker_backoffice_gui.error.account_blocked,Too many log in attempts from your address. Please wait %minutes% minutes before trying again.,en_US
security_blocker_merchant_portal_gui.error.account_blocked,Too many log in attempts from your address. Please wait %minutes% minutes before trying again.,en_US
payment_foreign.thank_you,Thank you,en_US
payment_foreign.go_to_my_account,"Go to ""My Account""",en_US
payment_foreign.success.order.placement.message,Your order has been paid successfully. You will receive your order confirmation email in a few minutes. You can check and track your order in your account.,en_US
agent_page.error.customer_already_logged_in,"You are already logged in as customer, please logout first, then proceed",en_US
customer.login.remember_me,Remember me,en_US
merchant.sold_by,Sold by:,en_US
merchant_search_widget.all_merchants,All Merchants,en_US
merchant_search_widget.merchants,Merchants,en_US
merchant_profile.email,Email Address,en_US
merchant_profile.address,Address,en_US
merchant_profile.phone,Phone,en_US
merchant_profile.terms_and_conditions,Terms & Conditions,en_US
merchant_profile.cancellation_policy,Cancellation Policy,en_US
merchant_profile.imprint,Imprint,en_US
merchant_profile.privacy,Data Privacy,en_US
merchant_profile.delivery_time,Delivery Time,en_US
merchant_profile.shop_merchant_products,Shop Merchant Products,en_US
merchant_product.message.invalid,"Product ""%sku%"" with Merchant ""%merchant_reference%"" not found.",en_US
merchant_product.sold_by,Sold by,en_US
merchant_product_offer.view_seller,View Merchant,en_US
merchant_product_offer.sold_by,Sold by,en_US
merchant_product_offer_widget.merchant_name,Merchant,en_US
product-offer.info.product-offer-inactive.removed,Inactive item %sku% was removed from your shopping cart.,en_US
product-offer.info.reference.invalid,Product offer reference not found for product with SKU '%sku%'.,en_US
product-offer.message.not-active-or-approved,Product offer not active for product with SKU '%sku%'.,en_US
merchant_weekday_schedule.new_year,New Year's Day,en_US
merchant_weekday_schedule.good_friday,Good Friday,en_US
merchant_weekday_schedule.easter_sunday,Easter Sunday,en_US
merchant_weekday_schedule.easter_monday,Easter Monday,en_US
merchant_weekday_schedule.may_day,May Day,en_US
merchant_weekday_schedule.ascension_of_christ,Ascension of Christ,en_US
merchant_weekday_schedule.whit_sunday,Whit Sunday,en_US
merchant_weekday_schedule.whit_monday,Whit Monday,en_US
merchant_weekday_schedule.corpus_christi,Corpus Christi,en_US
merchant_weekday_schedule.day_of_german_unity,Day of German unity,en_US
merchant_weekday_schedule.all_saints_day,All Saints' Day,en_US
merchant_weekday_schedule.1st_christmas_day,1st Christmas day,en_US
merchant_weekday_schedule.2nd_christmas_day,2nd Christmas day,en_US
merchant_weekday_schedule.sunday_opening,Sunday Opening,en_US
merchant_opening_hours.opening_hours_title,Opening Hours,en_US
merchant_opening_hours.special_opening_hours_title,Special Opening Hours,en_US
merchant_opening_hours.public_holidays_title,Public Holidays,en_US
merchant_opening_hours.opening_hours_closed,Closed,en_US
merchant_opening_hours.day.title.monday,Monday,en_US
merchant_opening_hours.day.title.tuesday,Tuesday,en_US
merchant_opening_hours.day.title.wednesday,Wednesday,en_US
merchant_opening_hours.day.title.thursday,Thursday,en_US
merchant_opening_hours.day.title.friday,Friday,en_US
merchant_opening_hours.day.title.saturday,Saturday,en_US
merchant_opening_hours.day.title.sunday,Sunday,en_US
checkout.item.option.pre.condition.validation.error.exists,Product option of %name% is not available anymore.,en_US
product.filter.merchant_name,Merchant,en_US
merchant_sales_order.merchant_order_id,Merchant Order ID,en_US
merchant_sales_return.message.items_from_different_merchant_detected,There are products from different merchants in your order. You can only return products from one merchant at a time.,en_US
merchant_sales_return_widget.create_form.different_merchants_info,There are products from different merchants in your order. You can only return products from one merchant at a time.,en_US
shopping_list.pre.check.product_offer,Product Offer is not found.,en_US
shopping_list.pre.check.product_offer.approved,Product Offer is not approved.,en_US
shopping_list.pre.check.product_offer.is_active,Product Offer is not active.,en_US
shopping_list.pre.check.product_merchant_inactive,Merchant is inactive.,en_US
shopping_list.pre.check.product_merchant_not_approved,Merchant is not approved.,en_US
shopping_list.pre.check.product_offer.store_invalid,Product Offer is not equal to the current Store.,en_US
shopping_list.pre.check.product.store_invalid,Product is not equal to the current Store.,en_US
sales-order-threshold.hard-minimum-threshold.us.usd.message,You should add items for {{threshold}} to pass a recommended threshold. You can't proceed with checkout,en_US
sales-order-threshold.hard-maximum-threshold.us.usd.message,The cart value cannot be higher than {{threshold}}. Please remove some items to proceed with the order,en_US
sales-order-threshold.soft-minimum-threshold.us.usd.message,"You need to add items for {{threshold}} to pass a recommended threshold, but if you want can proceed to checkout.",en_US
countries.iso.US,United States of America,en_US
product_bundle_product_detail_page_items_list_widget.title.bundle_includes,Bundle includes,en_US
product_configuration.checkout.validation.error.is_not_complete,Product configuration is not completed.,en_US
product_configuration.validation.error.not_valid_response_checksum,Not valid response checksum provided,en_US
product_configuration.validation.error.expired_timestamp,Expired timestamp was provided,en_US
product_configuration.access_token.request.error.can_not_obtain_access_token,Can not obtain access token,en_US
product_configuration.error.configured_item_not_found_in_cart,Configured product '%sku%' was not found.,en_US
product_configuration.error.availability.failed,The product has an availability of %availability%.,en_US
product_configuration.response.validation.error,Failed to validate product configurator response.,en_US
product_configuration.error.configuration_not_found,Product configuration was not found for product '%sku%'.,en_US
product_configuration_storage.validation.error.group_key_is_not_provided,Group key must be provided,en_US
product_configuration_widget.configure,Configure,en_US
product_configuration_widget.complete,Configuration complete!,en_US
product_configuration_widget.not_complete,Configuration is not complete.,en_US
product_configuration_widget.quote_not_valid,This cart can't be processed. Please configure items inside the cart.,en_US
product_configuration.quote_request.validation.error.incomplete,You must finish the configuration of the products to validate the quote.,en_US
product_configuration_shopping_list.error.configuration_not_found,Product configuration was not found for shopping list item '%uuid%'.,en_US
product_configuration_shopping_list.error.item_not_found,Shopping list item not found.,en_US
product_configurator_gateway_page.source_type_not_blank,Source is required parameter,en_US
product_configurator_gateway_page.sku_not_blank,Product SKU is required parameter,en_US
product_configurator_gateway_page.configurator_key_not_blank,Configurator key is required parameter,en_US
product_configurator_gateway_page.quantity_required,Quantity is required parameter,en_US
product_configurator_gateway_page.item_group_key_required,Group Key is required parameter,en_US
product_configurator_gateway_page.shopping_list_item_uuid_required,Shopping List item ID is required parameter.,en_US
product_configurator_gateway_page.configurator_key_is_not_supported,Configurator key is not supported.,en_US
permission.name.SeeCompanyUsersPermissionPlugin,View company users,en_US
store_widget.switcher.store,Store:,en_US
store.validation.store_not_found,Store not found,en_US
category.validation.category_node_entity_not_found,The category node ID '%category_node_id%' cannot be relocated because this category node no longer exists.,en_US
merchant_relation_request.validation.status_not_pending,New requests can only be made if the current status is pending.,en_US
merchant_relation_request.validation.decision_note_empty,Please clear the decision note before submitting your request.,en_US
merchant_relation_request.validation.assignee_business_units_empty,Please specify at least one assignee business unit to proceed.,en_US
merchant_relation_request.validation.request_note_wrong_length,A merchant relation request note must have length from %min% to %max% characters.,en_US
merchant_relation_request.validation.incompatible_company_account,Only company users from the same company can create requests for this list of business units.,en_US
merchant_relation_request.validation.decision_note_wrong_length,A merchant relation request decision note must have length from %min% to %max% characters.,en_US
merchant_relation_request.validation.not_found,Merchant Relation Request not found.,en_US
merchant_relation_request.validation.cant_be_approved,Merchant Relation Request can't be approved.,en_US
merchant_relation_request.validation.cant_be_canceled,Merchant Relation Request can't be canceled.,en_US
merchant_relation_request.validation.cant_be_rejected,Merchant Relation Request can't be rejected.,en_US
merchant_relation_request.validation.cant_become_pending,Merchant Relation Request can't become pending.,en_US
merchant_relation_request.mail.merchant_relation_request_status_change.subject,The status of your merchant relation request has been changed.,en_US
merchant_relation_request.mail.trans.merchant_relation_request_status_change.salutation,"Hello %first_name% %last_name%,",en_US
merchant_relation_request.mail.trans.merchant_relation_request_status_change.main_text,Merchant %merchant_name% changed the status of your merchant relation request to %status%. Please review it in your Company Account.,en_US
merchant_relation_request.mail.trans.merchant_relation_request_status_change.button,View merchant relation request,en_US
merchant_relation_request.mail.trans.merchant_relation_request_status_change.decision_note_title,Comment from Merchant,en_US
comment.validation.error.user_not_found,User not found.,en_US
comment.validation.error.comment_author_intersected,Comment Author intersection detected.,en_US
comment.validation.error.customer_not_found,Customer not found.,en_US
permission.name.CreateMerchantRelationRequestPermissionPlugin,Send Merchant Relation Request,en_US
merchant_relation_request_widget.request_for_relation.link,Relation Request,en_US
merchant_relation_request_widget.request_for_relation.button,Send Request,en_US
merchant_relation_request_widget.request_for_relation.details,Contact Details,en_US
merchant_relation_request_widget.create_request.label,Create the merchant relation request,en_US
merchant_relation_page.merchant_relation.view.empty,You do not have any merchant relations yet.,en_US
merchant_relation_request_widget.merchant_relation_request.list.title,Merchant Relation Requests,en_US
merchant_relation_request_page.merchant_relation_request.view.empty,You do not have any merchant relation requests yet.,en_US
merchant_relation_request_page.merchant_relation_request,Merchant Relation Requests,en_US
merchant_relation_request_page.merchant_relation_request.list.manage,Manage Merchant Relation Requests,en_US
merchant_relation_request_page.merchant_relation_request.list.create_link,Create request,en_US
merchant_relation_request_page.merchant_relation_request.breadcrumb.create,Create,en_US
merchant_relation_request_page.merchant_relation_request.title_create,Merchant Relation Request,en_US
merchant_relation_request_page.merchant_relation_request.actions.cancel,Cancel request,en_US
merchant_relation_request_page.merchant_relation_request.actions.back,Back,en_US
merchant_relation_request_page.merchant_relation_request.actions.send_request,Submit Request,en_US
merchant_relation_request_page.merchant_relation_request.submit,Submit Request,en_US
merchant_relation_request_page.merchant_relation_request.request_note,Message to the Merchant,en_US
merchant_relation_request_page.merchant_relation_request.business_units,Business Units,en_US
merchant_relation_request_page.merchant_relation_request.business_unit_owner,Business Unit Owner,en_US
merchant_relation_request_page.merchant_relation_request.business_unit_owner.placeholder,Select Business Unit Owner,en_US
merchant_relation_request_page.merchant_relation_request.merchant,Merchant,en_US
merchant_relation_request_page.merchant_relation_request.merchant.placeholder,Select Merchant,en_US
merchant_relation_request_page.merchant_relation_request.created,Merchant relation request has been submitted successfully.,en_US
merchant_relation_request_page.merchant_relation_request.created_at,Created,en_US
merchant_relation_request_page.merchant_relation_request.company_user,Company User,en_US
merchant_relation_request_page.merchant_relation_request.status,Status,en_US
merchant_relation_request_page.merchant_relation_request.actions,Actions,en_US
merchant_relation_request_page.merchant_relation_request.actions.view,View,en_US
merchant_relation_request_page.merchant_relation_request.empty_business_units.error,At least one business unit must be assigned to a user,en_US
merchant_relation_request_page.merchant_relation_request.success.canceled,Merchant relation request canceled successfully.,en_US
merchant_relation_request.validation.company_user_access_denied,Access denied.,en_US
merchant_relation_request.validation.merchant_not_found,Merchant not found.,en_US
merchant_relation_request.mail.trans.merchant_notification.title,Please review a pending merchant relation request in the Merchant Portal.,en_US
merchant_relation_request.mail.trans.merchant_notification.button,Review merchant relation request,en_US
merchant_relation_request.mail.trans.merchant_notification.subject,Pending merchant relations request,en_US
merchant_relation_request.merchant_notification.active_filters,Active Filters:,en_US
merchant_relation_request.merchant_notification.reset_all,Reset All,en_US
merchant_relation_request.merchant_notification.apply,Apply,en_US
merchant_relation_request_page.merchant_relation_request.status.placeholder,Select Status,en_US
merchant_relation_request_page.merchant_relation_request.status.pending,Pending ,en_US
merchant_relation_request_page.merchant_relation_request.status.canceled,Canceled ,en_US
merchant_relation_request_page.merchant_relation_request.status.rejected,Rejected ,en_US
merchant_relation_request_page.merchant_relation_request.status.approved,Approved ,en_US
merchant_relation_request_page.merchant_relation_request.request_note_label,Message,en_US
merchant_relation_request_page.merchant_relation_request.decision_note_label,Message to the user,en_US
merchant_relation_request_page.merchant_relation_request_detail.date_created,Created date,en_US
merchant_relation_request_page.merchant_relation_request_detail.company_details,Company Details,en_US
merchant_relation_request_page.merchant_relation_request_detail.company,Company,en_US
merchant_relation_request_page.merchant_relation_request_detail.business_unit_owner,Business Unit Owner,en_US
merchant_relation_request_page.merchant_relation_request_detail.business_units,Business Units,en_US
merchant_relation_request_page.merchant_relation_request_detail.details,Contact Details,en_US
merchant_relation_request_page.merchant_relation_request_detail.first_name,First Name,en_US
merchant_relation_request_page.merchant_relation_request_detail.last_name,Last Name,en_US
merchant_relation_request_page.merchant_relation_request_detail.email,E-mail,en_US
merchant_relation_request_page.merchant_relation_request_detail.additional_details,Additional details,en_US
merchant_relation_request_page.merchant_relation_request_detail.comment_from_merchant,Comment from merchant,en_US
merchant_relation_request_page.merchant_relation_request_detail.notification.title.pending,Merchant relation request is pending.,en_US
merchant_relation_request_page.merchant_relation_request_detail.notification.title.canceled,Merchant relation request was canceled.,en_US
merchant_relation_request_page.merchant_relation_request_detail.notification.title.approved,Merchant relation request was approved.,en_US
merchant_relation_request_page.merchant_relation_request_detail.notification.title.rejected,Merchant relation request was rejected.,en_US
merchant_relation_request_page.merchant_relation_request_detail.notification.description.pending,The merchant has not yet reviewed your request. You have the option to cancel it.,en_US
merchant_relation_request_page.merchant_relation_request_detail.notification.description.canceled,This request has been canceled. You can create a new request.,en_US
merchant_relation_request_page.merchant_relation_request_detail.notification.description.approved,The following merchant relations were created:,en_US
merchant_relation_request_page.merchant_relation_request_detail.notification.description.rejected,"The merchant has rejected your request. If you have any questions, please contact the merchant.",en_US
merchant_relation_request_page.merchant_relation_request_detail.labels.company,Company,en_US
merchant_relationship_page.table.header.merchant,Merchant,en_US
merchant_relationship_page.table.header.business_unit_owner,Business Unit Owner,en_US
merchant_relationship_page.table.header.business_units,Business Units,en_US
merchant_relationship_page.table.header.created,Created,en_US
merchant_relationship_page.table.header.actions,Actions,en_US
merchant_relationship_page.table.action.view,View,en_US
merchant_relationship_widget.merchant_relationship_links_list.view,View,en_US
company.account.merchant_relations,Merchant Relations,en_US
merchant_relationship_page.table.filter.apply,Apply,en_US
merchant_relationship_page.merchant_relationsip_detail,Merchant Relation,en_US
merchant_relationship_page.merchant_relationsip_detail.date_created,Created date,en_US
merchant_relationship_page.merchant_relationsip_detail.company_details,Company Details,en_US
merchant_relationship_page.merchant_relationsip_detail.company,Company,en_US
merchant_relationship_page.merchant_relationsip_detail.business_unit_owner,Business Unit Owner,en_US
merchant_relationship_page.merchant_relationsip_detail.business_units,Business Units,en_US
merchant_relationship_page.merchant_relationsip_detail.view,View,en_US
merchant_relationship_page.merchant_relationship.business_unit_owner,Business Unit Owner,en_US
merchant_relationship_page.merchant_relationship.business_unit_owner.placeholder,Select Business Unit Owner,en_US
merchant_relationship_page.merchant_relationship.merchant,Merchant,en_US
merchant_relationship_page.merchant_relationship.merchant.placeholder,Select Merchant,en_US
merchant_relationship_page.merchant_relationship.active_filters,Active Filters:,en_US
merchant_relationship_page.merchant_relationship.reset_all,Reset All,en_US
merchant_relationship.mail.trans.merchant_relationship_delete.subject,Your merchant relation was terminated.,en_US
merchant_relationship.mail.trans.merchant_relationship_delete.salutation,"Hello,",en_US
merchant_relationship.mail.trans.merchant_relationship_delete.main_text,Merchant %merchant_name% terminated your merchant relation. Please get in touch with the merchant in case of questions.,en_US
merchant_relationship.mail.trans.merchant_relationship_delete.link,Contact merchant,en_US
merchant_commission.validation.currency_does_not_exist,A currency with the code ‘%code%’ does not exist.,en_US
merchant_commission.validation.merchant_commission_description_invalid_length,A merchant commission description must have a length from %min% to %max% characters.,en_US
merchant_commission.validation.merchant_commission_key_exists,A merchant commission with the key ‘%key%’ already exists.,en_US
merchant_commission.validation.merchant_commission_key_invalid_length,A merchant commission key must have a length from %min% to %max% characters.,en_US
merchant_commission.validation.merchant_commission_key_is_not_unique,At least two merchant commissions in this request have the same key.,en_US
merchant_commission.validation.merchant_commission_does_not_exist,A merchant commission with the key ‘%key%’ was not found.,en_US
merchant_commission.validation.merchant_commission_group_does_not_exist,A merchant commission group was not found.,en_US
merchant_commission.validation.merchant_commission_group_key_does_not_exist,A merchant commission group with the key ‘%key%’ was not found.,en_US
merchant_commission.validation.merchant_does_not_exist,A merchant with the reference ‘%merchant_reference%’ does not exist.,en_US
merchant_commission.validation.merchant_commission_name_invalid_length,A merchant commission name must have a length from %min% to %max% characters.,en_US
merchant_commission.validation.merchant_commission_priority_not_in_range,A merchant commission priority must be within a range from %min% to %max%.,en_US
merchant_commission.validation.store_does_not_exist,A store with the name ‘%name%’ does not exist.,en_US
merchant_commission.validation.merchant_commission_valid_from_invalid_datetime,A merchant commission ‘valid from’ date is not a valid format.,en_US
merchant_commission.validation.merchant_commission_valid_to_invalid_datetime,A merchant commission ‘valid to’ date is not a valid format.,en_US
merchant_commission.validation.merchant_commission_validity_period_invalid,A merchant commission ‘valid to’ date must be later than the ‘valid from’ date.,en_US
merchant_commission.validation.invalid_query_string,The provided query string has an invalid format in %field%.,en_US
merchant_commission.validation.invalid_compare_operator,The provided compare operator is invalid in %field%.,en_US
rule_engine.validation.invalid_query_string,The provided query string has an invalid format.,en_US
rule_engine.validation.invalid_compare_operator_value,The provided compare operator is invalid.,en_US
payment_app_widget.validation.quote_is_empty, Quote is empty.,en_US
payment_app_widget.error.payment_failed,Payment failed,en_US
payment_app_widget.error.incorrect_quote,"Quote not found, session may have expired",en_US
mail.multi_factor_auth.email.text,"To proceed with your request, please use the following verification code: %code%. If you did not request this code, please ignore this email.",en_US
customer.change_customer_email_mail_sent,Almost there! We send you an email to validate your email address. Please confirm it to be able to log in.,en_US
mail.multi_factor_auth.email.subject,Verification Code for Secure Access,en_US
multi_factor_auth.multi_factor_auth.list.title,Set up Multi-Factor Authentication,en_US
multi_factor_auth.error.invalid_code,Invalid multi-factor authentication code. You have %remainingAttempts% attempt(s) left.,en_US
multi_factor_auth.error.attempts_exceeded,You have exceeded the number of allowed attempts. Please try again after the page has been refreshed.,en_US
multi_factor_auth.error.expired_code,The multi-factor authentication code has expired. Please try again.,en_US
multi_factor_auth.enter_your_code_input,Enter your code here,en_US
multi_factor_auth.activate,Activate,en_US
multi_factor_auth.deactivate,Deactivate,en_US
multi_factor_auth.error.authentication_method_not_selected,Unable to proceed. A multi-factor authentication method must be selected. Please refresh the page and try again or contact support if the problem persists.,en_US
multi_factor_auth.error.corrupted_code,The provided code is empty or invalid. Please try again.,en_US
multi_factor_auth.method.select,Select Authentication Method,en_US
multi_factor_auth.code.validation,Enter Authentication Code,en_US
multi_factor_auth.enter_code_for_method,We sent the authentication code to your %type%. Type it below to continue.,en_US
multi_factor_auth.access_denied,"Access is strictly restricted until multi-factor authentication verification is successfully completed. Please ensure that JavaScript is enabled in your browser, refresh the page, and try again. If the problem persists, you may need to complete the multi-factor authentication process again.",en_US
multi_factor_auth.activation.success,The multi-factor authentication has been activated.,en_US
multi_factor_auth.deactivation.success,The multi-factor authentication has been deactivated.,en_US
multi_factor_auth.activation.error,The multi-factor authentication could not be activated.,en_US
multi_factor_auth.deactivation.error,The multi-factor authentication could not be deactivated.,en_US
multi_factor_auth.selection.error.required,Please choose how you would like to verify your identity.,en_US
multi_factor_auth.send_code.error,Something went wrong while sending your code. Please try again later or contact the system administrator.,en_US
multi_factor_auth.continue,Continue,en_US
multi_factor_auth.verify_code,Verify Code,en_US
multi_factor_auth.required_options,You must choose one option to continue!,en_US
multi_factor_auth.invalid_csrf_token,Invalid CSRF token.,en_US
multi_factor_auth.note_mfa_affects,"Note, any changes made here will also affect how MFA works in other environments like the Back Office, since your accounts are linked.",en_US
checkout_page.aria_label.choose.as.active,Choose as active %optionValue%.,en_US
shop_ui.aria_label.choose.date.time,Choose the date and time.,en_US
shop_ui.aria_label.choose.date,Choose the date.,en_US
shop_ui.aria_label.main.navigation,Main navigation,en_US
shop_ui.aria_label.choose-date,Choose date,en_US
vertex.tax-number-country-blocked,This county is blocked in the settings.,en_US
vertex.tax-number-validation-not-available,The service was not able to validate this number.,en_US
vertex.tax-number-ignored,"The number is ignored because the settings have been changed to block numbers for this region, country or seller.",en_US
vertex.tax-number-syntax-valid,"The syntax of the ID is valid. However, no further validations were done. In cases where a checksum is required, like for India, the ID is considered valid if the syntax is valid and the checksum is not configured.",en_US
vertex.tax-number-syntax-invalid,The syntax of the ID is invalid.,en_US
vertex.tax-number-considered-valid-in-domestic-country,The Tax ID is valid in the domestic country of the supplier.,en_US
vertex.tax-number-valid-according-to-external-service,The Tax ID has been validated against the Tax Authority's database of Tax IDs and is valid.,en_US
vertex.tax-number-invalid-according-to-external-service,The Tax ID has been validated against the Tax Authority's database of Tax IDs and is invalid.,en_US
vertex.tax-number-validation-requested-additional-interactions,"The Tax Authority has requested additional parameters. For example, a country might require CAPTCHA validation and needs more information before they can validate the ID.",en_US
vertex.tax-number-service-temporarily-unavailable,Could not connect to validation service due to temporary unavailability of the service.,en_US
vertex.tax-number-syntax-considered-valid-but-not-verified,The Tax ID syntax is valid but the ID's status could not be verified by the external service. This occurs when the on-error settings is set to syntax-check and external service does not respond.,en_US
vertex.invalid-request-data,Invalid request data.,en_US
vertex.tax-app-disabled,Tax service is disabled.,en_US
vertex.tax-validator-unavailable,Tax Validator API is unavailable.,en_US
vertex.validator-api-inactive,Unable to connect to Vertex Validator API: vertex app or tax id validation is inactive.,en_US
vertex.request-failed,Request to Vertex API failed.,en_US
vertex.invalid-credentials,Invalid credentials.,en_US
cart_reorder.validation.order_not_found,Order not found.,en_US
cart_reorder.validation.quote_not_provided,Quote not provided.,en_US
store.cart_reorder.error.store_mismatch,This order was placed in a different store. This action cannot be performed.,en_US
cart_reorder_page.reorder_all,Reorder all,en_US
cart_reorder_page.reorder,Reorder,en_US
cart_reorder_page.reorder_selected,Reorder selected items,en_US
cart_reorder.pre_add_to_cart.inactive_product_option_item_removed,Inactive item %sku% was removed from your shopping cart.,en_US
sales_order_amendment_oms.validation.order_not_amendable,The order cannot be amended.,en_US
sales_order_amendment_oms.validation.amended_order_does_not_exist,Order with reference %order_reference% could not be found.,en_US
sales_order_amendment_oms.validation.amendment_order_does_not_exist,Order with reference %order_reference% could not be found.,en_US
sales_order_amendment.validation.sales_order_amendment_does_not_exist,Can not update the sales order amendment with ID %uuid%. Please check the ID.,en_US
sales_order_amendment.validation.order_amendment_duplicated,An amendment is already in progress for this order. Please complete or cancel it before starting a new one.,en_US
sales_order_amendment.validation.cart_reorder.order_reference_not_match,Another order is currently being amended. Complete or cancel the previous amendment before making changes to this order.,en_US
sales_order_amendment.validation.cart.cart_cant_be_amended,Current cart cannot be amended.,en_US
oms.state.order-amendment,Editing in Progress,en_US
sales_order_amendment_oms.validation.order_not_being_amended,This order cannot be edited because the time limit for changes has expired.,en_US
sales_order_amendment.pre_check.cannot_change_currency,Currency cannot be changed during order edit.,en_US
sales_order_amendment.pre_check.cannot_change_price_mode,Price mode cannot be changed during order edit.,en_US
store.cart_reorder.error.store_mismatch,This order was placed in a different store. This action cannot be performed.,en_US
sales_order_amendment.quote_request.validation.error.forbidden,Quote requests are unavailable during order amendment.,en_US
sales_order_amendment.order_amendment_after_rfq.validation.error.forbidden,Amendments are not allowed for orders created from a quote.,en_US
sales_order_amendment_widget.edit_order,Edit Order,en_US
sales_order_amendment_widget.edit_order.cancel,Cancel,en_US
sales_order_amendment_widget.edit_order.warning_message,Editing this order will replace the items in your current cart with those from the order?,en_US
sales_order_amendment_widget.cancel_order_amendment,Cancel Edit,en_US
sales_order_amendment_widget.amendment_cant_be_canceled,This order amendment cannot be canceled.,en_US
sales_order_amendment_widget.amendment_canceled,The order amendment has been successfully canceled.,en_US
sales_order_amendment_widget.summary_step.update.order,Update order,en_US
sales_order_amendment_widget.success_step.update.success.title,Your order has been updated successfully!,en_US
data_import_merchant.validation.importer_type_not_supported,Importer type is not supported.,en_US
data_import_merchant.validation.merchant_not_found,Merchant not found.,en_US
data_import_merchant.validation.user_not_found,User not found.,en_US
data_import_merchant.validation.invalid_file_content_type,Invalid file content type.,en_US
merchant_product_data_import.validation.missing_required_header,The required field %header% is missing.,en_US
service_point.validation.service_point_key_exists,A service point with the same key already exists.,en_US
service_point.validation.service_point_key_is_not_unique,A service point with the same key already exists in request.,en_US
service_point.validation.service_point_key_wrong_length,A service point key must have length from %min% to %max% characters.,en_US
service_point.validation.service_point_name_wrong_length,A service point name must have length from %min% to %max% characters.,en_US
service_point.validation.store_does_not_exist,Store with name '%name%' does not exist.,en_US
service_point.validation.service_point_entity_not_found,Service point entity was not found.,en_US
service_point.validation.wrong_request_body,Wrong request body.,en_US
service_point.validation.country_entity_not_found,Country with iso2 code '%iso2Code%' does not exist.,en_US
service_point.validation.region_entity_not_found,Region with uuid '%uuid%' does not exist for country with iso2 code '%countryIso2Code%'.,en_US
service_point.validation.service_point_address_address1_wrong_length,Service Point Address Input address1 must have a length of %min% to %max% characters.,en_US
service_point.validation.service_point_address_address2_wrong_length,Service Point Address Input address2 must have a length of %min% to %max% characters.,en_US
service_point.validation.service_point_address_address3_wrong_length,Service Point Address Input address3 must have a length of %min% to %max% characters.,en_US
service_point.validation.service_point_address_city_wrong_length,A service point address city must have length from %min% to %max% characters.,en_US
service_point.validation.service_point_address_entity_not_found,Service point address entity was not found.,en_US
service_point.validation.service_point_address_zip_code_wrong_length,A service point address zip code must have length from %min% to %max% characters.,en_US
service_point.validation.service_point_address_already_exists,A service point address for the service point already exists.,en_US
service_point.validation.service_point_uuid_is_not_unique,A service point with the same uuid already exists in request.,en_US
service_point.validation.service_type_key_exists,A service type with the same key already exists.,en_US
service_point.validation.service_type_key_wrong_length,A service type key must have length from %min% to %max% characters.,en_US
service_point.validation.service_type_key_is_not_unique,A service type with the same key already exists in request.,en_US
service_point.validation.service_type_name_exists,A service type with the same name already exists.,en_US
service_point.validation.service_type_name_wrong_length,A service type name must have length from %min% to %max% characters.,en_US
service_point.validation.service_type_name_is_not_unique,A service type with the same name already exists in request.,en_US
service_point.validation.service_type_entity_not_found,The service type entity was not found.,en_US
service_point.validation.service_poinst_service_key_exists,A service with the same key already exists.,en_US
service_point.validation.service_key_wrong_length,A service key must have length from %min% to %max% characters.,en_US
service_point.validation.service_key_is_not_unique,A service with the same key already exists in request.,en_US
service_point.validation.service_type_relation_already_exists,A service with defined relation of service point and service type already exists.,en_US
service_point.validation.service_type_relation_is_not_unique,A service with defined relation of service pint and service type already exists in request.,en_US
service_point.validation.service_entity_not_found,The service entity was not found.,en_US
service_point.validation.service_key_immutability,The service key is immutable.,en_US
service_point.validation.service_type_key_immutability,The service type key is immutable.,en_US
service_point.validation.service_key_exists,A service with the same key already exists.,en_US
service_points_rest_api.error.endpoint_not_found,The endpoint is not found.,en_US
service_points_rest_api.error.service_point_identifier_is_not_specified,The service point identifier is not specified.,en_US
service_point_widget.search,"Search for Store, zip code or city...",en_US
service_point_widget.select_store_action,Select store,en_US
service_point_widget.no_results,Nothing found...,en_US
service_point_cart.checkout.validation.error,"Selected service point ""%uuid%"" is not available for the store ""%store_name%""",en_US
service_point_widget.validation.error.service_point_not_selected,Please select service point.,en_US
service_point_widget.validation.error.billing_address_not_provided,Please add billing address manually.,en_US
service_point_widget.select_location_action,Select a service shop,en_US
service_point_widget.change_action,Change,en_US
service_point_widget.select_your_store_title,Select your store,en_US
service_point_widget.search,"Search for Store, zip code or city...",en_US
service_point_widget.select_store_action,Select store,en_US
service_point_widget.no_results,Nothing found...,en_US
shipment_type.name.shipment_type_delivery,Delivery,en_US
shipment_type.name.shipment_type_pickup,Pickup,en_US
shipment_type.validation.shipment_type_entity_not_found,A delivery type entity was not found.,en_US
shipment_type.validation.shipment_type_key_exists,A delivery type with the same key already exists.,en_US
shipment_type.validation.shipment_type_key_is_not_unique,At least two delivery types in this request have the same key.,en_US
shipment_type.validation.shipment_type_key_invalid_length,A delivery type key must have a length from %min% to %max% characters.,en_US
shipment_type.validation.shipment_type_name_invalid_length,A delivery type name must have a length from %min% to %max% characters.,en_US
shipment_type.validation.store_does_not_exist,A store with the name ‘%name%’ does not exist.,en_US
shipment_types_rest_api.error.shipment_type_not_available,"Selected delivery type ""%name%"" is not available.",en_US
merchant_product_offer.view_seller,View Seller,en_US
merchant_product_offer.sold_by,Sold by,en_US
product-offer.info.product-offer-inactive.removed,Inactive item %sku% was removed from your shopping cart.,en_US
product-offer.info.reference.invalid,Product offer reference not found for product with SKU '%sku%'.,en_US
product-offer.message.not-active-or-approved,Product offer not active for product with SKU '%sku%'.,en_US
merchant_product_offer_widget.merchant_name,Merchant,en_US
self_service_portal.asset.selector.label,Assign this item to an asset,en_US
self_service_portal.asset.selector.button,Select asset,en_US
self_service_portal.asset.modal.header,Assign asset,en_US
self_service_portal.asset.item.button,Assign,en_US
self_service_portal.asset.item.serial,Serial,en_US
self_service_portal.asset.selector.search_placeholder,"Search by name, reference or serial number",en_US
self_service_portal.asset.selector.no_assets_available,No assets available,en_US
self_service_portal.asset.selector.change,Change,en_US
self_service_portal.asset.compatibility.compatible,Compatible,en_US
self_service_portal.asset.compatibility.not_compatible,Not Compatible,en_US
cart.shipping,Shipping,en_US
self_service_portal.asset.assigned_asset,Assigned Asset,en_US
self_service_portal.asset.name,Asset Name,en_US
self_service_portal.asset.serial_number,Asset Serial number,en_US
self_service_portal.asset.compatibility,Asset Compatibility,en_US
self_service_portal.service.cancellation.error.no_items,No order items provided.,en_US
self_service_portal.service.cancel_service,Cancel Service,en_US
self_service_portal.service.cancellation.success,Service has been successfully cancelled.,en_US
self_service_portal.service.cancellation.error,Failed to cancel the service.,en_US
self_service_portal.service.validation.no_order_items_provided,No order items provided.,en_US
self_service_portal.service.validation.status_change_failed,The status change failed.,en_US
permission.name.DownloadCompanyFilesPermissionPlugin,Download file(s) ,en_US
permission.name.ViewCompanyFilesPermissionPlugin,View Company Files,en_US
permission.name.ViewCompanyUserFilesPermissionPlugin,View Files,en_US
permission.name.ViewCompanyBusinessUnitFilesPermissionPlugin,View Business unit files,en_US
permission.name.CreateSspInquiryPermissionPlugin,Create inquiry,en_US
permission.name.ViewCompanySspInquiryPermissionPlugin,View company inquiries,en_US
permission.name.ViewBusinessUnitSspInquiryPermissionPlugin,View business unit inquiries,en_US
permission.name.ViewDashboardPermissionPlugin,View Dashboard,en_US
self_service_portal.inquiry.success.created,Inquiry has been submitted successfully,en_US
self_service_portal.inquiry.type.label,Type,en_US
self_service_portal.inquiry.access.denied,Access denied.,en_US
self_service_portal.inquiry.success.canceled,Inquiry has been canceled.,en_US
self_service_portal.inquiry.cancel,Cancel inquiry,en_US
self_service_portal.inquiry.create.select_type,Select type,en_US
self_service_portal.inquiry.status.pending,Pending,en_US
self_service_portal.inquiry.status.in_review,In Review,en_US
self_service_portal.inquiry.status.approved,Approved,en_US
self_service_portal.inquiry.status.rejected,Rejected,en_US
self_service_portal.inquiry.status.canceled,Canceled,en_US
self_service_portal.inquiry.subject.label,Subject,en_US
self_service_portal.inquiry.mail.trans.ssp_inquiry_list_page,View Inquiries,en_US
self_service_portal.inquiry.mail.trans.ssp_inquiry_approved.salutation,Hello %name%,en_US
self_service_portal.inquiry.mail.trans.ssp_inquiry_approved.subject,The status of your inquiry %reference% has been changed.,en_US
self_service_portal.inquiry.mail.trans.ssp_inquiry_approved.main_text,Your inquiry %reference% was approved.,en_US
self_service_portal.inquiry.mail.trans.ssp_inquiry_rejected.salutation,Hello %name%,en_US
self_service_portal.inquiry.mail.trans.ssp_inquiry_rejected.subject,The status of your inquiry %reference% has been changed.,en_US
self_service_portal.inquiry.mail.trans.ssp_inquiry_rejected.main_text,Your inquiry %reference% was rejected.,en_US
self_service_portal.inquiry.description.label,Description,en_US
self_service_portal.inquiry.files.label,File Upload,en_US
self_service_portal.inquiry.type.general,General,en_US
self_service_portal.inquiry.type.order,Order Claim,en_US
customer.account.ssp_inquiries,Inquiries,en_US
customer.ssp_inquiries.access_level.placeholder,Select access level,en_US
customer.ssp_inquiries.search.placeholder,Search by reference or description,en_US
customer.ssp_inquiries.access_level.company_inquiries,Company inquiries,en_US
customer.ssp_inquiries.search.label,Search,en_US
customer.ssp_inquiries.search.placeholder,Search by reference or subject,en_US
customer.ssp_inquiries.access_level.label,Access Level,en_US
customer.ssp_inquiries.access_level.my_inquiries,My inquiries,en_US
customer.self_service_portal.inquiry.create_ssp_inquiry,Create inquiry,en_US
self_service_portal.inquiry.validation.type.invalid,Invalid inquiry type.,en_US
self_service_portal.inquiry.list.widget.title,Inquiries,en_US
customer.self_service_portal.inquiry.list,Inquiries,en_US
self_service_portal.inquiry.file.file_not_found,File not found,en_US
self_service_portal.inquiry.file.mime_type.error,Invalid file format.,en_US
self_service_portal.inquiry.validation.company_user.not_set,Company user is missing.,en_US
self_service_portal.inquiry.validation.type.not_set,Inquiry type is missing.,en_US
self_service_portal.inquiry.validation.subject.not_set,Inquiry subject is missing.,en_US
self_service_portal.inquiry.validation.description.not_set,Inquiry description is missing.,en_US
self_service_portal.inquiry.error.file.format.invalid,An array of files is expected.,en_US
self_service_portal.inquiry.error.file.count.invalid,Invalid number of files. Maximum number of files: {{ limit }},en_US
self_service_portal.inquiry.error.file.size.invalid,"Invalid total file size. The maximum allowed size for all files is %maxSize%, but %size% was uploaded.",en_US
self_service_portal.inquiry.error.status_change,The status change failed.,en_US
self_service_portal.inquiry.submit.button,Submit inquiry,en_US
customer.self_service_portal.inquiry.create.button,Create inquiry,en_US
customer.self_service_portal.inquiry.all_ssp_inquiries,Inquiries,en_US
customer.self_service_portal.inquiry.list.reference,Reference,en_US
customer.self_service_portal.inquiry.list.type,Type,en_US
customer.self_service_portal.inquiry.list.subject,Subject,en_US
customer.self_service_portal.inquiry.list.owner,Owner,en_US
customer.self_service_portal.inquiry.list.date_created,Date,en_US
customer.self_service_portal.inquiry.list.status,Status,en_US
self_service_portal.inquiry.list.filter.type.placeholder,Select type,en_US
self_service_portal.inquiry.list.filter.type.label,Type,en_US
self_service_portal.inquiry.list.filter.status.placeholder,Select status,en_US
self_service_portal.inquiry.list.filter.status.label,Status,en_US
customer.account.no_ssp_inquiries,You do not have inquiries yet.,en_US
customer.self_service_portal.inquiry.view_ssp_inquiry,View,en_US
self_service_portal.service.validation.no_order_items_provided,No order items provided.,en_US
self_service_portal.service.validation.order_not_found,Order with ID %id% not found.,en_US
self_service_portal.service.validation.no_payment_methods_found,No payment methods found for this order.,en_US
self_service_portal.service.list.search_placeholder,Search,en_US
self_service_portal.service.list.search_button,Search,en_US
self_service_portal.service.list.title,Services,en_US
self_service_portal.service.list.order_reference,Order Reference,en_US
self_service_portal.service.list.product_name,Service Name,en_US
self_service_portal.service.list.service_sku,SKU,en_US
self_service_portal.service.list.scheduled_at,Time and Date,en_US
self_service_portal.service.list.created_at,Created At,en_US
self_service_portal.service.list.empty,You don't have any services yet.,en_US
self_service_portal.service.list.widget.title,Services,en_US
self_service_portal.service.list.state,State,en_US
self_service_portal.service.list.reset_button,Reset,en_US
self_service_portal.service.list.my_services,My Services,en_US
self_service_portal.service.list.business_unit_services,Business Unit Services,en_US
self_service_portal.service.list.company_services,Company Services,en_US
self_service_portal.service.update_scheduled_time,Change scheduled time,en_US
self_service_portal.service.update_scheduled_time.service.sku,SKU,en_US
self_service_portal.service.update_scheduled_time.service.name,Name,en_US
self_service_portal.service.update_scheduled_time.service.quantity,Quantity,en_US
self_service_portal.service.update_scheduled_time.service.state,State,en_US
self_service_portal.service.update_scheduled_time.title,Update Service Scheduled Time,en_US
self_service_portal.service.update_scheduled_time.success,Order item rescheduled successfully.,en_US
self_service_portal.service.update_scheduled_time.order_item_details,Order Item Details,en_US
self_service_portal.service.update_scheduled_time.button.save,Save,en_US
self_service_portal.service.update_scheduled_time.button.cancel,Cancel,en_US
self_service_portal.service.update_scheduled_time.error.order_item_not_found,Order item with uuid %uuid% not found.,en_US
self_service_portal.service.list.field.business_unit,Access Level,en_US
self_service_portal.service.list.button.view,View,en_US
self_service_portal.company_file.table.header.file_reference,Reference,en_US
self_service_portal.company_file.table.header.file_name,File Name,en_US
self_service_portal.company_file.table.header.file_type,File Format,en_US
self_service_portal.company_file.table.header.file_created_at,Date Added,en_US
self_service_portal.company_file.table.header.file_size,Size,en_US
self_service_portal.company_file.table.header.actions,Actions,en_US
self_service_portal.company_file.table.actions.download,Download,en_US
self_service_portal.company_file,Files,en_US
self_service_portal.company_file.view.empty,You do not have any files yet.,en_US
self_service_portal.company_file.file_search_filter_form.field.type.placeholder,Select type,en_US
self_service_portal.company_file.file_search_filter_form.field.type.label,Type,en_US
self_service_portal.company_file.file_search_filter_form.field.date_from.label,Date From,en_US
self_service_portal.company_file.file_search_filter_form.field.date_to.label,Date To,en_US
self_service_portal.company_file.file_search_filter_form.field.access_level.placeholder,Select access level,en_US
self_service_portal.company_file.file_search_filter_form.field.access_level.label,Access Level,en_US
self_service_portal.company_file.file_search_filter_form.field.search.label,Search,en_US
self_service_portal.company_file.file_search_filter_form.field.reset_all.label,Reset All,en_US
self_service_portal.company_file.file_search_filter_form.label.active_filters,Active Filters:,en_US
self_service_portal.company_file.file_search_filter_form.field.type.company,Company Files,en_US
self_service_portal.company_file.file_search_filter_form.field.type.company_user,Files,en_US
self_service_portal.company_file.file_search_filter_form.field.type.company_business_unit,Business unit files,en_US
customer.ssp_inquiries.date_from,Date from,en_US
customer.ssp_inquiries.date_to,Date to,en_US
customer.account.ssp_inquiry.details,Inquiry,en_US
customer.ssp_inquiry.details.reference,Reference,en_US
customer.ssp_inquiry.details.date,Date,en_US
customer.ssp_inquiry.details.status,Status,en_US
customer.ssp_inquiry.details,Inquiry Details,en_US
customer.ssp_inquiry.details.type,Type,en_US
customer.ssp_inquiry.details.subject,Subject,en_US
customer.ssp_inquiry.details.description,Description,en_US
customer.ssp_inquiry.owner,Owner,en_US
customer.ssp_inquiry.details.first_name,First Name,en_US
customer.ssp_inquiry.details.last_name,Last Name,en_US
customer.ssp_inquiry.details.email,E-mail,en_US
customer.ssp_inquiry.details.company,Company / Business Unit,en_US
customer.ssp_inquiry.details.file.name,File name,en_US
customer.ssp_inquiry.details.file.size,Size,en_US
customer.ssp_inquiry.details.file.extension,Type,en_US
customer.ssp_inquiry.details.file.download,Download,en_US
ssp_inquiry.file.unavailable,File is not available,en_US
customer.ssp_inquiry.details.files,Files,en_US
ssp_inquiry.order.create_ssp_inquiry,Inquiry,en_US
ssp_inquiry.order_reference.label,Order Reference,en_US
customer.ssp_inquiry.details.order_reference,Order Reference,en_US
ssp_inquiry.error.company_user_not_found,Company user not found.,en_US
ssp_inquiry.type.general-question,General Question,en_US
ssp_inquiry.type.general-ssp_inquiry,General Inquiry,en_US
ssp_dashboard.index.widget.title,Dashboard,en_US
ssp_dashboard.general.view_all,View All,en_US
ssp_dashboard.general.welcome,"Welcome, %name%",en_US
ssp_dashboard.overview.title,My Overview,en_US
ssp_dashboard.general.ssp_assets,Assets,en_US
ssp_dashboard.general.inquiries,Pending Inquiries,en_US
ssp_dashboard.general.services,Planned Services,en_US
ssp_dashboard.representatives.title,Service Representatives,en_US
ssp_dashboard.general.no_data,There is no data yet,en_US
ssp_dashboard.general.news,News & Events,en_US
dashboard.access.denied,Access denied.,en_US
customer.account.files,Files,en_US
customer.account.no_files,No Files,en_US
customer.account.no_ssp_booked_services,You do not have booked services yet.,en_US
dashboard.overview.not_applicable,n/a,en_US
product.filter.product-abstract-types,Product Abstract Types,en_US
self_service_portal.asset.access.denied,Access denied.,en_US
self_service_portal.asset.access.status.restricted,Restricted access.,en_US
self_service_portal.service.checkout.item_count,Number of Items,en_US
ssp-service-management.info.service-without-shipment-type.removed,Service item %sku% without shipment type has been removed,en_US
product.filter.product-class-names,Product Class,en_US
customer.account.ssp_services,Services,en_US
customer.account.no_ssp_services,There are no services at the moment,en_US
customer.ssp_service.order.reference,Order Reference,en_US
customer.ssp_service.customer,Customer,en_US
customer.ssp_service.company,Company,en_US
customer.ssp_service.service,Service,en_US
customer.ssp_service.created_at,Date created,en_US
customer.ssp_service.status,Status,en_US
customer.ssp_service.scheduled_at,Time and Date,en_US
customer.ssp_service.actions,Actions,en_US
customer.ssp_service.view_ssp_service,View,en_US
ssp_inquiry.mail.trans.ssp_inquiry_approved.main_text,Your inquiry %reference% was approved.,en_US
ssp_inquiry.mail.trans.ssp_inquiry_list_page,View Inquiries,en_US
ssp_asset.validation.cannot_delete_own_assignment,You cannot delete your own assignment.,en_US
permission.name.DownloadCompanyFilesPermissionPlugin,Download file(s) ,en_US
permission.name.ViewCompanyFilesPermissionPlugin,View company files,en_US
permission.name.ViewCompanyUserFilesPermissionPlugin,View my files,en_US
permission.name.ViewCompanyBusinessUnitFilesPermissionPlugin,View business unit files,en_US
permission.name.CreateSspInquiryPermissionPlugin,Create inquiry,en_US
permission.name.ViewCompanySspInquiryPermissionPlugin,View company inquiries,en_US
permission.name.ViewBusinessUnitSspInquiryPermissionPlugin,View business unit inquiries,en_US
permission.name.ViewDashboardPermissionPlugin,View dashboard,en_US
permission.name.ViewCompanySspAssetPermissionPlugin,View company assets,en_US
permission.name.ViewBusinessUnitSspAssetPermissionPlugin,View business unit assets,en_US
permission.name.CreateSspAssetPermissionPlugin,Create assets,en_US
permission.name.UpdateSspAssetPermissionPlugin,Update assets,en_US
permission.name.UnassignSspAssetPermissionPlugin,Unassign business unit ssp assets,en_US
ssp_dashboard.overview.not_applicable,n/a,en_US
self_service_portal.asset.form.image.description,Max up to %size%. Allowed file formats %format%,en_US
self_service_portal.asset.form.name.validation.min,Name must be at least 3 characters long.,en_US
self_service_portal.asset.validation.name.not_set,Asset name must be provided,en_US
self_service_portal.asset.validation.business_unit.not_set,Business unit must be provided,en_US
self_service_portal.asset.validation.company_business_unit.not_set,Company business unit must be provided,en_US
self_service_portal.asset.validation.assets_not_provided,No assets were provided,en_US
self_service_portal.asset.validation.id_not_provided,Asset ID was not provided,en_US
self_service_portal.asset.validation.not_found,Asset was not found,en_US
self_service_portal.asset.list.widget.title,Assets,en_US
self_service_portal.asset.create.title,Create Asset,en_US
self_service_portal.asset.list.title,Assets,en_US
self_service_portal.asset.submit.button,Save,en_US
self_service_portal.asset.success.created,Asset has been successfully created,en_US
self_service_portal.asset.error.create,Asset creation failed,en_US
self_service_portal.asset.form.name,Name,en_US
self_service_portal.asset.form.serial_number,Serial number,en_US
self_service_portal.asset.form.note,Note,en_US
self_service_portal.asset.form.image,Image,en_US
self_service_portal.asset.form.image.mime_type_error,Invalid file format. Allowed file formats: {{ types }},en_US
self_service_portal.asset.form.external_image_url,External Image URL,en_US
self_service_portal.asset.form.external_image_url.note,"Note: If no image is uploaded locally, the asset will use the image from the provided URL.",en_US
self_service_portal.asset.update.title,Edit Asset,en_US
self_service_portal.asset.details.reference,Asset Reference,en_US
self_service_portal.asset.cancel.button,Cancel,en_US
self_service_portal.asset.details.created_date,Date added,en_US
self_service_portal.asset.details.owner,Business unit owner,en_US
self_service_portal.asset.details.confirm_delete_title,Confirm delete,en_US
self_service_portal.asset.details.confirm_delete_body,Are you sure you want to delete the image?,en_US
self_service_portal.asset.success.updated,Asset has been successfully updated,en_US
self_service_portal.asset.image.requirements,Upload image requirements,en_US
self_service_portal.asset.image.upload,Upload Image,en_US
self_service_portal.asset.details_page.search_service,Search services,en_US
self_service_portal.asset.details_page.name,Name,en_US
self_service_portal.asset.details_page.serial_number,Serial number,en_US
self_service_portal.asset.details_page.note,Note,en_US
self_service_portal.asset.details_page.reference,Reference,en_US
self_service_portal.asset.details_page.confirm_unassign_title,Confirm delete,en_US
self_service_portal.asset.details_page.confirm_unassign_body,Unassign this asset from the business unit. Do you want to proceed?,en_US
self_service_portal.asset.details_page.confirm_unassign_in_review,Asset is in Review. You can delete it after it is approved.,en_US
self_service_portal.asset.details_page.unassign,Unassign,en_US
self_service_portal.inquiry.type.ssp_asset,Asset,en_US
customer.self_service_portal.inquiry.details.ssp_asset_reference,Asset Reference,en_US
customer.self_service_portal.inquiry.ssp_asset.details,Asset Details,en_US
customer.self_service_portal.inquiry.details.ssp_asset_not_available,Asset not available,en_US
self_service_portal.asset.error.reference_not_found,Asset reference not found,en_US
self_service_portal.asset.error.company_user_not_found,Company user not found,en_US
customer.self_service_portal.inquiry.create.button,Create inquiry,en_US
self_service_portal.inquiry.ssp_asset_reference.label,Asset Reference,en_US
customer.self_service_portal.inquiry.details.ssp_asset_name,Asset Name,en_US
customer.account.ssp_assets,My Assets,en_US
customer.account.ssp_asset,Asset,en_US
customer.ssp_asset.list.reference,Reference,en_US
customer.ssp_asset.list.name,Asset Name,en_US
customer.ssp_asset.list.serial_number,Serial number,en_US
customer.ssp_asset.list.date_added,Date added,en_US
customer.ssp_asset.view_ssp_asset,View,en_US
customer.ssp_asset.create.button,Create asset,en_US
customer.account.no_ssp_assets,You do not have any assets yet.,en_US
company.error.company_user_not_found,Company user not found,en_US
customer.ssp_asset.list.business_unit,Business Unit,en_US
customer.ssp_asset.list.image,Image,en_US
self_service_portal.asset.details_page.created_date,Date added,en_US
self_service_portal.asset.details_page.owner,Business unit owner,en_US
self_service_portal.asset.details_page.undefined,Undefined,en_US
self_service_portal.asset.success.business_unit_relation_updated,Business unit has been successfully unassigned from the asset,en_US
self_service_portal.asset.details_page.status,Status,en_US
self_service_portal.asset.details.status,Status,en_US
self_service_portal.asset.status.pending,Pending,en_US
self_service_portal.asset.status.approved,Approved,en_US
self_service_portal.asset.status.in_review,In Review,en_US
self_service_portal.asset.status.declined,Declined,en_US
customer.ssp_asset.list.business_unit,Business Unit Owner,en_US
self_service_portal.asset.information.assigned_bu,Assigned business units,en_US
customer.ssp_asset.filter.scope,Access level,en_US
customer.ssp_asset.filter.scope.placeholder,Select access level,en_US
customer.ssp_asset.filter_by_business_unit,My business unit assets,en_US
customer.ssp_asset.filter_by_company,Company Assets,en_US
self_service_portal.asset.error.cannot_unassign_own_business_unit,You cannot unassign your own business unit from the asset,en_US
self_service_portal.search_filter_form.label.active_filters,Active filters:,en_US
self_service_portal.search_filter_form.field.reset_all.label,Reset all,en_US
general.fileUpload.upload,Upload,en_US
self_service_portal.service.product.no_shipment_types_available,No shipping types available for this product.,en_US
self_service_portal.service.product.shipment_types,Shipment Types,en_US
self_service_portal.service.product.select_service_point,Select a service point,en_US
self_service_portal.service.product.service_point_required,A service point is required for this product,en_US
self_service_portal.service.cart_item.service_point.name,Service point,en_US
self_service_portal.service.product.service_date_time,Choose your preferred date and time slot,en_US
self_service_portal.service.product.label.service_date_time,Service date and time,en_US
product.filter.product-abstract-types,Product Abstract Types,en_US
self_service_portal.asset.access.denied,Access denied.,en_US
self_service_portal.asset.access.status.restricted,Restricted access.,en_US
self_service_portal.service.checkout.item_count,Number of Items,en_US
ssp-service-management.info.service-without-shipment-type.removed,Service item %sku% without shipment type has been removed,en_US
self_service_portal.service.cart_item.scheduled_at,Service Date and time,en_US
self_service_portal.customer_navigation.title,Self-Service,en_US
customer.customer_navigation.title,Account & Shopping,en_US
forms.apply-btn,Apply,en_US
customer.account.button.filters,Filters,en_US
general.fileUpload.description,Maximum of %amount% files (%format%) up to %size%,en_US
customer.account.self_service_portal.inquiry.details,Inquiry,en_US
customer.self_service_portal.inquiry.details.reference,Reference,en_US
self_service_portal.company_file.file_search_filter_form.field.type.company,Company Files,en_US
self_service_portal.company_file.file_search_filter_form.field.type.company_user,Files,en_US
self_service_portal.company_file.file_search_filter_form.field.type.company_business_unit,Business unit files,en_US
customer.self_service_portal.inquiry.details.date,Date,en_US
customer.self_service_portal.inquiry.details.status,Status,en_US
customer.self_service_portal.inquiry.details,Inquiry Details,en_US
customer.self_service_portal.inquiry.details.type,Type,en_US
customer.self_service_portal.inquiry.details.subject,Subject,en_US
customer.self_service_portal.inquiry.details.description,Description,en_US
customer.self_service_portal.inquiry.owner,Owner,en_US
customer.self_service_portal.inquiry.details.first_name,First Name,en_US
customer.self_service_portal.inquiry.details.last_name,Last Name,en_US
customer.self_service_portal.inquiry.details.email,E-mail,en_US
customer.self_service_portal.inquiry.details.company,Company / Business Unit,en_US
customer.self_service_portal.inquiry.details.file.name,File name,en_US
customer.self_service_portal.inquiry.details.file.size,Size,en_US
customer.self_service_portal.inquiry.details.file.extension,Type,en_US
customer.self_service_portal.inquiry.details.file.download,Download,en_US
customer.self_service_portal.inquiry.details.files,Files,en_US
customer.self_service_portal.inquiry.details.order_reference,Order Reference,en_US
self_service_portal.inquiry.error.company_user_not_found,Company user not found.,en_US
self_service_portal.inquiry.type.general-question,General Question,en_US
self_service_portal.inquiry.type.general-ssp_inquiry,General Inquiry,en_US
self_service_portal.inquiry.order.create_ssp_inquiry,Inquiry,en_US
self_service_portal.inquiry.order_reference.label,Order Reference,en_US
self_service_portal.inquiry.file.unavailable,File is not available,en_US
customer.ssp_inquiry.create.button,Create inquiry,en_US
ssp_asset.details_page.search_service,Search services,en_US
general.confirm.button,Confirm,en_US
product_offer_service_point_availability_widget.all_items_not_available,Not available.,en_US
product_offer_service_point_availability_widget.all_items_available,All items are available.,en_US
shipment_type.name.shipment_type_in-center-service,In-Center Service,en_US
ssp_asset_management.ssp_asset_search_filter_form.label.active_filters,Active filters:,en_US
self_service_portal.asset.business_unit_unassignment.denied,You cannot unassign business unit from asset.,en_US
self_service_portal.asset.business_unit_assignment.denied,You cannot assign business unit to asset.,en_US
general.fileUpload.mb,MB,en_US
customer.address.single_address_per_shipment_type,Set same address for all products,en_US
service_point_widget.location_label,Location:,en_US
self_service_portal.company_file.file_search_filter_form.field.business_entity.label,Access Level,en_US
self_service_portal.company_file.file_search_filter_form.field.ssp_asset_entity.label,Filter by Asset,en_US
self_service_portal.company_file.file_attachment_type.all,All available files,en_US
self_service_portal.company_file.file_attachment_business_type.none,Don’t show Business entity files,en_US
self_service_portal.company_file.file_attachment_ssp_asset_type.none,Don’t show Asset entity files,en_US
self_service_portal.company_file.file_attachment_type.company_user,My Files,en_US
self_service_portal.company_file.file_attachment_type.company,Company Files,en_US
self_service_portal.company_file.file_attachment_type.all,All available files,en_US
self_service_portal.company_file.file_attachment_ssp_asset_type.none,Don't show Asset files,en_US
self_service_portal.company_file.file_attachment_business_type.none,Don't show Business unit files,en_US
customer.account.ssp_booked_services,Booked Services,en_US
customer.self_service_portal.service.list.product_name,Product Name,en_US
customer.self_service_portal.service.list.order_reference,Order Reference,en_US
customer.self_service_portal.service.list.scheduled_at,Date and Time,en_US
customer.self_service_portal.service.list.status,Status,en_US
ssp_dashboard.general.booked_services,Booked Services,en_US
permission.name.ViewCompanySspServicePermissionPlugin,View Company Services,en_US
permission.name.ViewBusinessUnitSspServicePermissionPlugin,View Business Unit Services,en_US
self_service_portal.asset_filter.title,Filter by asset,en_US
self_service_portal.asset_filter.description,Filter items based on your assets,en_US
self_service_portal.asset_filter.select_label,Select My Assets,en_US
self_service_portal.asset_filter.serial_label,Serial:,en_US
self_service_portal.asset_filter.change,Change Asset,en_US
self_service_portal.asset_filter.clear,Clear,en_US
self_service_portal.ssp_asset.details_page.catalog,Shop Spare Parts,en_US
catalog.ssp.itemsFound,%num_found% items found for %ssp_asset_name%,en_US
self_service_portal.asset.selector.button,Select asset,en_US
self_service_portal.asset.modal.header,Assign asset,en_US
self_service_portal.asset.item.button,Assign,en_US
self_service_portal.asset.item.serial,Serial,en_US
self_service_portal.asset.error.attach_to_cart_item,Asset cannot be added to cart.,en_US
self_service_portal.ssp_asset.success.attached_to_cart,Asset has been successfully updated for item %sku%.,en_US
global.search.results.no_query,Search Results,en_US
self_service_portal.order.service.cancel.title,Cancel Service?,en_US
self_service_portal.order.service.cancel.description,You are about to cancel %name% (SKU: %sku%),en_US
self_service_portal.order.service.cancel.keep,Keep Service,en_US
self_service_portal.asset.error.not-found,Asset not found,en_US
self_service_portal.asset.validation.unknown_error,An unexpected error occurred while processing your asset,en_US
self_service_portal.inquiry.error.not-found,Inquiry not found,en_US
self_service_portal.inquiry.validation.unknown_error,An unexpected error occurred while processing your inquiry,en_US
service_point.validation.service_point_key_exists,A service point with the same key already exists.,en_US
service_point.validation.service_point_key_is_not_unique,A service point with the same key already exists in request.,en_US
service_point.validation.service_point_key_wrong_length,A service point key must have length from %min% to %max% characters.,en_US
service_point.validation.service_point_name_wrong_length,A service point name must have length from %min% to %max% characters.,en_US
service_point.validation.store_does_not_exist,Store with name '%name%' does not exist.,en_US
service_point.validation.service_point_entity_not_found,Service point entity was not found.,en_US
service_point.validation.wrong_request_body,Wrong request body.,en_US
service_point.validation.country_entity_not_found,Country with iso2 code '%iso2Code%' does not exist.,en_US
service_point.validation.region_entity_not_found,Region with uuid '%uuid%' does not exist for country with iso2 code '%countryIso2Code%'.,en_US
service_point.validation.service_point_address_address1_wrong_length,Service Point Address Input address1 must have a length of %min% to %max% characters.,en_US
service_point.validation.service_point_address_address2_wrong_length,Service Point Address Input address2 must have a length of %min% to %max% characters.,en_US
service_point.validation.service_point_address_address3_wrong_length,Service Point Address Input address3 must have a length of %min% to %max% characters.,en_US
service_point.validation.service_point_address_city_wrong_length,A service point address city must have length from %min% to %max% characters.,en_US
service_point.validation.service_point_address_entity_not_found,Service point address entity was not found.,en_US
service_point.validation.service_point_address_zip_code_wrong_length,A service point address zip code must have length from %min% to %max% characters.,en_US
service_point.validation.service_point_address_already_exists,A service point address for the service point already exists.,en_US
service_point.validation.service_point_uuid_is_not_unique,A service point with the same uuid already exists in request.,en_US
service_point.validation.service_type_key_exists,A service type with the same key already exists.,en_US
service_point.validation.service_type_key_wrong_length,A service type key must have length from %min% to %max% characters.,en_US
service_point.validation.service_type_key_is_not_unique,A service type with the same key already exists in request.,en_US
service_point.validation.service_type_name_exists,A service type with the same name already exists.,en_US
service_point.validation.service_type_name_wrong_length,A service type name must have length from %min% to %max% characters.,en_US
service_point.validation.service_type_name_is_not_unique,A service type with the same name already exists in request.,en_US
service_point.validation.service_type_entity_not_found,The service type entity was not found.,en_US
service_point.validation.service_poinst_service_key_exists,A service with the same key already exists.,en_US
service_point.validation.service_key_wrong_length,A service key must have length from %min% to %max% characters.,en_US
service_point.validation.service_key_is_not_unique,A service with the same key already exists in request.,en_US
service_point.validation.service_type_relation_already_exists,A service with defined relation of service point and service type already exists.,en_US
service_point.validation.service_type_relation_is_not_unique,A service with defined relation of service pint and service type already exists in request.,en_US
service_point.validation.service_entity_not_found,The service entity was not found.,en_US
service_point.validation.service_key_immutability,The service key is immutable.,en_US
service_point.validation.service_type_key_immutability,The service type key is immutable.,en_US
service_point.validation.service_key_exists,A service with the same key already exists.,en_US
service_points_rest_api.error.endpoint_not_found,The endpoint is not found.,en_US
service_points_rest_api.error.service_point_identifier_is_not_specified,The service point identifier is not specified.,en_US
service_point_widget.search,"Search for Store, zip code or city...",en_US
service_point_widget.select_store_action,Select store,en_US
service_point_widget.no_results,Nothing found...,en_US
service_point_cart.checkout.validation.error,"Selected service point ""%uuid%"" is not available for the store ""%store_name%""",en_US
service_point_widget.validation.error.service_point_not_selected,Please select service point.,en_US
service_point_widget.validation.error.billing_address_not_provided,Please add billing address manually.,en_US
service_point_widget.select_location_action,Select a service shop,en_US
service_point_widget.change_action,Change,en_US
service_point_widget.select_your_store_title,Select your store,en_US
service_point_widget.search,"Search for Store, zip code or city...",en_US
service_point_widget.select_store_action,Select store,en_US
service_point_widget.no_results,Nothing found...,en_US
shipment_type.name.shipment_type_delivery,Delivery,en_US
shipment_type.name.shipment_type_pickup,Pickup,en_US
shipment_type.validation.shipment_type_entity_not_found,A delivery type entity was not found.,en_US
shipment_type.validation.shipment_type_key_exists,A delivery type with the same key already exists.,en_US
shipment_type.validation.shipment_type_key_is_not_unique,At least two delivery types in this request have the same key.,en_US
shipment_type.validation.shipment_type_key_invalid_length,A delivery type key must have a length from %min% to %max% characters.,en_US
shipment_type.validation.shipment_type_name_invalid_length,A delivery type name must have a length from %min% to %max% characters.,en_US
shipment_type.validation.store_does_not_exist,A store with the name ‘%name%’ does not exist.,en_US
shipment_types_rest_api.error.shipment_type_not_available,"Selected delivery type ""%name%"" is not available.",en_US
merchant_product_offer.view_seller,View Seller,en_US
merchant_product_offer.sold_by,Sold by,en_US
product-offer.info.product-offer-inactive.removed,Inactive item %sku% was removed from your shopping cart.,en_US
product-offer.info.reference.invalid,Product offer reference not found for product with SKU '%sku%'.,en_US
product-offer.message.not-active-or-approved,Product offer not active for product with SKU '%sku%'.,en_US
merchant_product_offer_widget.merchant_name,Merchant,en_US
self_service_portal.asset.selector.label,Assign this item to an asset,en_US
self_service_portal.asset.selector.button,Select asset,en_US
self_service_portal.asset.modal.header,Assign asset,en_US
self_service_portal.asset.item.button,Assign,en_US
self_service_portal.asset.item.serial,Serial,en_US
self_service_portal.asset.selector.search_placeholder,"Search by name, reference or serial number",en_US
self_service_portal.asset.selector.no_assets_available,No assets available,en_US
self_service_portal.asset.selector.change,Change,en_US
self_service_portal.asset.compatibility.compatible,Compatible,en_US
self_service_portal.asset.compatibility.not_compatible,Not Compatible,en_US
cart.shipping,Shipping,en_US
self_service_portal.asset.assigned_asset,Assigned Asset,en_US
self_service_portal.asset.name,Asset Name,en_US
self_service_portal.asset.serial_number,Asset Serial number,en_US
self_service_portal.asset.compatibility,Asset Compatibility,en_US
self_service_portal.service.cancellation.error.no_items,No order items provided.,en_US
self_service_portal.service.cancel_service,Cancel Service,en_US
self_service_portal.service.cancellation.success,Service has been successfully cancelled.,en_US
self_service_portal.service.cancellation.error,Failed to cancel the service.,en_US
self_service_portal.service.validation.no_order_items_provided,No order items provided.,en_US
self_service_portal.service.validation.status_change_failed,The status change failed.,en_US
permission.name.DownloadCompanyFilesPermissionPlugin,Download file(s) ,en_US
permission.name.ViewCompanyFilesPermissionPlugin,View Company Files,en_US
permission.name.ViewCompanyUserFilesPermissionPlugin,View Files,en_US
permission.name.ViewCompanyBusinessUnitFilesPermissionPlugin,View Business unit files,en_US
permission.name.CreateSspInquiryPermissionPlugin,Create inquiry,en_US
permission.name.ViewCompanySspInquiryPermissionPlugin,View company inquiries,en_US
permission.name.ViewBusinessUnitSspInquiryPermissionPlugin,View business unit inquiries,en_US
permission.name.ViewDashboardPermissionPlugin,View Dashboard,en_US
self_service_portal.inquiry.success.created,Inquiry has been submitted successfully,en_US
self_service_portal.inquiry.type.label,Type,en_US
self_service_portal.inquiry.access.denied,Access denied.,en_US
self_service_portal.inquiry.success.canceled,Inquiry has been canceled.,en_US
self_service_portal.inquiry.cancel,Cancel inquiry,en_US
self_service_portal.inquiry.create.select_type,Select type,en_US
self_service_portal.inquiry.status.pending,Pending,en_US
self_service_portal.inquiry.status.in_review,In Review,en_US
self_service_portal.inquiry.status.approved,Approved,en_US
self_service_portal.inquiry.status.rejected,Rejected,en_US
self_service_portal.inquiry.status.canceled,Canceled,en_US
self_service_portal.inquiry.subject.label,Subject,en_US
self_service_portal.inquiry.mail.trans.ssp_inquiry_list_page,View Inquiries,en_US
self_service_portal.inquiry.mail.trans.ssp_inquiry_approved.salutation,Hello %name%,en_US
self_service_portal.inquiry.mail.trans.ssp_inquiry_approved.subject,The status of your inquiry %reference% has been changed.,en_US
self_service_portal.inquiry.mail.trans.ssp_inquiry_approved.main_text,Your inquiry %reference% was approved.,en_US
self_service_portal.inquiry.mail.trans.ssp_inquiry_rejected.salutation,Hello %name%,en_US
self_service_portal.inquiry.mail.trans.ssp_inquiry_rejected.subject,The status of your inquiry %reference% has been changed.,en_US
self_service_portal.inquiry.mail.trans.ssp_inquiry_rejected.main_text,Your inquiry %reference% was rejected.,en_US
self_service_portal.inquiry.description.label,Description,en_US
self_service_portal.inquiry.files.label,File Upload,en_US
self_service_portal.inquiry.type.general,General,en_US
self_service_portal.inquiry.type.order,Order Claim,en_US
customer.account.ssp_inquiries,Inquiries,en_US
customer.ssp_inquiries.access_level.placeholder,Select access level,en_US
customer.ssp_inquiries.search.placeholder,Search by reference or description,en_US
customer.ssp_inquiries.access_level.company_inquiries,Company inquiries,en_US
customer.ssp_inquiries.search.label,Search,en_US
customer.ssp_inquiries.search.placeholder,Search by reference or subject,en_US
customer.ssp_inquiries.access_level.label,Access Level,en_US
customer.ssp_inquiries.access_level.my_inquiries,My inquiries,en_US
customer.self_service_portal.inquiry.create_ssp_inquiry,Create inquiry,en_US
self_service_portal.inquiry.validation.type.invalid,Invalid inquiry type.,en_US
self_service_portal.inquiry.list.widget.title,Inquiries,en_US
customer.self_service_portal.inquiry.list,Inquiries,en_US
self_service_portal.inquiry.file.file_not_found,File not found,en_US
self_service_portal.inquiry.file.mime_type.error,Invalid file format.,en_US
self_service_portal.inquiry.validation.company_user.not_set,Company user is missing.,en_US
self_service_portal.inquiry.validation.type.not_set,Inquiry type is missing.,en_US
self_service_portal.inquiry.validation.subject.not_set,Inquiry subject is missing.,en_US
self_service_portal.inquiry.validation.description.not_set,Inquiry description is missing.,en_US
self_service_portal.inquiry.error.file.format.invalid,An array of files is expected.,en_US
self_service_portal.inquiry.error.file.count.invalid,Invalid number of files. Maximum number of files: {{ limit }},en_US
self_service_portal.inquiry.error.file.size.invalid,"Invalid total file size. The maximum allowed size for all files is %maxSize%, but %size% was uploaded.",en_US
self_service_portal.inquiry.error.status_change,The status change failed.,en_US
self_service_portal.inquiry.submit.button,Submit inquiry,en_US
customer.self_service_portal.inquiry.create.button,Create inquiry,en_US
customer.self_service_portal.inquiry.all_ssp_inquiries,Inquiries,en_US
customer.self_service_portal.inquiry.list.reference,Reference,en_US
customer.self_service_portal.inquiry.list.type,Type,en_US
customer.self_service_portal.inquiry.list.subject,Subject,en_US
customer.self_service_portal.inquiry.list.owner,Owner,en_US
customer.self_service_portal.inquiry.list.date_created,Date,en_US
customer.self_service_portal.inquiry.list.status,Status,en_US
self_service_portal.inquiry.list.filter.type.placeholder,Select type,en_US
self_service_portal.inquiry.list.filter.type.label,Type,en_US
self_service_portal.inquiry.list.filter.status.placeholder,Select status,en_US
self_service_portal.inquiry.list.filter.status.label,Status,en_US
customer.account.no_ssp_inquiries,You do not have inquiries yet.,en_US
customer.self_service_portal.inquiry.view_ssp_inquiry,View,en_US
self_service_portal.service.validation.no_order_items_provided,No order items provided.,en_US
self_service_portal.service.validation.order_not_found,Order with ID %id% not found.,en_US
self_service_portal.service.validation.no_payment_methods_found,No payment methods found for this order.,en_US
self_service_portal.service.list.search_placeholder,Search,en_US
self_service_portal.service.list.search_button,Search,en_US
self_service_portal.service.list.title,Services,en_US
self_service_portal.service.list.order_reference,Order Reference,en_US
self_service_portal.service.list.product_name,Service Name,en_US
self_service_portal.service.list.service_sku,SKU,en_US
self_service_portal.service.list.scheduled_at,Time and Date,en_US
self_service_portal.service.list.created_at,Created At,en_US
self_service_portal.service.list.empty,You don't have any services yet.,en_US
self_service_portal.service.list.widget.title,Services,en_US
self_service_portal.service.list.state,State,en_US
self_service_portal.service.list.reset_button,Reset,en_US
self_service_portal.service.list.my_services,My Services,en_US
self_service_portal.service.list.business_unit_services,Business Unit Services,en_US
self_service_portal.service.list.company_services,Company Services,en_US
self_service_portal.service.update_scheduled_time,Change scheduled time,en_US
self_service_portal.service.update_scheduled_time.service.sku,SKU,en_US
self_service_portal.service.update_scheduled_time.service.name,Name,en_US
self_service_portal.service.update_scheduled_time.service.quantity,Quantity,en_US
self_service_portal.service.update_scheduled_time.service.state,State,en_US
self_service_portal.service.update_scheduled_time.title,Update Service Scheduled Time,en_US
self_service_portal.service.update_scheduled_time.success,Order item rescheduled successfully.,en_US
self_service_portal.service.update_scheduled_time.order_item_details,Order Item Details,en_US
self_service_portal.service.update_scheduled_time.button.save,Save,en_US
self_service_portal.service.update_scheduled_time.button.cancel,Cancel,en_US
self_service_portal.service.update_scheduled_time.error.order_item_not_found,Order item with uuid %uuid% not found.,en_US
self_service_portal.service.list.field.business_unit,Access Level,en_US
self_service_portal.service.list.button.view,View,en_US
self_service_portal.company_file.table.header.file_reference,Reference,en_US
self_service_portal.company_file.table.header.file_name,File Name,en_US
self_service_portal.company_file.table.header.file_type,File Format,en_US
self_service_portal.company_file.table.header.file_created_at,Date Added,en_US
self_service_portal.company_file.table.header.file_size,Size,en_US
self_service_portal.company_file.table.header.actions,Actions,en_US
self_service_portal.company_file.table.actions.download,Download,en_US
self_service_portal.company_file,Files,en_US
self_service_portal.company_file.view.empty,You do not have any files yet.,en_US
self_service_portal.company_file.file_search_filter_form.field.type.placeholder,Select type,en_US
self_service_portal.company_file.file_search_filter_form.field.type.label,Type,en_US
self_service_portal.company_file.file_search_filter_form.field.date_from.label,Date From,en_US
self_service_portal.company_file.file_search_filter_form.field.date_to.label,Date To,en_US
self_service_portal.company_file.file_search_filter_form.field.access_level.placeholder,Select access level,en_US
self_service_portal.company_file.file_search_filter_form.field.access_level.label,Access Level,en_US
self_service_portal.company_file.file_search_filter_form.field.search.label,Search,en_US
self_service_portal.company_file.file_search_filter_form.field.reset_all.label,Reset All,en_US
self_service_portal.company_file.file_search_filter_form.label.active_filters,Active Filters:,en_US
self_service_portal.company_file.file_search_filter_form.field.type.company,Company Files,en_US
self_service_portal.company_file.file_search_filter_form.field.type.company_user,Files,en_US
self_service_portal.company_file.file_search_filter_form.field.type.company_business_unit,Business unit files,en_US
customer.ssp_inquiries.date_from,Date from,en_US
customer.ssp_inquiries.date_to,Date to,en_US
customer.account.ssp_inquiry.details,Inquiry,en_US
customer.ssp_inquiry.details.reference,Reference,en_US
customer.ssp_inquiry.details.date,Date,en_US
customer.ssp_inquiry.details.status,Status,en_US
customer.ssp_inquiry.details,Inquiry Details,en_US
customer.ssp_inquiry.details.type,Type,en_US
customer.ssp_inquiry.details.subject,Subject,en_US
customer.ssp_inquiry.details.description,Description,en_US
customer.ssp_inquiry.owner,Owner,en_US
customer.ssp_inquiry.details.first_name,First Name,en_US
customer.ssp_inquiry.details.last_name,Last Name,en_US
customer.ssp_inquiry.details.email,E-mail,en_US
customer.ssp_inquiry.details.company,Company / Business Unit,en_US
customer.ssp_inquiry.details.file.name,File name,en_US
customer.ssp_inquiry.details.file.size,Size,en_US
customer.ssp_inquiry.details.file.extension,Type,en_US
customer.ssp_inquiry.details.file.download,Download,en_US
ssp_inquiry.file.unavailable,File is not available,en_US
customer.ssp_inquiry.details.files,Files,en_US
ssp_inquiry.order.create_ssp_inquiry,Inquiry,en_US
ssp_inquiry.order_reference.label,Order Reference,en_US
customer.ssp_inquiry.details.order_reference,Order Reference,en_US
ssp_inquiry.error.company_user_not_found,Company user not found.,en_US
ssp_inquiry.type.general-question,General Question,en_US
ssp_inquiry.type.general-ssp_inquiry,General Inquiry,en_US
ssp_dashboard.index.widget.title,Dashboard,en_US
ssp_dashboard.general.view_all,View All,en_US
ssp_dashboard.general.welcome,"Welcome, %name%",en_US
ssp_dashboard.overview.title,My Overview,en_US
ssp_dashboard.general.ssp_assets,Assets,en_US
ssp_dashboard.general.inquiries,Pending Inquiries,en_US
ssp_dashboard.general.services,Planned Services,en_US
ssp_dashboard.representatives.title,Service Representatives,en_US
ssp_dashboard.general.no_data,There is no data yet,en_US
ssp_dashboard.general.news,News & Events,en_US
dashboard.access.denied,Access denied.,en_US
customer.account.files,Files,en_US
customer.account.no_files,No Files,en_US
customer.account.no_ssp_booked_services,You do not have booked services yet.,en_US
dashboard.overview.not_applicable,n/a,en_US
product.filter.product-abstract-types,Product Abstract Types,en_US
self_service_portal.asset.access.denied,Access denied.,en_US
self_service_portal.asset.access.status.restricted,Restricted access.,en_US
self_service_portal.service.checkout.item_count,Number of Items,en_US
ssp-service-management.info.service-without-shipment-type.removed,Service item %sku% without shipment type has been removed,en_US
product.filter.product-class-names,Product Class,en_US
customer.account.ssp_services,Services,en_US
customer.account.no_ssp_services,There are no services at the moment,en_US
customer.ssp_service.order.reference,Order Reference,en_US
customer.ssp_service.customer,Customer,en_US
customer.ssp_service.company,Company,en_US
customer.ssp_service.service,Service,en_US
customer.ssp_service.created_at,Date created,en_US
customer.ssp_service.status,Status,en_US
customer.ssp_service.scheduled_at,Time and Date,en_US
customer.ssp_service.actions,Actions,en_US
customer.ssp_service.view_ssp_service,View,en_US
ssp_inquiry.mail.trans.ssp_inquiry_approved.main_text,Your inquiry %reference% was approved.,en_US
ssp_inquiry.mail.trans.ssp_inquiry_list_page,View Inquiries,en_US
ssp_asset.validation.cannot_delete_own_assignment,You cannot delete your own assignment.,en_US
permission.name.DownloadCompanyFilesPermissionPlugin,Download file(s) ,en_US
permission.name.ViewCompanyFilesPermissionPlugin,View company files,en_US
permission.name.ViewCompanyUserFilesPermissionPlugin,View my files,en_US
permission.name.ViewCompanyBusinessUnitFilesPermissionPlugin,View business unit files,en_US
permission.name.CreateSspInquiryPermissionPlugin,Create inquiry,en_US
permission.name.ViewCompanySspInquiryPermissionPlugin,View company inquiries,en_US
permission.name.ViewBusinessUnitSspInquiryPermissionPlugin,View business unit inquiries,en_US
permission.name.ViewDashboardPermissionPlugin,View dashboard,en_US
permission.name.ViewCompanySspAssetPermissionPlugin,View company assets,en_US
permission.name.ViewBusinessUnitSspAssetPermissionPlugin,View business unit assets,en_US
permission.name.CreateSspAssetPermissionPlugin,Create assets,en_US
permission.name.UpdateSspAssetPermissionPlugin,Update assets,en_US
permission.name.UnassignSspAssetPermissionPlugin,Unassign business unit ssp assets,en_US
ssp_dashboard.overview.not_applicable,n/a,en_US
self_service_portal.asset.form.image.description,Max up to %size%. Allowed file formats %format%,en_US
self_service_portal.asset.validation.name.not_set,Asset name must be provided,en_US
self_service_portal.asset.validation.business_unit.not_set,Business unit must be provided,en_US
self_service_portal.asset.validation.company_business_unit.not_set,Company business unit must be provided,en_US
self_service_portal.asset.validation.assets_not_provided,No assets were provided,en_US
self_service_portal.asset.validation.id_not_provided,Asset ID was not provided,en_US
self_service_portal.asset.validation.not_found,Asset was not found,en_US
self_service_portal.asset.list.widget.title,Assets,en_US
self_service_portal.asset.create.title,Create Asset,en_US
self_service_portal.asset.list.title,Assets,en_US
self_service_portal.asset.submit.button,Save,en_US
self_service_portal.asset.success.created,Asset has been successfully created,en_US
self_service_portal.asset.error.create,Asset creation failed,en_US
self_service_portal.asset.form.name,Name,en_US
self_service_portal.asset.form.serial_number,Serial number,en_US
self_service_portal.asset.form.note,Note,en_US
self_service_portal.asset.form.image,Image,en_US
self_service_portal.asset.form.image.mime_type_error,Invalid file format. Allowed file formats: {{ types }},en_US
self_service_portal.asset.form.external_image_url,External Image URL,en_US
self_service_portal.asset.form.external_image_url.note,"Note: If no image is uploaded locally, the asset will use the image from the provided URL.",en_US
self_service_portal.asset.update.title,Edit Asset,en_US
self_service_portal.asset.details.reference,Asset Reference,en_US
self_service_portal.asset.cancel.button,Cancel,en_US
self_service_portal.asset.details.created_date,Date added,en_US
self_service_portal.asset.details.owner,Business unit owner,en_US
self_service_portal.asset.details.confirm_delete_title,Confirm delete,en_US
self_service_portal.asset.details.confirm_delete_body,Are you sure you want to delete the image?,en_US
self_service_portal.asset.success.updated,Asset has been successfully updated,en_US
self_service_portal.asset.image.requirements,Upload image requirements,en_US
self_service_portal.asset.image.upload,Upload Image,en_US
self_service_portal.asset.details_page.search_service,Search services,en_US
self_service_portal.asset.details_page.name,Name,en_US
self_service_portal.asset.details_page.serial_number,Serial number,en_US
self_service_portal.asset.details_page.note,Note,en_US
self_service_portal.asset.details_page.reference,Reference,en_US
self_service_portal.asset.details_page.confirm_unassign_title,Confirm delete,en_US
self_service_portal.asset.details_page.confirm_unassign_body,Unassign this asset from the business unit. Do you want to proceed?,en_US
self_service_portal.asset.details_page.confirm_unassign_in_review,Asset is in Review. You can delete it after it is approved.,en_US
self_service_portal.asset.details_page.unassign,Unassign,en_US
self_service_portal.inquiry.type.ssp_asset,Asset,en_US
customer.self_service_portal.inquiry.details.ssp_asset_reference,Asset Reference,en_US
customer.self_service_portal.inquiry.ssp_asset.details,Asset Details,en_US
customer.self_service_portal.inquiry.details.ssp_asset_not_available,Asset not available,en_US
self_service_portal.asset.error.reference_not_found,Asset reference not found,en_US
self_service_portal.asset.error.company_user_not_found,Company user not found,en_US
customer.self_service_portal.inquiry.create.button,Create inquiry,en_US
self_service_portal.inquiry.ssp_asset_reference.label,Asset Reference,en_US
customer.self_service_portal.inquiry.details.ssp_asset_name,Asset Name,en_US
customer.account.ssp_assets,My Assets,en_US
customer.account.ssp_asset,Asset,en_US
customer.ssp_asset.list.reference,Reference,en_US
customer.ssp_asset.list.name,Asset Name,en_US
customer.ssp_asset.list.serial_number,Serial number,en_US
customer.ssp_asset.list.date_added,Date added,en_US
customer.ssp_asset.view_ssp_asset,View,en_US
customer.ssp_asset.create.button,Create asset,en_US
customer.account.no_ssp_assets,You do not have any assets yet.,en_US
company.error.company_user_not_found,Company user not found,en_US
customer.ssp_asset.list.business_unit,Business Unit,en_US
customer.ssp_asset.list.image,Image,en_US
self_service_portal.asset.details_page.created_date,Date added,en_US
self_service_portal.asset.details_page.owner,Business unit owner,en_US
self_service_portal.asset.details_page.undefined,Undefined,en_US
self_service_portal.asset.success.business_unit_relation_updated,Business unit has been successfully unassigned from the asset,en_US
self_service_portal.asset.details_page.status,Status,en_US
self_service_portal.asset.details.status,Status,en_US
self_service_portal.asset.status.pending,Pending,en_US
self_service_portal.asset.status.approved,Approved,en_US
self_service_portal.asset.status.in_review,In Review,en_US
self_service_portal.asset.status.declined,Declined,en_US
customer.ssp_asset.list.business_unit,Business Unit Owner,en_US
self_service_portal.asset.information.assigned_bu,Assigned business units,en_US
customer.ssp_asset.filter.scope,Access level,en_US
customer.ssp_asset.filter.scope.placeholder,Select access level,en_US
customer.ssp_asset.filter_by_business_unit,My business unit assets,en_US
customer.ssp_asset.filter_by_company,Company Assets,en_US
self_service_portal.asset.error.cannot_unassign_own_business_unit,You cannot unassign your own business unit from the asset,en_US
self_service_portal.search_filter_form.label.active_filters,Active filters:,en_US
self_service_portal.search_filter_form.field.reset_all.label,Reset all,en_US
general.fileUpload.upload,Upload,en_US
self_service_portal.service.product.no_shipment_types_available,No shipping types available for this product.,en_US
self_service_portal.service.product.shipment_types,Shipment Types,en_US
self_service_portal.service.product.select_service_point,Select a service point,en_US
self_service_portal.service.product.service_point_required,A service point is required for this product,en_US
self_service_portal.service.cart_item.service_point.name,Service point,en_US
self_service_portal.service.product.service_date_time,Choose your preferred date and time slot,en_US
self_service_portal.service.product.label.service_date_time,Service date and time,en_US
product.filter.product-abstract-types,Product Abstract Types,en_US
self_service_portal.asset.access.denied,Access denied.,en_US
self_service_portal.asset.access.status.restricted,Restricted access.,en_US
self_service_portal.service.checkout.item_count,Number of Items,en_US
ssp-service-management.info.service-without-shipment-type.removed,Service item %sku% without shipment type has been removed,en_US
self_service_portal.service.cart_item.scheduled_at,Service Date and time,en_US
self_service_portal.customer_navigation.title,Self-Service,en_US
customer.customer_navigation.title,Account & Shopping,en_US
forms.apply-btn,Apply,en_US
customer.account.button.filters,Filters,en_US
general.fileUpload.description,Maximum of %amount% files (%format%) up to %size%,en_US
customer.account.self_service_portal.inquiry.details,Inquiry,en_US
customer.self_service_portal.inquiry.details.reference,Reference,en_US
self_service_portal.company_file.file_search_filter_form.field.type.company,Company Files,en_US
self_service_portal.company_file.file_search_filter_form.field.type.company_user,Files,en_US
self_service_portal.company_file.file_search_filter_form.field.type.company_business_unit,Business unit files,en_US
customer.self_service_portal.inquiry.details.date,Date,en_US
customer.self_service_portal.inquiry.details.status,Status,en_US
customer.self_service_portal.inquiry.details,Inquiry Details,en_US
customer.self_service_portal.inquiry.details.type,Type,en_US
customer.self_service_portal.inquiry.details.subject,Subject,en_US
customer.self_service_portal.inquiry.details.description,Description,en_US
customer.self_service_portal.inquiry.owner,Owner,en_US
customer.self_service_portal.inquiry.details.first_name,First Name,en_US
customer.self_service_portal.inquiry.details.last_name,Last Name,en_US
customer.self_service_portal.inquiry.details.email,E-mail,en_US
customer.self_service_portal.inquiry.details.company,Company / Business Unit,en_US
customer.self_service_portal.inquiry.details.file.name,File name,en_US
customer.self_service_portal.inquiry.details.file.size,Size,en_US
customer.self_service_portal.inquiry.details.file.extension,Type,en_US
customer.self_service_portal.inquiry.details.file.download,Download,en_US
customer.self_service_portal.inquiry.details.files,Files,en_US
customer.self_service_portal.inquiry.details.order_reference,Order Reference,en_US
self_service_portal.inquiry.error.company_user_not_found,Company user not found.,en_US
self_service_portal.inquiry.type.general-question,General Question,en_US
self_service_portal.inquiry.type.general-ssp_inquiry,General Inquiry,en_US
self_service_portal.inquiry.order.create_ssp_inquiry,Inquiry,en_US
self_service_portal.inquiry.order_reference.label,Order Reference,en_US
self_service_portal.inquiry.file.unavailable,File is not available,en_US
customer.ssp_inquiry.create.button,Create inquiry,en_US
ssp_asset.details_page.search_service,Search services,en_US
general.confirm.button,Confirm,en_US
product_offer_service_point_availability_widget.all_items_not_available,Not available.,en_US
product_offer_service_point_availability_widget.all_items_available,All items are available.,en_US
shipment_type.name.shipment_type_in-center-service,In-Center Service,en_US
ssp_asset_management.ssp_asset_search_filter_form.label.active_filters,Active filters:,en_US
self_service_portal.asset.business_unit_unassignment.denied,You cannot unassign business unit from asset.,en_US
self_service_portal.asset.business_unit_assignment.denied,You cannot assign business unit to asset.,en_US
general.fileUpload.mb,MB,en_US
customer.address.single_address_per_shipment_type,Set same address for all products,en_US
service_point_widget.location_label,Location:,en_US
self_service_portal.company_file.file_search_filter_form.field.business_entity.label,Access Level,en_US
self_service_portal.company_file.file_search_filter_form.field.ssp_asset_entity.label,Filter by Asset,en_US
self_service_portal.company_file.file_attachment_type.all,All available files,en_US
self_service_portal.company_file.file_attachment_business_type.none,Don’t show Business entity files,en_US
self_service_portal.company_file.file_attachment_ssp_asset_type.none,Don’t show Asset entity files,en_US
self_service_portal.company_file.file_attachment_type.company_user,My Files,en_US
self_service_portal.company_file.file_attachment_type.company,Company Files,en_US
self_service_portal.company_file.file_attachment_type.all,All available files,en_US
self_service_portal.company_file.file_attachment_ssp_asset_type.none,Don't show Asset files,en_US
self_service_portal.company_file.file_attachment_business_type.none,Don't show Business unit files,en_US
customer.account.ssp_booked_services,Booked Services,en_US
customer.self_service_portal.service.list.product_name,Product Name,en_US
customer.self_service_portal.service.list.order_reference,Order Reference,en_US
customer.self_service_portal.service.list.scheduled_at,Date and Time,en_US
customer.self_service_portal.service.list.status,Status,en_US
ssp_dashboard.general.booked_services,Booked Services,en_US
permission.name.ViewCompanySspServicePermissionPlugin,ViewCompanySspServicePermissionPlugin,en_US
permission.name.ViewBusinessUnitSspServicePermissionPlugin,ViewBusinessUnitSspServicePermissionPlugin,en_US
self_service_portal.asset_filter.title,Filter by asset,en_US
self_service_portal.asset_filter.description,Filter items based on your assets,en_US
self_service_portal.asset_filter.select_label,Select My Assets,en_US
self_service_portal.asset_filter.serial_label,Serial:,en_US
self_service_portal.asset_filter.change,Change Asset,en_US
self_service_portal.asset_filter.clear,Clear,en_US
self_service_portal.ssp_asset.details_page.catalog,Shop Spare Parts,en_US
catalog.ssp.itemsFound,%num_found% items found for %ssp_asset_name%,en_US
self_service_portal.asset.selector.button,Select asset,en_US
self_service_portal.asset.modal.header,Assign asset,en_US
self_service_portal.asset.item.button,Assign,en_US
self_service_portal.asset.item.serial,Serial,en_US
self_service_portal.asset.error.attach_to_cart_item,Asset cannot be added to cart.,en_US
self_service_portal.ssp_asset.success.attached_to_cart,Asset has been successfully updated for item %sku%.,en_US
global.search.results.no_query,Search Results,en_US
self_service_portal.order.service.cancel.title,Cancel Service?,en_US
self_service_portal.order.service.cancel.description,You are about to cancel %name% (SKU: %sku%),en_US
self_service_portal.order.service.cancel.keep,Keep Service,en_US
self_service_portal.asset.error.not-found,Asset not found,en_US
self_service_portal.asset.validation.unknown_error,An unexpected error occurred while processing your asset,en_US
self_service_portal.inquiry.error.not-found,Inquiry not found,en_US
self_service_portal.inquiry.validation.unknown_error,An unexpected error occurred while processing your inquiry,en_US
merchant_registration_request_page.page_title,Register and get started on the Spryker Marketplace,en_US
merchant_registration_request_page.company_subform_title,Company Registration,en_US
merchant_registration_request_page.company_subform_text,Fill in your company details to initiate your registration process as a marketplace merchant.,en_US
merchant_registration_request_page.account_subform_title,Merchant User Account creation,en_US
merchant_registration_request_page.account_subform_text,Add the details of your first merchant user account.,en_US
merchant_registration_request_page.accept_terms,Accept terms,en_US
merchant_registration_request_page.contact_person_role,Role,en_US
merchant_registration_request_page.contact_person_phone,Phone,en_US
merchant_registration_request_page.contact_person_first_name,First name,en_US
merchant_registration_request_page.contact_person_last_name,Last name,en_US
merchant_registration_request_page.contact_person_title,Title,en_US
merchant_registration_request_page.email,Email,en_US
merchant_registration_request_page.company_name,Company name,en_US
merchant_registration_request_page.country,Country,en_US
merchant_registration_request_page.street,Street,en_US
merchant_registration_request_page.house_number,House Number,en_US
merchant_registration_request_page.zip_code,Zip Code,en_US
merchant_registration_request_page.city,City,en_US
merchant_registration_request_page.merchant_registration_number,Registration number,en_US
merchant_registration_request_page.form_submit,Submit registration request,en_US
merchant_registration_request_page.success,Merchant registration request has been successfully submitted for review.,en_US
merchant_registration_request.error.email_already_exists,Email address already registered.,en_US
merchant_registration_request.error.company_name_already_exists,Company name already registered.,en_US
self_service_portal.asset.validation.status.not_valid,Status is not valid.,en_US
self_service_portal.asset.business_unit.not_found,Business unit not found.,en_US
self_service_portal.inquiry.validation.ssp_asset_reference_required,Asset reference is required.,en_US
self_service_portal.inquiry.validation.ssp_asset_reference_not_allowed,Asset reference is not allowed.,en_US
self_service_portal.inquiry.validation.order_reference_required,Order reference is required.,en_US
self_service_portal.inquiry.validation.order_reference_not_allowed,Order reference is not allowed.,en_US
self_service_portal.inquiry.validation.type_required,Type is required.,en_US
self_service_portal.inquiry.validation.subject_required,Subject is required.,en_US
self_service_portal.inquiry.validation.description_required,Description is required.,en_US
product.availability.available,Available,en_US
product.availability.in_stock,%number% in stock,en_US
product.availability.out_of_stock,Out of stock,en_US
measurement_units.item.name.short,pc,en_US
measurement_units.standard.weight.kilo.name.short,kg,en_US
measurement_units.standard.weight.gram.name.short,g,en_US
measurement_units.standard.weight.tone.name.short,t,en_US
measurement_units.standard.weight.gbou.name.short,oz,en_US
measurement_units.standard.weight.usou.name.short,oz,en_US
measurement_units.standard.weight.pund.name.short,lb,en_US
measurement_units.standard.weight.huwg.name.short,GB cwt,en_US
measurement_units.standard.weight.gbtn.name.short,GB ton,en_US
measurement_units.standard.weight.ustn.name.short,US ton,en_US
measurement_units.standard.weight.oztr.name.short,ozt,en_US
measurement_units.standard.weight.ucwt.name.short,US cwt,en_US
measurement_units.standard.length.metr.name.short,m,en_US
measurement_units.standard.length.cmet.name.short,cm,en_US
measurement_units.standard.length.mmet.name.short,mm,en_US
measurement_units.standard.length.kmet.name.short,km,en_US
measurement_units.standard.length.inch.name.short,in,en_US
measurement_units.standard.length.yard.name.short,yd,en_US
measurement_units.standard.length.foot.name.short,ft,en_US
measurement_units.standard.length.mile.name.short,mi,en_US
measurement_units.standard.area.smet.name.short,m²,en_US
measurement_units.standard.area.sqki.name.short,km²,en_US
measurement_units.standard.area.smil.name.short,mm²,en_US
measurement_units.standard.area.scmt.name.short,cm²,en_US
measurement_units.standard.area.sqin.name.short,in²,en_US
measurement_units.standard.area.sqfo.name.short,ft²,en_US
measurement_units.standard.area.sqmi.name.short,mi²,en_US
measurement_units.standard.area.sqya.name.short,yd²,en_US
measurement_units.standard.area.acre.name.short,ac,en_US
measurement_units.standard.area.ares.name.short,a,en_US
measurement_units.standard.area.hect.name.short,ha,en_US
measurement_units.standard.litr.name.short,L,en_US
measurement_units.standard.celi.name.short,cL,en_US
measurement_units.standard.mili.name.short,mL,en_US
measurement_units.standard.gbga.name.short,GB gal,en_US
measurement_units.standard.gbpi.name.short,GB pt,en_US
measurement_units.standard.uspi.name.short,US pt,en_US
measurement_units.standard.gbqa.name.short,GB qt,en_US
measurement_units.standard.usqa.name.short,US qt,en_US
measurement_units.standard.usga.name.short,US gal,en_US
measurement_units.standard.barl.name.short,bbl,en_US
measurement_units.standard.bcuf.name.short,BCF,en_US
measurement_units.standard.bdft.name.short,BF,en_US
measurement_units.standard.cbme.name.short,m³,en_US
measurement_units.standard.miba.name.short,MMbbl,en_US
measurement_units.standard.dgeu.name.short,DGE,en_US
measurement_units.standard.ggeu.name.short,GGE,en_US
measurement_units.standard.busl.name.short,bu,en_US
buy_box.sold_by,Sold by,en_US
buy_box.view_merchant,View seller,en_US
Access Denied.,Zugriff verweigert.,en_US
Passwords do not match,Passwords do not match,en_US
You must accept the terms and conditions to register,You must accept the terms and conditions to register,en_US
This password has been compromised in a data breach. Please choose a different password.,This password has been compromised in a data breach. Please choose a different password.,en_US
Please provide a valid date in YYYY-MM-DD format,Please provide a valid date in YYYY-MM-DD format,en_US
isDefaultShipping must be a boolean value,isDefaultShipping must be a boolean value,en_US
isDefaultBilling must be a boolean value,isDefaultBilling must be a boolean value,en_US
Country code must be exactly {{ limit }} characters,Country code must be exactly {{ limit }} characters,en_US
Customer reference is required,Customer reference is required,en_US
Invalid or expired registration key,Invalid or expired registration key,en_US
Customer not found,Customer not found,en_US
Address creation failed,Address creation failed,en_US
Failed to process customer request,Failed to process customer request,en_US
The user credentials were incorrect.,The user credentials were incorrect.,en_US
purchasing_control.selector.label,Cost Center,en_US
purchasing_control.selector.placeholder,Select cost center,en_US
purchasing_control.budget.selector.label,Budget,en_US
purchasing_control.budget.selector.placeholder,Select budget,en_US
purchasing_control.budget.remaining,Remaining budget,en_US
purchasing_control.budget.apply_warning,Please apply the budget.,en_US
purchasing_control.selector.save,Select,en_US
purchasing_control.summary.cost_center_label,Cost Center,en_US
purchasing_control.summary.budget_label,Budget,en_US
purchasing_control.summary.budget_remaining,remaining,en_US
purchasing_control.validation.block,Your order exceeds the allocated budget. Please adjust your order or contact your manager.,en_US
purchasing_control.validation.warn,Your order exceeds the allocated budget.,en_US
purchasing_control.validation.require-approval,This order exceeds the budget. Please send it for approval.,en_US
purchasing_control.validation.required,Please select a cost center and budget before placing your order.,en_US
permission.name.ManageCostCentersPermissionPlugin,Manage cost centers,en_US
purchasing_control.validation.inactive-cost-center,The selected cost center is no longer active. Please select another cost center or contact your manager.,en_US
purchasing_control.budget.no_budgets_found,No budgets available for the selected cost center.,en_US
purchasing_control.budget.apply,Apply,en_US
purchasing_control.summary.no_budget_warning,No budget assigned — checkout is blocked.,en_US
purchasing_control.error.quote_not_found,The quote could not be found.,en_US
purchasing_control.error.not_company_user,Cost center selection is only available for company users.,en_US
purchasing_control.error.cost_center_access_denied,The selected cost center is not available for your business unit.,en_US
purchasing_control.error.budget_access_denied,The selected budget does not belong to the chosen cost center.,en_US
purchasing_control.error.quote_approved,Cost center and budget cannot be changed after the quote has been approved.,en_US
purchasing_control.title,Cost Center Control,en_US
purchasing_control.budget.validation.access_denied,You do not have permission to manage this budget.,en_US
purchasing_control.budget.validation.amount_invalid,Budget amount must be greater than zero.,en_US
purchasing_control.budget.validation.amount_too_large,Budget amount exceeds the maximum allowed value.,en_US
purchasing_control.budget.validation.date_range_invalid,Budget start date must be before end date.,en_US
purchasing_control.budget.validation.currency_invalid,Budget currency must be a 3-character ISO code.,en_US
purchasing_control.budget.validation.currency_changed,Budget currency cannot be changed.,en_US
purchasing_control.budget.validation.name_too_long,Budget name must not exceed 100 characters.,en_US
purchasing_control.cost_center.validation.name_too_long,Cost center name must not exceed 100 characters.,en_US
purchasing_control.cost_center.validation.name_empty,Cost center name must not be empty.,en_US
purchasing_control.cost_center.validation.business_unit_empty,At least one business unit must be assigned to a cost center.,en_US
purchasing_control.cost_center.validation.access_denied,You do not have access to this cost center.,en_US
purchasing_control.cost_center.validation.business_unit_not_in_company,Selected business units do not belong to your company.,en_US
purchasing_control.cost_center.menu_item,Cost Centers,en_US
purchasing_control.cost_center.list.title,Cost Centers,en_US
purchasing_control.cost_center.list.empty,No cost centers found.,en_US
purchasing_control.cost_center.list.status,Status,en_US
purchasing_control.cost_center.list.actions,Actions,en_US
purchasing_control.cost_center.create.title,Create Cost Center,en_US
purchasing_control.cost_center.update.title,Edit Cost Center,en_US
purchasing_control.cost_center.form.name,Name,en_US
purchasing_control.cost_center.form.description,Description,en_US
purchasing_control.cost_center.form.business_unit,Business Unit,en_US
purchasing_control.cost_center.form.is_active,Cost Center is active,en_US
purchasing_control.cost_center.success.created,Cost center created successfully.,en_US
purchasing_control.cost_center.success.updated,Cost center updated successfully.,en_US
purchasing_control.cost_center.success.activated,Cost center activated successfully.,en_US
purchasing_control.cost_center.success.deactivated,Cost center deactivated successfully.,en_US
purchasing_control.cost_center.status.active,Active,en_US
purchasing_control.cost_center.status.inactive,Inactive,en_US
purchasing_control.cost_center.action.edit,Edit,en_US
purchasing_control.cost_center.action.activate,Activate,en_US
purchasing_control.cost_center.action.deactivate,Deactivate,en_US
purchasing_control.cost_center.action.save,Save,en_US
purchasing_control.cost_center.action.cancel,Cancel,en_US
purchasing_control.cost_center.error.company_user_not_found,Company user not found.,en_US
purchasing_control.cost_center.error.not_found,Cost center not found.,en_US
purchasing_control.cost_center.search.name_placeholder,Search by name...,en_US
purchasing_control.cost_center.search.all_business_units,All Business Units,en_US
purchasing_control.cost_center.search.status.all,All,en_US
purchasing_control.cost_center.search.status.active,Active,en_US
purchasing_control.cost_center.search.status.inactive,Inactive,en_US
purchasing_control.cost_center.search.active_filters,Active filters:,en_US
purchasing_control.cost_center.search.reset_all,Reset all,en_US
purchasing_control.cost_center.action.budgets,Budgets,en_US
purchasing_control.cost_center.business_units.more,more,en_US
purchasing_control.budget.list.title,Budgets,en_US
purchasing_control.budget.list.empty,No budgets found for this cost center.,en_US
purchasing_control.budget.create.title,Create Budget,en_US
purchasing_control.budget.update.title,Edit Budget,en_US
purchasing_control.budget.success.created,Budget created successfully.,en_US
purchasing_control.budget.success.updated,Budget updated successfully.,en_US
purchasing_control.budget.success.deactivated,Budget deactivated successfully.,en_US
purchasing_control.budget.success.reactivated,Budget reactivated successfully.,en_US
purchasing_control.budget.error.not_found,Budget not found.,en_US
purchasing_control.budget.error.cost_center_not_found,Cost center not found.,en_US
purchasing_control.budget.form.name,Name,en_US
purchasing_control.budget.form.amount,Total Amount,en_US
purchasing_control.budget.form.currency,Currency,en_US
purchasing_control.budget.form.starts_at,Start date,en_US
purchasing_control.budget.form.ends_at,End date,en_US
purchasing_control.budget.form.enforcement_rule,Enforcement Rule,en_US
purchasing_control.budget.form.enforcement_rule.block,Block,en_US
purchasing_control.budget.form.enforcement_rule.warn,Display warning,en_US
purchasing_control.budget.form.enforcement_rule.require_approval,Require Approval,en_US
purchasing_control.budget.form.is_active,Budget is active,en_US
purchasing_control.budget.action.save,Save,en_US
purchasing_control.budget.action.cancel,Cancel,en_US
purchasing_control.budget.action.edit,Edit,en_US
purchasing_control.budget.action.deactivate,Deactivate,en_US
purchasing_control.budget.action.reactivate,Reactivate,en_US
purchasing_control.budget.status.active,Active,en_US
purchasing_control.budget.status.inactive,Inactive,en_US
purchasing_control.budget.status.archived,Archived,en_US
purchasing_control.budget.list.column.amount,Amount,en_US
purchasing_control.budget.list.column.consumed,Consumed,en_US
purchasing_control.budget.list.column.remaining,Remaining,en_US
purchasing_control.budget.list.column.currency,Currency,en_US
purchasing_control.budget.list.column.period,Period,en_US
purchasing_control.budget.list.column.enforcement_rule,Rule,en_US
purchasing_control.budget.list.column.status,Status,en_US
purchasing_control.budget.list.column.actions,Actions,en_US
purchasing_control.budget.enforcement_rule.tooltip.block,Orders exceeding this budget will be blocked. Checkout is not permitted.,en_US
purchasing_control.budget.enforcement_rule.tooltip.warn,A warning is displayed when the order exceeds this budget. The order proceeds but may require approval.,en_US
purchasing_control.budget.enforcement_rule.tooltip.require_approval,Orders exceeding this budget are automatically routed for approval.,en_US
purchasing_control.budget.search.name_placeholder,Search by name...,en_US
purchasing_control.budget.search.status.all,All,en_US
purchasing_control.budget.search.status.active,Active,en_US
purchasing_control.budget.search.status.inactive,Inactive,en_US
purchasing_control.budget.search.status.archived,Archived,en_US
purchasing_control.budget.search.all_currencies,All Currencies,en_US
purchasing_control.budget.search.all_enforcement_rules,All Rules,en_US
purchasing_control.budget.search.starts_at,Start date,en_US
purchasing_control.budget.search.ends_at,End date,en_US
purchasing_control.budget.search.active_filters,Active filters:,en_US
purchasing_control.budget.search.reset_all,Reset all,en_US
purchasing_control.cost_center.access.denied,You do not have access to manage cost centers. Please contact your administrator.,en_US
purchasing_control.order.detail.title,Cost Center & Budget,en_US
purchasing_control.order.detail.not_available,N/A,en_US
purchasing_control.summary.active_cost_centers,Active Cost Centers,en_US
purchasing_control.summary.total_budget,Total Budget Allocated,en_US
purchasing_control.summary.consumed_budget,Total Spent,en_US
purchasing_control.summary.remaining_budget,Total Remaining,en_US
purchasing_control.summary.title,Budget & Cost Center Overview,en_US
purchasing_control.summary.dashboard_title,Budget Dashboard,en_US
purchasing_control.summary.no_budgets_assigned,No budgets assigned,en_US
purchasing_control.summary.column_budget_name,Budget Name,en_US
purchasing_control.summary.column_total,Total,en_US
purchasing_control.summary.column_consumed,Consumed,en_US
purchasing_control.summary.column_remaining,Remaining,en_US
purchasing_control.order.table.cost_center,Cost Center,en_US
purchasing_control.order.table.budget,Budget,en_US
purchasing_control.budget.validation.end_date_in_past,End date cannot be in the past.,en_US
shop_ui.active_form_filters.reset_all.label,Reset all,en_US
header.menu.open,Open menu,en_US
header.menu.close,Close menu,en_US
header.cart,Cart,en_US
header.cart.items,%d items in cart,en_US
header.account.menu,Account menu,en_US
header.drawer.browse,Browse,en_US
customer.account.user_account,User Account,en_US
company.account.company_account,Company Account,en_US
search.form.placeholder,"Search by product name, SKU or part number...",en_US
cart_popover.title,My carts,en_US
shopping_list_panel.title,My shopping lists,en_US
global.tagline,Designed for modern B2B commerce.,en_US
customer.login.or,or,en_US
security_oauth_knpu:login:sso,Login with SSO,en_US
security_oauth_knpu:login:github,Login with GitHub,en_US
security_oauth_knpu.error.provider_not_found,OAuth login is unavailable.,en_US
authentication.failed,Authentifizierung fehlgeschlagen. Bitte versuchen Sie es erneut.,en_US
product.detail.in_stock,In stock,en_US
product.detail.out_of_stock_label,Out of stock,en_US
product.detail.configure_product,Configure product,en_US
merchant_product_offer.change,Change,en_US
merchant_product_offer.compare_sellers,Compare sellers,en_US
merchant_product_offer.hide_sellers,Hide sellers,en_US
merchant_product_offer.show_all_sellers,Show all sellers,en_US
merchant_product_offer.view_all_sellers,View all %count% sellers,en_US
merchant_product_offer.use_selected_seller,Use selected seller,en_US
merchant_product_offer.offers_count,%count% offers for this product,en_US
shopping_list_widget.save_to_shopping_list,Save to shopping list,en_US
shopping_list_widget.save_popup_description,Please select the shopping list and quantity to proceed,en_US
shopping_list_widget.shopping_list_label,Shopping list,en_US
general.save.button,Save,en_US
product.detail.select_options_notification,Please select relevant options before adding to cart!,en_US
catalog.no-results.title,No results found,en_US
catalog.no-results.message,We couldn't find anything matching your search.,en_US
catalog.no-results.tip,"Tip: Check your spelling, try more general keywords, or search by SKU or part number.",en_US
catalog.no-results.search-for,Search for,en_US
catalog.filter.clearAll,Clear all,en_US
catalog.filter.more,more,en_US
catalog.filter.showLess,Show less,en_US
catalog.filter.collapseAll,Collapse all,en_US
catalog.filter.expandAll,Expand all,en_US
catalog.filter.search.placeholder,Search filter,en_US
catalog.filter.search.noResults,No filters match your search,en_US
catalog.filter.showResults,Show results,en_US
catalog.filter.close,Close filters,en_US
catalog.filter.by,Filter by,en_US
product.detail.select_options_shopping_list_notification,Please select relevant options before adding to the shopping list!,en_US
product.detail.sign_in_to_see_prices,Sign in to see prices,en_US
cart.item.variants.more,+%count% more,en_US
cart.item.variants.less,Show less,en_US
recurring_orders.summary_of_changes,Summary of changes,en_US
recurring_orders.attention_banner.link.failed,View Failed,en_US
recurring_orders.attention_banner.link.paused,View Paused,en_US
recurring_orders.attention_banner.link.review_required,View Review Required,en_US
recurring_orders.attention_banner.message,You have %count% recurring schedule(s) that require your attention.,en_US
recurring_orders.cadence.bi_weekly,Bi-weekly,en_US
recurring_orders.cadence.every_n_weeks,Every N weeks,en_US
recurring_orders.cadence.monthly,Monthly,en_US
recurring_orders.cadence.weekly,Weekly,en_US
recurring_orders.checkout.cadence_label,Frequency,en_US
recurring_orders.checkout.cadence_placeholder,Select frequency,en_US
recurring_orders.checkout.cadence_value_label,Interval (weeks),en_US
recurring_orders.checkout.confirm_button,Confirm,en_US
recurring_orders.checkout.enable_description,Get this order delivered automatically on your schedule. Skip and cancel anytime.,en_US
recurring_orders.checkout.enable_label,Set up as recurring order,en_US
recurring_orders.checkout.remove_button,Remove,en_US
recurring_orders.checkout.schedule_name_label,Schedule name,en_US
recurring_orders.checkout.section_title,Recurring Order,en_US
recurring_orders.detail.access_denied,You do not have access to this recurring order.,en_US
recurring_orders.detail.action.error,An error occurred while processing the action. Please try again.,en_US
recurring_orders.detail.actions.cancel,Cancel Schedule,en_US
recurring_orders.detail.actions.pause,Pause,en_US
recurring_orders.detail.actions.resume,Resume,en_US
recurring_orders.detail.actions.retry,Retry Again,en_US
recurring_orders.detail.actions.review,Review,en_US
recurring_orders.detail.actions.skip,Skip This Execution,en_US
recurring_orders.detail.cancel.modal.title,Cancel Schedule?,en_US
recurring_orders.detail.cancel.modal.warning,This action is permanent. The schedule will stop immediately and cannot be reactivated.,en_US
recurring_orders.detail.error.failed.title,The last order attempt failed for the following reasons:,en_US
recurring_orders.detail.estimated_total.info,Estimated Grand Total displays the sum of order items excl. shipping costs or discounts.,en_US
recurring_orders.detail.estimated_total.label,Estimated Total,en_US
recurring_orders.detail.skip.modal.title,Skip this execution?,en_US
recurring_orders.detail.skip.modal.execution_being_skipped,Execution being skipped,en_US
recurring_orders.detail.skip.modal.next_scheduled_execution,Next scheduled execution,en_US
recurring_orders.detail.skip.modal.summary,The %skippedDate% order will not be placed. The schedule will continue and trigger next on %nextDate%.,en_US
recurring_orders.detail.skip.modal.confirm,Skip this execution,en_US
recurring_orders.detail.history.description,View all past and upcoming executions for this schedule,en_US
recurring_orders.detail.history.actions,Actions,en_US
recurring_orders.detail.history.date,Date,en_US
recurring_orders.detail.history.empty,No execution history yet.,en_US
recurring_orders.detail.history.order_reference,Order Reference,en_US
recurring_orders.detail.history.status,Status,en_US
recurring_orders.detail.history.title,Past scheduled orders,en_US
recurring_orders.detail.history.view_order,View Order,en_US
recurring_orders.detail.next_execution.paused,Schedule is paused. Resume to set next execution date.,en_US
recurring_orders.detail.next_execution.title,Next Scheduled Execution,en_US
recurring_orders.detail.order_items.column.product,Product,en_US
recurring_orders.detail.order_items.column.quantity,Qty,en_US
recurring_orders.detail.order_items.column.total,Total,en_US
recurring_orders.detail.order_items.empty,No items found.,en_US
recurring_orders.detail.order_items.label,Order Items,en_US
recurring_orders.detail.pause.modal.title,Pause Schedule?,en_US
recurring_orders.detail.pause.modal.warning,Do you want to pause the schedule now?,en_US
recurring_orders.detail.resume.modal.title,Resume schedule,en_US
recurring_orders.detail.review_required.attention,Recurring order could not be processed automatically and requires your attention.,en_US
recurring_orders.detail.sidebar.cadence,Cadence,en_US
recurring_orders.detail.sidebar.created,Created,en_US
recurring_orders.detail.sidebar.created_by,Created By,en_US
recurring_orders.detail.sidebar.status,Status,en_US
recurring_orders.detail.sidebar.title,Schedule Details,en_US
recurring_orders.detail.source_order,Original order,en_US
recurring_orders.detail.title,Recurring Order Details,en_US
recurring_orders.error.items_not_purchasable,The following items can no longer be purchased and the recurring order was not placed: %skus%,en_US
recurring_orders.history.errors.show,Show errors,en_US
recurring_orders.history.event.cancelled,Cancelled,en_US
recurring_orders.history.event.failed,Failed,en_US
recurring_orders.history.event.paused,Paused,en_US
recurring_orders.history.event.placed,Completed,en_US
recurring_orders.history.event.resumed,Resumed,en_US
recurring_orders.history.event.skipped,Skipped,en_US
recurring_orders.item.configurable_bundle_label,Bundle: %name%,en_US
recurring_orders.list.column.actions,Actions,en_US
recurring_orders.list.column.frequency,Frequency,en_US
recurring_orders.list.column.name,Schedule Name,en_US
recurring_orders.list.column.next_order_date,Next Order Date,en_US
recurring_orders.list.column.status,Status,en_US
recurring_orders.list.empty,No recurring orders found.,en_US
recurring_orders.list.form.scope,Show schedules for,en_US
recurring_orders.list.form.search,Search,en_US
recurring_orders.list.form.search_placeholder,Search schedules...,en_US
recurring_orders.list.form.status,Status,en_US
recurring_orders.list.form.status.all,All statuses,en_US
recurring_orders.list.scope.company,All Company Schedules,en_US
recurring_orders.list.scope.my_business_unit,My Business Unit,en_US
recurring_orders.list.scope.my_schedules,My Schedules,en_US
recurring_orders.list.title,Recurring Orders,en_US
recurring_orders.mail.notify_buyer_placement_failure.body.cta,Review Order,en_US
recurring_orders.mail.notify_buyer_placement_failure.body.detail,Please review the order details and failure reason in your recurring orders dashboard.,en_US
recurring_orders.mail.notify_buyer_placement_failure.body.intro,"We were unable to place your recurring order ""%schedule_name%"" automatically.",en_US
recurring_orders.mail.notify_buyer_placement_failure.body.sign_off,Best regards,en_US
recurring_orders.mail.notify_buyer_placement_failure.salutation,Hello,en_US
recurring_orders.mail.notify_buyer_placement_failure.subject,"Recurring order ""%schedule_name%"" could not be placed",en_US
recurring_orders.mail.notify_buyer_validation_failed.body.cta,Review Order,en_US
recurring_orders.mail.notify_buyer_validation_failed.body.detail,Please review your order details and make any necessary adjustments before the scheduled date.,en_US
recurring_orders.mail.notify_buyer_validation_failed.body.intro,"Your recurring order ""%schedule_name%"", scheduled for %execution_date%, could not be processed automatically and requires your attention.",en_US
recurring_orders.mail.notify_buyer_validation_failed.salutation,Hello,en_US
recurring_orders.mail.notify_buyer_validation_failed.subject,"Action Required: ""%schedule_name%"" — your order needs attention",en_US
recurring_orders.mail.notify_buyer_upcoming_order.body.cta,View Order,en_US
recurring_orders.mail.notify_buyer_upcoming_order.body.intro,"Your recurring order ""%schedule_name%"" is scheduled for %execution_date%. We will process it automatically on that date.",en_US
recurring_orders.mail.notify_buyer_upcoming_order.body.review,"If you need to make changes, please review and update your order before %expiry_date%.",en_US
recurring_orders.mail.notify_buyer_upcoming_order.salutation,Hello,en_US
recurring_orders.mail.notify_buyer_upcoming_order.subject,"Upcoming recurring order: ""%schedule_name%"" on %execution_date%",en_US
recurring_orders.menu_item,Recurring Orders,en_US
recurring_orders.review.all_items_removed,The order cannot be placed - all items are unavailable and the schedule cannot be executed without items.,en_US
recurring_orders.review.approve_error,The changes could not be applied. Please try again.,en_US
recurring_orders.review.approve_failed,The changes could not be applied.,en_US
recurring_orders.review.approve_success,Your changes were applied and the order was placed.,en_US
recurring_orders.review.back_to_detail,Back to schedule detail,en_US
recurring_orders.review.banner.price_change,%count% price change,en_US
recurring_orders.review.banner.substituted,%count% product substituted,en_US
recurring_orders.review.banner.unavailable,%count% unavailable,en_US
recurring_orders.review.blocking.title,Cannot proceed — blocking issues,en_US
recurring_orders.review.column.current_price,Current price,en_US
recurring_orders.review.column.previous_price,Previous price,en_US
recurring_orders.review.column.reason,Reason,en_US
recurring_orders.review.cta.accept_and_place,Accept changes & place order,en_US
recurring_orders.review.execution_scheduled,Execution scheduled for %date%,en_US
recurring_orders.review.flagged.title,Items requiring your review,en_US
recurring_orders.review.footer.helper,Accepting these changes will update this order and future executions of the schedule.,en_US
recurring_orders.review.footer.new_total,New total,en_US
recurring_orders.review.footer.summary,%removed% removals,en_US
recurring_orders.review.invalid_form,The request could not be processed. Please review and try again.,en_US
recurring_orders.review.modal.accepted_prices,Accepted price changes,en_US
recurring_orders.review.modal.body,Removing unavailable items and accepting updated prices will affect this order and all future executions of this schedule. These changes will become the new reference state for the recurring order going forward.,en_US
recurring_orders.review.modal.headline,Confirm order and apply changes,en_US
recurring_orders.review.modal.new_total,New order total,en_US
recurring_orders.review.modal.original_total,Original order total,en_US
recurring_orders.review.modal.removed_items,Removed items,en_US
recurring_orders.review.not_available,This schedule does not require review.,en_US
recurring_orders.review.prices_changed,Prices changed again since you reviewed. Please review the updated order before approving.,en_US
recurring_orders.review.reason.discontinued,Discontinued,en_US
recurring_orders.review.reason.not_approved,Not approved,en_US
recurring_orders.review.reason.price_increased,Price increased,en_US
recurring_orders.review.reason.price_unavailable,Price unavailable,en_US
recurring_orders.review.reason.substituted,Substituted,en_US
recurring_orders.review.reason.unavailable,Unavailable,en_US
recurring_orders.review.title,Review Required — %name%,en_US
recurring_orders.review.unchanged.title,Unchanged items (%count%),en_US
recurring_orders.review.unchanged.title.plural,%count% unchanged items,en_US
recurring_orders.status.active,Active,en_US
recurring_orders.status.cancelled,Cancelled,en_US
recurring_orders.status.draft,Draft,en_US
recurring_orders.status.failed,Failed,en_US
recurring_orders.status.paused,Paused,en_US
recurring_orders.status.review_required,Review Required,en_US
recurring_orders.detail.resume.date_label,Next execution date,en_US
recurring_orders.detail.resume.validation.date_required,Please select a resume date.,en_US
recurring_orders.detail.resume.validation.date_in_past,The resume date must be in the future.,en_US
recurring_orders.checkout.validation.cadence_required,Please select a frequency.,en_US
recurring_orders.scheduled.order.errors.title,The following issues were found with your recurring order and it could not be placed:,en_US
catalog.no-results.browse-all,Browse all products,en_US
configurable_bundle.template.name.3,Boiler System Bundle,en_US
configurable_bundle.template_slots.boiler-pump.name,Pump & Hydraulic Component,en_US
configurable_bundle.template_slots.boiler-control.name,Control & Measurement,en_US
configurable_bundle.template_slots.boiler-valves.name,Valves & Safety Hardware,en_US
configurable_bundle.template_slots.boiler-seals.name,Seals & Gasket Kits,en_US
product.option.group.name.hrs_warranty,Warranty Extension,en_US
product.option.group.name.hrs_insurance,Installation Insurance,en_US
