key,translation,locale
cart.remove.items.success,Товари успішно видалено,uk_UA
cart.add.items.success,Позиції успішно додано,uk_UA
cart.add.items.error.text,Щось пішло не так. Вибачте.,uk_UA
cart.your-order,Ваше замовлення,uk_UA
cart.price,Ціна,uk_UA
cart.shipping.order-item,+ Доставка,uk_UA
cart.shipping,Доставка,uk_UA
cart.total,Разом,uk_UA
cart.checkout,Оформлення замовлення,uk_UA
cart.empty,Ваш кошик порожній!,uk_UA
cart.cart,Кошик,uk_UA
cart.total.discount,Знижка,uk_UA
cart.vouchers,Купони,uk_UA
cart.discounts,Знижки,uk_UA
cart.item_quantity,Кількість,uk_UA
cart.item_attributes_needed,Виберіть більше атрибутів,uk_UA
cart.voucher.redeem,Використати код,uk_UA
cart.price.subtotal,Проміжна сума,uk_UA
cart.price.grand.total,Загальна сума,uk_UA
cart.total.tax_total,Податок,uk_UA
cart.total.tax_total.calculated_at_checkout,розраховується при оформленні,uk_UA
cart.delete.item,Видалити,uk_UA
cart.sales-order-threshold,Мінімальна сума замовлення,uk_UA
cart.title.available_discounts,Доступні знижки,uk_UA
checkout.sales-order-threshold,Мінімальна сума замовлення,uk_UA
sales-order-threshold.expense.name,Додаткова плата,uk_UA
sales-order-threshold.strategy.soft-minimum-threshold-fixed-fee,Додаткова плата,uk_UA
sales-order-threshold.strategy.soft-minimum-threshold-flexible-fee,Додаткова плата,uk_UA
auth.login,Зареєструватися,uk_UA
auth.password,Пароль,uk_UA
auth.password-forgot,Забули?,uk_UA
auth.email,E-mail,uk_UA
auth.register,Зареєструватися,uk_UA
auth.im-new-customer,Новий клієнт,uk_UA
auth.im-already-customer,У мене вже є акаунт,uk_UA
navigation.menu.categories,Категорії,uk_UA
navigation.menu.have-a-look,Варто поглянути,uk_UA
navigation.browse_by_category,Переглядати за категоріями,uk_UA
navigation.show_all,Показати все,uk_UA
navigation.all_prefix,Усі,uk_UA
page.checkout.errors,Перевірте введені дані.,uk_UA
page.checkout.client.existing,Наявний клієнт,uk_UA
page.checkout.client.new,Новий клієнт,uk_UA
customer.password,Пароль,uk_UA
password.confirm,Підтвердьте пароль,uk_UA
page.checkout.address.heading,1. Адресні дані,uk_UA
page.checkout.address.name,Назва,uk_UA
page.checkout.address.billing-address,Платіжна адреса,uk_UA
page.checkout.address.billing-isnt-shipping-address,Інша адреса доставки,uk_UA
page.checkout.address.shipping-address,Адреса доставки,uk_UA
page.checkout.address.address-example,Приклад:</br>Wayne Manor 1</br>10292 Gotham City</br>до рук Alfred Pennyworth,uk_UA
page.checkout.address.next-step,Перейти до способу доставки,uk_UA
page.checkout.address.edit,редагувати адресні дані,uk_UA
page.checkout.address.use_selected_address,Використати вибрану адресу,uk_UA
page.checkout.address.different_delivery_address,Використати іншу адресу доставки,uk_UA
page.checkout.address.different_billing_address,Використати іншу платіжну адресу,uk_UA
page.checkout.address.option_group.customer,Адреси клієнта,uk_UA
page.checkout.address.option_group.company_business_unit,Робочі адреси,uk_UA
page.checkout.address.delivery.address_select,Виберіть адресу доставки,uk_UA
page.checkout.address.multi_shipment.title,Призначте кожному товару власну адресу доставки,uk_UA
page.checkout.address.billing.address_select,Виберіть платіжну адресу,uk_UA
page.checkout.address.manage_your_addresses,Керувати своїми адресами,uk_UA
page.checkout.address.address_select.label,Виберіть адресу доставки,uk_UA
page.checkout.address.address_select.placeholder,Виберіть адресу,uk_UA
page.checkout.shipment.heading,2. Спосіб доставки,uk_UA
page.checkout.shipment.shipping_method_heading,Спосіб доставки,uk_UA
page.checkout.shipment.shipment_group_heading,Відправлення %current% з %total%,uk_UA
shipment.standart.name,Стандартний,uk_UA
shipment.express.name,Експрес,uk_UA
shipment.standart.description,2-4 робочих дні,uk_UA
page.checkout.shipping.delivery_time,Час доставки:,uk_UA
page.checkout.shipping.day,день,uk_UA
page.checkout.shipping.days,днів,uk_UA
page.checkout.shipping.price,Ціна:,uk_UA
shipment.express.description,24-48 годин (робочі дні),uk_UA
page.checkout.shipment.edit,редагувати спосіб доставки,uk_UA
page.checkout.shipment.next-step,Перейти до способу оплати,uk_UA
page.checkout.shipment.item.quantity,Сума,uk_UA
page.checkout.shipment.item.price,Ціна,uk_UA
page.checkout.shipment.shipping_address.title,Адреса доставки,uk_UA
page.checkout.shipment.requested_delivery_date.label,Бажана дата доставки,uk_UA
page.checkout.shipment.requested_delivery_date.placeholder,"Залиште порожнім, якщо хочете отримати якнайшвидше",uk_UA
page.checkout.shipment.requested_delivery_date.title,Коли ви хочете отримати доставку?,uk_UA
page.checkout.shipping.delivery_time,Час доставки,uk_UA
page.checkout.payment.heading,3. Спосіб оплати,uk_UA
page.checkout.payment.title,Спосіб оплати,uk_UA
page.checkout.payment.edit,редагувати спосіб оплати,uk_UA
page.checkout.payment.next-step,Перейти до завершення замовлення,uk_UA
page.checkout.summary.billing,Адреса для рахунку,uk_UA
page.checkout.summary.shipping,Адреса доставки,uk_UA
page.checkout.summary.date_of_birth,Дата народження,uk_UA
page.checkout.summary.card_type,Тип картки,uk_UA
page.checkout.summary.card_number,Номер картки,uk_UA
page.checkout.summary.name_on_card,Ім'я на картці,uk_UA
page.checkout.summary.card_expires,Термін дії,uk_UA
page.checkout.summary.complete_checkout,Завершити оформлення,uk_UA
page.checkout.summary.accept_terms_and_conditions,Я приймаю правила та умови,uk_UA
page.checkout.finalize.heading,4. Перевірте та завершіть замовлення,uk_UA
shipment.international.parcel.service,Міжнародні послуги доставки посилок,uk_UA
page.checkout.terms,Я приймаю загальні правила та умови.,uk_UA
page.checkout.finalize.enter-voucher,Введіть код купона,uk_UA
page.checkout.finalize.tos,"Натискаючи кнопку ""Купити зараз"", я підтверджую загальні правила та умови.",uk_UA
page.checkout.finalize.buy-now,Купити зараз,uk_UA
page.detail.add-to-cart,Додати в кошик,uk_UA
page.detail.dimensions,Розміри,uk_UA
page.product.by,від,uk_UA
page.product.details,Деталі,uk_UA
page.imprint.url,/en/imprint,uk_UA
page.imprint.title,Вихідні дані,uk_UA
page.terms.url,/en/gtc,uk_UA
page.terms.title,GTC,uk_UA
page.privacy.url,/en/privacy,uk_UA
page.privacy.title,Захист даних,uk_UA
catalog.currency,€,uk_UA
catalog.filter.button,Фільтрувати,uk_UA
catalog.filter.and.sorting.button,Фільтри,uk_UA
catalog.filter.active,Активний фільтр,uk_UA
catalog.filter.main_color,Колір,uk_UA
catalog.filter.extras,Інші характеристики,uk_UA
catalog.filter.pricerangeFrom,від,uk_UA
catalog.filter.pricerangeTo,до,uk_UA
catalog.filter.rangeFrom,Діапазон,uk_UA
catalog.filter.rangeTo,до,uk_UA
catalog.filter.show,додати фільтр,uk_UA
catalog.filter.hide,приховати фільтр,uk_UA
catalog.filter.per,На сторінку,uk_UA
catalog.filter.sort,Сортувати за,uk_UA
catalog.filter.rating_up,і більше,uk_UA
catalog.filter.active_rating_up,Зірок і більше,uk_UA
catalog.itemsFound,Знайдені позиції,uk_UA
catalog.loading,Завантаження,uk_UA
catalog.next,продовжити,uk_UA
catalog.prev,назад,uk_UA
catalog.sort,Сортування,uk_UA
catalog.sort.relevance,Сортувати за релевантністю,uk_UA
catalog.sort.name_asc,Сортувати за назвою за зростанням,uk_UA
catalog.sort.name_desc,Сортувати за назвою за спаданням,uk_UA
catalog.sort.price_asc,Сортувати за ціною за зростанням,uk_UA
catalog.sort.price_desc,Сортувати за ціною за спаданням,uk_UA
catalog.sort.rating,Сортувати за оцінками товарів,uk_UA
catalog.filter.activeFilters,Активні фільтри,uk_UA
catalog.filter.resetAllFilters,Скинути всі фільтри,uk_UA
catalog.no-results,Немає результатів.,uk_UA
product.filter.category,Категорії,uk_UA
product.filter.price,Діапазон цін,uk_UA
product.filter.rating,Оцінки товару,uk_UA
shipment.dhl,DHL,uk_UA
shipment.dhl.paket.name,Пакет,uk_UA
shipment.dhl.paket.description,"DHL Paket — це проста, доступна, швидка й надійна служба доставки до понад 220 країн світу.",uk_UA
shipment.dhl.express.name,Експрес,uk_UA
shipment.dhl.express.description,Наш колектив із 100 000 відданих співробітників працює по всьому світу. Локальні знання та наша унікальна мережа роблять нас вашими міжнародними спеціалістами.,uk_UA
shipment.dpd,DPD,uk_UA
shipment.hermes,Hermes,uk_UA
customer.first_name,Ім'я,uk_UA
customer.last_name,Назва,uk_UA
customer.salutation.mr,Пан,uk_UA
customer.salutation.mrs,Пані,uk_UA
customer.salutation.ms,Пані,uk_UA
customer.salutation.dr,Д-р,uk_UA
customer.birth_date,Дата народження (ДД.ММ.РРРР),uk_UA
customer.email,E-Mail,uk_UA
customer.phone,Номер телефону,uk_UA
customer.reset.password.error.already.loggedIn,"Інший клієнт уже увійшов. Вийдіть, щоб скинути пароль.",uk_UA
payment.prepay,Передоплата,uk_UA
payment.paypal,PayPal,uk_UA
payment.creditcard,Кредитна картка,uk_UA
payment.invoice,Рахунок,uk_UA
payment.cancellation.title,Скасування оплати,uk_UA
payment.cancellation.message,Ви скасували свою оплату.,uk_UA
address.street,Вулиця,uk_UA
address.street_nr,Номер,uk_UA
address.city,Місто,uk_UA
address.zip_code,Поштовий індекс,uk_UA
page.checkout.create_account,Створити акаунт клієнта,uk_UA
whishlist.whishlist,Список бажань,uk_UA
whishlist.remove,Видалити,uk_UA
whishlist.reduce,Зменшити,uk_UA
whishlist.increase,Збільшити,uk_UA
whishlist.move.to.cart,Перенести в кошик,uk_UA
checkout.thank.you,Дякуємо,uk_UA
checkout.this.is.demoshop,Це демонстраційний магазин,uk_UA
checkout.nothing.will.be.sent,"Тому, звісно, нічого не буде надіслано!",uk_UA
global.skip-to-navigation,Перейти до навігації,uk_UA
global.skip-to-products,Перейти до товарів,uk_UA
global.skip-to-content,Перейти до вмісту,uk_UA
global.order.ascendent,A-Z,uk_UA
global.show_more,Показати більше,uk_UA
global.account,Акаунт,uk_UA
global.order.descendent,Z-A,uk_UA
global.close,Закрити,uk_UA
global.search,Пошук,uk_UA
global.search.results,Результати для,uk_UA
global.search.results.no_query,Результати пошуку,uk_UA
global.search.spellingSuggestion,Ви мали на увазі,uk_UA
global.search.suggestions,Підказки пошуку,uk_UA
global.search.suggestion.in_products,Товари,uk_UA
global.search.suggestion.in_categories,Категорії,uk_UA
global.search.suggestion.in_cms,Сторінки,uk_UA
global.search.suggestion.no_result,Нічого не знайдено...,uk_UA
global.search.suggestion.see_all_products,Переглянути всі товари,uk_UA
global.benefit.free_returns,Безкоштовне повернення,uk_UA
global.benefit.warranty,3 роки гарантії,uk_UA
global.benefit.competitive_prices,Конкурентні ціни,uk_UA
global.spryker.shop,Spryker Shop,uk_UA
global.spryker.motto,технологія з якістю,uk_UA
global.payment_providers,Постачальники платіжних послуг,uk_UA
global.shipment_providers,Постачальники доставки,uk_UA
global.get_in_touch,Зв'яжіться з нами,uk_UA
global.social,Соціальні мережі,uk_UA
global.home,Головна,uk_UA
global.email.address,Адреса електронної пошти,uk_UA
global.password,Пароль,uk_UA
global.password.invalid_password,"Ваш пароль повинен містити щонайменше одну велику літеру, одну малу літеру, одну цифру та один спеціальний символ із такого списку: !@#$%^&*()_-+=[]{}|;:<>.,/?\~. Нелатинські та інші спеціальні символи не допускаються.",uk_UA
global.permission.failed,Ця дія заборонена,uk_UA
global.recover.password,Відновити пароль,uk_UA
global.accept.terms.and.conditions,Прийняти правила та умови,uk_UA
global.login,Увійти,uk_UA
global.create.account,Створити акаунт,uk_UA
global.cart,Кошик,uk_UA
global.my-cart,Мій кошик,uk_UA
global.no_image_available,Зображення недоступне,uk_UA
global.add-to-cart,Додати в кошик,uk_UA
global.subscribe.title,Відібрані матеріали про цифрову комерцію,uk_UA
global.payment_shipping,Доступні способи оплати та доставки,uk_UA
global.top_categories,Основні категорії,uk_UA
global.popular_brands,Популярні бренди,uk_UA
global.about,Про нас,uk_UA
global.contact_us,Зв'яжіться з нами,uk_UA
global.hint,"Усі ціни без витрат на доставку та обробку, якщо не зазначено інше.",uk_UA
global.thank_certeo,Велика подяка нашим друзям із Certeo.,uk_UA
global.privacy_nav.imprint,Вихідні дані,uk_UA
global.privacy_nav.imprint_url,https://spryker.com/imprint/,uk_UA
global.privacy_nav.data_privacy,Захист даних,uk_UA
global.privacy_nav.data_privacy_url,https://spryker.com/privacy-policy/,uk_UA
global.build_with,Створіть з,uk_UA
global.build_with.link,https://spryker.com/,uk_UA
global.phone.number,+49 (0) 30 208 498 350,uk_UA
global.email.text,info@spryker.com,uk_UA
global.select.placeholder.value,Виберіть значення,uk_UA
global.show,Показати,uk_UA
global.hide,Приховати,uk_UA
global.cancel,Скасувати,uk_UA
global.keep,Залишити,uk_UA
error.404,Помилка 404,uk_UA
homepage.carousel.previous,Попередня,uk_UA
homepage.carousel.next,Далі,uk_UA
customer.signup,Новий клієнт?,uk_UA
customer.signin,Увійти,uk_UA
customer.logout,Вийти,uk_UA
customer.register,Зареєструватися,uk_UA
customer.login,Увійти,uk_UA
customer.please_login,Увійти,uk_UA
customer.login.email,Email,uk_UA
customer.login.password,Пароль,uk_UA
customer.login.title,Увійдіть до свого акаунта,uk_UA
customer.login.welcome_back,З поверненням,uk_UA
customer.login.subtitle,"Увійдіть, щоб керувати замовленнями та акаунтом",uk_UA
customer.login.submit,Увійти,uk_UA
customer.login.terms,Умови,uk_UA
customer.login.error,Введена адреса електронної пошти або пароль неправильні.,uk_UA
customer.login.continue_as_guest,Продовжити як гість,uk_UA
customer.registration.title,Створити акаунт,uk_UA
customer.account.no_order,Поки що немає замовлень,uk_UA
customer.account,Акаунт клієнта,uk_UA
customer.account.contact,Контакти,uk_UA
customer.account.overview,Огляд,uk_UA
customer.account.profile_data,Профіль,uk_UA
customer.account.address,Адреси,uk_UA
customer.account.address.no-addresses,Ще не додано жодної адреси!,uk_UA
customer.account.address.no-addresses-description,"Тут ви знайдете свої адреси та зможете ними керувати, коли вони стануть доступні.",uk_UA
customer.account.order_history,Історія замовлень,uk_UA
customer.account.button.search_filters,Пошук і фільтри,uk_UA
customer.account.newsletter,Розсилка,uk_UA
customer.account.last_orders,Останні замовлення,uk_UA
customer.account.default_billing_address,Платіжна адреса за замовчуванням,uk_UA
customer.account.please_specify_billing_address,Вкажіть платіжну адресу,uk_UA
customer.account.default_shipping_address,Адреса доставки за замовчуванням,uk_UA
customer.account.default_address,Адреса,uk_UA
customer.account.default_both_addresses,Адреса за замовчуванням,uk_UA
customer.account.please_specify_shipping_address,Вкажіть адресу доставки,uk_UA
customer.account.edit_address_information,Редагувати адресні дані,uk_UA
customer.account.additional_addresses,Додаткові адреси,uk_UA
customer.account.button.add_new_address,Додати нову адресу,uk_UA
customer.account.add_new_address,Вкажіть нову адресу,uk_UA
customer.account.deliver_to_multiple_addresses,Доставка на кілька адрес,uk_UA
customer.account.delete.error,Акаунт не можна видалити,uk_UA
customer.newsletter.not_subscribed,Немає підписки на розсилку,uk_UA
customer.profile.order_history,Останні замовлення,uk_UA
customer.account.no_orders,Поки що немає замовлень,uk_UA
customer.address.updated,Адресу успішно оновлено,uk_UA
customer.address.delete.success,Адресу успішно видалено,uk_UA
customer.address.added,Адресу успішно додано,uk_UA
customer.address.first_name,Ім'я,uk_UA
customer.address.last_name,Прізвище,uk_UA
customer.address.company,Компанія,uk_UA
customer.address.address1,Вулиця,uk_UA
customer.address.address2,Номер,uk_UA
customer.address.address3,Додаток до адреси,uk_UA
customer.address.zip_code,Поштовий індекс,uk_UA
customer.address.city,Місто,uk_UA
customer.address.country,Країна,uk_UA
customer.address.phone,Телефон,uk_UA
customer.address.is_default_billing,Платіжна адреса за замовчуванням,uk_UA
customer.address.is_default_shipping,Адреса доставки за замовчуванням,uk_UA
customer.anonymization.success,Ваш акаунт успішно видалено,uk_UA
customer.anonymization.failed,Не вдалося видалити ваш акаунт,uk_UA
customer.authorization.success,"Майже готово! Ми надіслали вам лист для підтвердження адреси електронної пошти. Підтвердьте її, щоб мати змогу увійти.",uk_UA
customer.authorization.account_confirmed,"Вашу адресу електронної пошти підтверджено. Увійдіть, щоб продовжити.",uk_UA
customer.error.confirm_email_link.invalid_or_used,Це посилання для підтвердження електронної пошти недійсне або вже використане.,uk_UA
customer.authorization.validate_email_address,"Майже готово! Ми надіслали вам лист для підтвердження адреси електронної пошти. Підтвердьте її, щоб мати змогу увійти.",uk_UA
customer.profile.change.success,Профіль успішно збережено,uk_UA
customer.password.invalid_password,Поточний пароль неправильний,uk_UA
customer.password.invalid,Пароль недійсний,uk_UA
customer.password.changed,Ваш пароль успішно змінено,uk_UA
customer.token.invalid,Токен недійсний,uk_UA
customer.forgotten-password.description,"Вкажіть адресу електронної пошти, пов'язану з вашим акаунтом.",uk_UA
customer.forgotten_password.email,Адреса електронної пошти,uk_UA
customer.forgotten-password.title,Відновити мій пароль,uk_UA
customer.recovery.request.title,Не пам'ятаєте пароль?,uk_UA
customer.recovery.request.subtitle,"Вкажіть свою робочу електронну адресу, і ми надішлемо вам посилання для скидання пароля.",uk_UA
customer.recovery.email_label,Робоча електронна адреса,uk_UA
customer.recovery.request.submit,Надіслати посилання для скидання,uk_UA
customer.recovery.back_to_sign_in,Повернутися до входу,uk_UA
customer.recovery.sent.title,Перевірте свою електронну пошту,uk_UA
customer.recovery.sent.text,"Якщо для %email% існує акаунт, ми надіслали посилання для скидання пароля.",uk_UA
customer.recovery.sent.resend,Надіслати лист повторно,uk_UA
customer.recovery.reset.title,Встановіть новий пароль,uk_UA
customer.recovery.reset.subtitle,Ваш новий пароль повинен відрізнятися від раніше використаних паролів.,uk_UA
customer.recovery.reset.new_label,Новий пароль,uk_UA
customer.recovery.reset.confirm_label,Підтвердьте пароль,uk_UA
customer.recovery.reset.hint,"Щонайменше 8 символів, включно з цифрою та великою літерою.",uk_UA
customer.recovery.reset.submit,Зберегти пароль,uk_UA
customer.recovery.success.title,Пароль оновлено,uk_UA
customer.recovery.success.text,Ваш пароль успішно змінено. Тепер ви можете увійти з новим паролем.,uk_UA
customer.order.order_id,ID замовлення,uk_UA
customer.order.view_all,Переглянути все,uk_UA
customer.order.all_orders,Переглянути замовлення,uk_UA
customer.order.total,Разом,uk_UA
customer.order.view_order,Переглянути замовлення,uk_UA
customer.order.reorder,Замовити повторно,uk_UA
customer.order.reorder_all,Замовити повторно все,uk_UA
customer.order.reorder_selected,Замовити повторно вибрані позиції,uk_UA
customer.order.reorder.error.unable_to_reorder_items,"Ви не можете замовити ці товари повторно напряму, додайте їх до кошика окремо",uk_UA
customer.order.date,Дата,uk_UA
customer.order.item_sku,SKU,uk_UA
customer.order.product_name,Назва товару,uk_UA
customer.order.item_price,Ціна,uk_UA
customer.order.item_quantity,Кількість,uk_UA
customer.order.item_sum,Сума позиції,uk_UA
customer.order.item_amount,Сума,uk_UA
customer.order.subTotal,Проміжна сума,uk_UA
customer.order.taxTotal,Податок,uk_UA
customer.order.expenseTotal,Витрати на доставку (разом),uk_UA
customer.order.shipment,Відправлення,uk_UA
customer.order.discount.total,Знижка,uk_UA
customer.order.grandTotal,Загальна сума,uk_UA
customer.order.shipping_address,Адреса доставки,uk_UA
customer.order.billing_address,Платіжна адреса,uk_UA
customer.order.shipment_method,Відправлення,uk_UA
customer.order.payment_method,Спосіб оплати,uk_UA
customer.order.products,Товари,uk_UA
customer.order.payment,Оплата,uk_UA
customer.order.complete_checkout,Завершити оформлення,uk_UA
customer.order.item,Позиція,uk_UA
customer.order.items,Позиції,uk_UA
customer.order.items_state,Стан позицій,uk_UA
customer.order.no_orders,Історія замовлень недоступна!,uk_UA
customer.order.no_orders_description,"Тут ви знайдете історію замовлень і зможете нею керувати, коли вона стане доступна.",uk_UA
customer.order.item_options,Опції позиції,uk_UA
customer.order.overview,Огляд,uk_UA
customer.order.summary.items,Позиції,uk_UA
customer.order.summary.discounts,Знижки,uk_UA
customer.newsletter.subscription,Налаштування розсилки,uk_UA
customer.newsletter.subscription_agreement,Я погоджуюся на підписку на новини,uk_UA
customer.newsletter.text,"Отримуйте новини про інновації в продуктах, зміни на ринку та стратегію цифрової комерції.",uk_UA
customer.newsletter.subtitle,РОЗСИЛКА,uk_UA
customer.newsletter.hint,Ви можете відписатися будь-коли.,uk_UA
customer.profile,Мій акаунт,uk_UA
customer.profile.update,Оновити профіль,uk_UA
customer.profile.delete,Видалити акаунт,uk_UA
customer.profile.delete.description,Це видалить усю інформацію про акаунт.,uk_UA
customer.profile.delete.confirmation_question,"Ви впевнені, що хочете видалити свій акаунт?",uk_UA
customer.profile.first_name,Ім'я,uk_UA
customer.profile.last_name,Прізвище,uk_UA
customer.profile.email,Email,uk_UA
customer.profile.phone,Телефон,uk_UA
customer.profile.old_password,Старий пароль,uk_UA
customer.profile.request.new_password,Новий пароль,uk_UA
customer.profile.confirm.new_password,Підтвердьте новий пароль,uk_UA
customer.profile.address.edit,Редагувати,uk_UA
customer.profile.address.delete,Видалити,uk_UA
customer.profile.order_details,Деталі замовлення,uk_UA
customer.password.update,Змінити пароль,uk_UA
customer.password.old_password,Старий пароль,uk_UA
customer.password.request.new_password,Новий пароль,uk_UA
customer.password.confirm.new_password,Підтвердьте пароль,uk_UA
customer.table.actions,Дії,uk_UA
profile.form.salutation,Звертання,uk_UA
customer.salutation.dr,Д-р,uk_UA
customer.salutation.n/a,н/д,uk_UA
customer.customer_id,ID,uk_UA
forms.submit-btn,Надіслати,uk_UA
forms.save-btn,Зберегти,uk_UA
forms.submit.login,Увійти,uk_UA
forms.submit.register,Зареєструватися,uk_UA
forms.forgot-password,Не пам'ятаю пароль,uk_UA
forms.first-name,Ім'я,uk_UA
forms.last-name,Прізвище,uk_UA
forms.email,Email,uk_UA
forms.password,Пароль,uk_UA
forms.confirm-password,Підтвердьте пароль,uk_UA
forms.accept_terms,Прийняти умови,uk_UA
address.salutation,Звертання,uk_UA
email.orderEmail.salutationMale,Пан,uk_UA
email.orderEmail.salutationFemale,Пані,uk_UA
mail.trans.customerRegistration.confirmationLink,Підтвердьте свою адресу електронної пошти,uk_UA
customer.login.failed,Не вдалося увійти,uk_UA
customer.email.already.used,"Якщо ця адреса електронної пошти вже використовується, ви отримаєте посилання для скидання пароля. Інакше вам потрібно спочатку підтвердити свою адресу, щоб завершити реєстрацію. Перевірте свою електронну пошту.",uk_UA
customer.data_change_request.email_change.success,Вашу адресу електронної пошти успішно змінено.,uk_UA
customer.data_change_request.email_change.requested,"Ви запросили зміну своєї електронної адреси на `%newEmail%`. Підтвердьте її, натиснувши посилання для підтвердження, надіслане на цю адресу. Зверніть увагу: посилання дійсне %minutes% хвилин.",uk_UA
customer.data_change_request.invalid,Не знайдено дійсного запиту на зміну даних.,uk_UA
general.back.button,Назад,uk_UA
general.cancel.button,Скасувати,uk_UA
general.edit.button,Редагувати,uk_UA
general.required_fields.text,*Обов'язкові поля,uk_UA
newsletter.subscription.success,Ви успішно підписалися на розсилку,uk_UA
newsletter.unsubscription.success,Ви успішно відписалися від розсилки,uk_UA
newsletter.subscription.already_subscribed,Ви вже підписані на розсилку,uk_UA
newsletter.subscription.email_format_invalid,Неправильний формат адреси електронної пошти,uk_UA
customer.authentication.failed,"Перевірте, чи правильні ваша адреса електронної пошти та пароль і чи підтвердили ви свою адресу, натиснувши посилання в реєстраційному листі",uk_UA
customer.email.invalid,Адреса електронної пошти недійсна,uk_UA
customer.email.format.invalid,Неправильний формат адреси електронної пошти,uk_UA
customer.password.recovery.mail.sent,"Якщо з цією адресою електронної пошти пов'язаний акаунт, ви отримаєте лист із подальшими інструкціями",uk_UA
customer.address.number,Номер,uk_UA
customer.address.save_new_address,Зберегти нову адресу в адресній книзі,uk_UA
countries.iso.AT,Австрія,uk_UA
countries.iso.DE,Німеччина,uk_UA
countries.iso.NO,Норвегія,uk_UA
countries.iso.CH,Швейцарія,uk_UA
countries.iso.ES,Іспанія,uk_UA
countries.iso.GB,Велика Британія,uk_UA
countries.iso.US,Сполучені Штати,uk_UA
customer.billingSameAsShipping,"Платіжна адреса така сама, як адреса доставки",uk_UA
checkout.customer.proceed_as_user,Продовжити як зареєстрований користувач (реєстрація),uk_UA
checkout.customer.proceed_as_guest,Продовжити як гість,uk_UA
checkout.customer.order_as_guest,Замовити як гість,uk_UA
checkout.step.customer.title,Увійти,uk_UA
checkout.step.address.title,Адреса,uk_UA
checkout.step.shipment.title,Доставка,uk_UA
checkout.step.payment.title,Оплата,uk_UA
checkout.step.summary.title,Підтвердити,uk_UA
checkout.step.shipment,Далі,uk_UA
checkout.step.address.select_address,Виберіть адресу,uk_UA
checkout.step.payment,Далі,uk_UA
checkout.step.summary,Перейти до підсумку,uk_UA
checkout.step.summary.with_method,З,uk_UA
checkout.step.summary.items,Позиції,uk_UA
checkout.step.summary.overview,Огляд,uk_UA
checkout.step.summary.sub_total,Проміжна сума,uk_UA
checkout.step.summary.grand_total,Загальна сума,uk_UA
checkout.step.summary.payment,Оплата,uk_UA
checkout.step.summary.shipping,Доставка,uk_UA
checkout.step.summary.tax,Податок,uk_UA
checkout.step.summary.billing_address,Платіжна адреса,uk_UA
checkout.step.summary.delivery_method,Спосіб доставки,uk_UA
checkout.step.summary.requested_delivery_date,Бажана дата доставки,uk_UA
checkout.step.summary.delivery_address,Адреса доставки,uk_UA
checkout.step.summary.products,Товари,uk_UA
checkout.step.place.order,Оформити замовлення,uk_UA
checkout.step.payment.must_be_older_than_18_years,Вам повинно бути щонайменше 18 років.,uk_UA
checkout.step.success.title,Дякуємо!,uk_UA
checkout.step.success.text,Ваше замовлення успішно оформлено. Лист із підтвердженням ви отримаєте за кілька хвилин.,uk_UA
checkout.step.error.title,Ваше замовлення не було оформлено.,uk_UA
checkout.step.error.text,Щось пішло не так. Вибачте.,uk_UA
checkout.back_button,Повернутися до кошика,uk_UA
checkout.secure,Безпечне оформлення замовлення,uk_UA
customer.password.change.success,Пароль успішно змінено,uk_UA
customer.newsletter.subscribed,Підписку на розсилку оформлено,uk_UA
dynamic_entity.validation.invalid_data_format,"Недійсний або відсутній формат даних. Переконайтеся, що дані надано в правильному форматі. Приклад вмісту запиту: {'data':[{...},{...},..]}",uk_UA
dynamic_entity.validation.persistence_failed,Не вдалося зберегти дані для `%errorPath%`. Перевірте надані дані та спробуйте знову.,uk_UA
dynamic_entity.validation.persistence_failed_duplicate_entry,Не вдалося зберегти дані для `%errorPath%`. Перевірте надані дані та спробуйте знову. Запис дублюється.,uk_UA
dynamic_entity.validation.persistence_failed_not_nullable_field,Не вдалося зберегти дані для `%errorPath%`. Перевірте надані дані та спробуйте знову. Поле не може бути порожнім.,uk_UA
dynamic_entity.validation.delete_foreign_key_constraint_fails,Не вдалося видалити дані для `%errorPath%`. Сутність має дочірню сутність і не може бути видалена. Дочірня сутність: `%childEntity%`.,uk_UA
dynamic_entity.validation.entity_does_not_exist,Сутність `%errorPath%` не знайдено в базі даних.,uk_UA
dynamic_entity.validation.invalid_field_type,Недійсний тип даних `%errorPath%` для поля `%fieldName%`,uk_UA
dynamic_entity.validation.invalid_field_value,Недійсне значення даних `%errorPath%` для поля: `%fieldName%`. Правила поля: %validationRules%,uk_UA
dynamic_entity.validation.required_field_is_missing,Обов'язкове поле не може бути порожнім. Поле: `%errorPath%.%fieldName%`,uk_UA
dynamic_entity.validation.entity_not_found_or_identifier_is_not_creatable,"Сутність `%errorPath%.%identifier%` не знайдено за ідентифікатором, і новий ідентифікатор не можна зберегти. Оновіть запит.",uk_UA
dynamic_entity.validation.modification_of_immutable_field_prohibited,Зміна незмінного поля `%errorPath%.%fieldName%` заборонена,uk_UA
dynamic_entity.validation.missing_identifier,Неповний запит — відсутній ідентифікатор для `%errorPath%`,uk_UA
dynamic_entity.validation.provided_field_is_invalid,Вказане `%errorPath%.%fieldName%` неправильне або недійсне.,uk_UA
dynamic_entity.validation.relation_is_not_editable,Відношення `%relationName%` не редагується згідно з конфігурацією.,uk_UA
dynamic_entity.validation.relation_not_found,Відношення `%relationName%` не знайдено. Перевірте запитану назву відношення та спробуйте знову.,uk_UA
dynamic_entity.validation.configuration_not_found,Не знайдено конфігурацію динамічної сутності для псевдоніма таблиці `%aliasName%`.,uk_UA
dynamic_entity.validation.filter_field_not_found,Не знайдено поле фільтра `%filterField%` для псевдоніма таблиці `%aliasName%`.,uk_UA
dynamic_entity.validation.invalid_url,URL-адреса недійсна. Поле `%errorPath%` `%fieldName%` повинно мати формат даних URL.,uk_UA
dynamic_entity.validation.method_not_allowed,Метод не дозволений для сутності `%aliasName%`.,uk_UA
validator.constraints.password.do_not_match,Паролі не збігаються,uk_UA
discount.successfully.applied,"Знижку ""display_name"" успішно застосовано",uk_UA
discount.quote_change.discount.not_available,Вибрані вами знижки для позицій із такими sku більше недоступні,uk_UA
discount.quote_change.discount.amount_changed,Вибрані вами знижки для позицій із такими sku змінилися,uk_UA
discount.quote_change.does_not_apply_for_currency,"Купон ""%code%"" вимкнено, оскільки він не діє для цієї валюти.",uk_UA
discount.voucher_code.usage_limit.reached,Досягнуто ліміт використання коду купона,uk_UA
product.unavailable,Товар '%sku%' наразі недоступний,uk_UA
product.access.denied,"На жаль, цей товар недоступний.",uk_UA
product_bundle.unavailable,Товар '%productSku%' у комплекті '%bundleSku%' наразі недоступний,uk_UA
product.attribute.slug,slug,uk_UA
product.attribute.variant_id,ID,uk_UA
product.attribute.sku,SKU,uk_UA
product.attribute.image_quality,Якість зображення,uk_UA
product.attribute.lens_system,Система об'єктива,uk_UA
product.attribute.focus,Фокус,uk_UA
product.attribute.shutter,Затвор,uk_UA
product.attribute.video,Відео,uk_UA
product.attribute.screen,Екран,uk_UA
product.attribute.processor,Процесор,uk_UA
product.attribute.memory,Пам'ять,uk_UA
product.attribute.display,Дисплей,uk_UA
product.attribute.storage,Накопичувач,uk_UA
product.attribute.color,Колір,uk_UA
product.attribute.design,Дизайн,uk_UA
product.attribute.graphics,Графіка,uk_UA
product.attribute.camera,Камера,uk_UA
product.attribute.gps,GPS,uk_UA
product.attribute.weight,Вага,uk_UA
product.attribute.waterproof,Водонепроникний,uk_UA
product.attribute.battery,Батарея,uk_UA
product.attribute.short_description,Короткий опис,uk_UA
product.attribute.long_description,Опис,uk_UA
product.attribute.manufacturer_name,Бренд,uk_UA
product.attribute.product_id,ID товару,uk_UA
product.attribute.image_big,Зображення велике,uk_UA
product.attribute.image_small,Зображення маленьке,uk_UA
product.attribute.license,Ліцензія,uk_UA
product.product_options,Опції товару,uk_UA
product.product_options_select,Виберіть опцію,uk_UA
product.attachments.downloads,Завантаження,uk_UA
product.attachments.name.col,Назва,uk_UA
product.attachments.download.col,Завантажити,uk_UA
product.sets,Набори товарів,uk_UA
product.sets.no-results,Немає результатів.,uk_UA
product.set.detail.add-all-to-cart,Додати все в кошик,uk_UA
product.set.detail.set-contents,Товари в цьому наборі,uk_UA
product.set.detail.no-products,У наборі немає товарів,uk_UA
product.view,Переглянути товар,uk_UA
product.color-selector,Доступні кольори,uk_UA
product.relation.similar-products,Схожі товари,uk_UA
newsletter.subscribe,Підписатися на розсилку,uk_UA
newsletter.form.subscribe,Підписатися,uk_UA
newsletter.form.subscribe.text,"Отримуйте новини про інновації в продуктах, зміни на ринку та стратегію цифрової комерції.",uk_UA
pagination.previous,Попередня,uk_UA
pagination.next,Далі,uk_UA
product.attribute.iso_en,ISO,uk_UA
product.attribute.waterproof_up_to,Водонепроникний до,uk_UA
product.attribute.width,Ширина,uk_UA
product.attribute.touchscreen,Сенсорний екран,uk_UA
product.attribute._none,Виберіть значення атрибута,uk_UA
product.variants,Варіанти товару,uk_UA
product.attribute.usb_version,Версія USB,uk_UA
product.attribute.thermal_design_power,Розрахункова теплова потужність,uk_UA
product.attribute.processor_boost_frequency,Розгін процесора,uk_UA
product.attribute.touch_technology,Технологія дотику,uk_UA
product.attribute.video_recording_modes,Режими відеозапису,uk_UA
product.attribute.voice_recording,Запис звуку,uk_UA
product.attribute.total_megapixels,Загальна кількість мегапікселів,uk_UA
product.attribute.white_balance,Баланс білого,uk_UA
product.attribute.themes,Теми,uk_UA
product.attribute.usb_port,Порт USB,uk_UA
product.detail.out_of_stock,Цей товар наразі недоступний.,uk_UA
product.groups,Групи товарів,uk_UA
cart.pre.check.availability.failed,Позиція %sku% доступна лише в кількості %stock%.,uk_UA
cart.pre.check.availability.failed.empty,Товар '%sku%' наразі недоступний.,uk_UA
cart.pre.check.availability.failed.lead.product,Товари в позиції 'sku' наразі недоступні.,uk_UA
mail.auth.restore_password.subject,Новий пароль до вашого акаунта Spryker Backoffice,uk_UA
mail.auth.restore_password.text,"""Хтось запросив новий пароль до вашого акаунта Spryker Backoffice. Якщо це не ви, просто проігноруйте цей лист. Якщо це ви, скористайтеся посиланням нижче:""",uk_UA
mail.auth.restore_password.label,Змінити пароль,uk_UA
mail.sender.name,Spryker No-Reply,uk_UA
mail.sender.email,noreply@demo-spryker.com,uk_UA
mail.auth.restore_password.subject,Новий пароль до вашого акаунта Spryker Backoffice,uk_UA
mail.auth.restore_password.text,"""Хтось запросив новий пароль до вашого акаунта Spryker Backoffice. Якщо це не ви, просто проігноруйте цей лист. Якщо це ви, скористайтеся посиланням нижче:""",uk_UA
mail.auth.restore_password.label,Змінити пароль,uk_UA
mail.company.status.subject,Статус вашої компанії змінився,uk_UA
mail.company.status.text,Статус вашої компанії змінився на: ,uk_UA
mail.company.status.approved,Затверджено ,uk_UA
mail.company.status.pending,Очікує на затвердження,uk_UA
mail.company.status.denied,Відмовлено,uk_UA
mail.customer.registration.subject,Дякуємо за реєстрацію в Spryker Shop!,uk_UA
mail.customer.registration.text,Дякуємо за реєстрацію в Spryker Shop!,uk_UA
mail.customer.restore_password.subject,Новий пароль до вашого акаунта Spryker Shop,uk_UA
mail.customer.restore_password.text,"""Хтось запросив новий пароль до вашого акаунта Spryker Shop. Якщо це не ви, просто проігноруйте цей лист. Якщо це ви, скористайтеся посиланням нижче:""",uk_UA
mail.customer.restore_password_confirmation.subject,Ваш пароль успішно змінено!,uk_UA
mail.customer.restore_password_confirmation.text,Ваш пароль успішно змінено!,uk_UA
mail.merchant.restore_password.subject,Новий пароль до вашого акаунта Spryker Merchant Portal,uk_UA
mail.merchant.restore_password.text,"""Хтось запросив новий пароль до вашого акаунта Spryker Merchant Portal. Якщо це не ви, просто проігноруйте цей лист. Якщо це ви, скористайтеся посиланням нижче:""",uk_UA
mail.merchant.restore_password.label,Змінити пароль,uk_UA
mail.newsletter.subscribed.subject,Вітаємо в розсилці Spryker,uk_UA
mail.newsletter.subscribed.text,"Ми раді, що ви підписалися на нашу розсилку. Ми зробимо все можливе, щоб надсилати вам найактуальніші та найцікавіші новини й оновлення.",uk_UA
mail.newsletter.subscribed.footer.text,Приємних покупок.,uk_UA
mail.newsletter.unsubscribed.subject,"Шкода, що ви йдете…",uk_UA
mail.newsletter.unsubscribed.text,"Вашу адресу електронної пошти відписано від розсилки Spryker Shop, але ви завжди можете керувати підпискою у своєму профілі клієнта.",uk_UA
mail.order.confirmation.subject,Дякуємо за замовлення в Spryker Shop,uk_UA
mail.order.confirmation.salutation,Вітаємо,uk_UA
mail.order.confirmation.text_line_1,Дякуємо за покупки в Spryker Shop!,uk_UA
mail.order.confirmation.text_line_2,"Повідомляємо, що ми отримали ваше замовлення. Підтвердження відправлення ви отримаєте від нас електронною поштою, щойно замовлення буде відправлено.",uk_UA
mail.order.confirmation.text_line_3,"Сподіваємося, замовлення вам сподобається. Якщо ви зміните думку, можете повернути його протягом 14 днів.",uk_UA
mail.order.confirmation.details,Деталі вашого замовлення,uk_UA
mail.order.confirmation.shipping_address,Адреса доставки,uk_UA
mail.order.confirmation.billing_address,Платіжна адреса,uk_UA
mail.order.confirmation.order_number,Номер замовлення,uk_UA
mail.order.confirmation.price_including_tax,Загальна ціна з податками,uk_UA
mail.order.confirmation.date,Дата замовлення,uk_UA
mail.order.confirmation.footer.text_line_1,Гарного дня!,uk_UA
mail.order.confirmation.footer.text_line_2,Ваш Spryker Shop,uk_UA
mail.order.confirmation.shipment_details,Деталі відправлення,uk_UA
mail.order.confirmation.shipment_number,Номер відправлення,uk_UA
mail.order.confirmation.shipping_method,Спосіб доставки,uk_UA
mail.order.confirmation.delivery_date,Бажана дата доставки,uk_UA
mail.order.confirmation.products_in_shipment,Товари за відправленням,uk_UA
mail.order.confirmation.product_title,Заголовок товару,uk_UA
mail.order.confirmation.item_quantity,Кількість позиції,uk_UA
mail.order.confirmation.item_sku,SKU артикула,uk_UA
mail.order.confirmation.item_price_including_tax,Загальна ціна позиції з податками,uk_UA
mail.order.shipped.subject,Ваше замовлення %orderReference% в дорозі,uk_UA
mail.order.shipped.salutation,Вітаємо,uk_UA
mail.order.shipped.text,Ваше замовлення вже в дорозі.,uk_UA
mail.order.shipped.details,Деталі вашого замовлення,uk_UA
mail.order.shipped.order_number,Номер замовлення,uk_UA
mail.order.shipped.price_including_tax,Загальна ціна з податками,uk_UA
mail.order.shipped.date,Дата замовлення,uk_UA
mail.order.shipped.footer.text_line_1,Гарного дня!,uk_UA
mail.order.shipped.footer.text_line_2,Ваш Spryker Shop,uk_UA
mail.order_invoice.subject,Рахунок: %invoiceReference%,uk_UA
cart.item.remove.confirm,"Ви впевнені, що хочете видалити цю позицію?",uk_UA
cart.voucher.remove,Видалити,uk_UA
cart.vouchers.clear-all,Очистити все,uk_UA
cart.voucher.apply.failed,Ваш код купона недійсний.,uk_UA
cart.voucher.apply.successful,Ваш код купона застосовано,uk_UA
cart.voucher.apply.non_applicable,Код купона недійсний,uk_UA
cart.code.apply.failed,Не вдалося застосувати код,uk_UA
cart_code_widget.error.too_many_requests,Занадто багато спроб використати код купона. Спробуйте пізніше.,uk_UA
cart.code.enter-code,Введіть код купона,uk_UA
cart.item.bundle.description,Позиції в комплекті:,uk_UA
cart_widget.add_product.separate,Додати як окрему позицію,uk_UA
checkout.summary.item.bundle.description,Позиції в комплекті:,uk_UA
customer.order.bundled_items,Позиції в комплекті:,uk_UA
customer.order.options,Опції товару:,uk_UA
countries.iso.AT,Австрія,uk_UA
cart.item.option.description,Опції товару:,uk_UA
cart.item.sku,SKU,uk_UA
cart.item.color,Колір,uk_UA
checkout.summary.item.option.description,Опції товару:,uk_UA
invoice.order.address.billing,Платіжна адреса,uk_UA
invoice.order.address.shipping,Адреса доставки,uk_UA
invoice.header,Рахунок,uk_UA
invoice.order.number,Номер замовлення,uk_UA
invoice.customer.number,Номер клієнта,uk_UA
invoice.created.at,Дата рахунку,uk_UA
invoice.order.item.sku,SKU,uk_UA
invoice.order.item.product_name,НАЗВА ТОВАРУ,uk_UA
invoice.order.item.quantity,КІЛЬКІСТЬ,uk_UA
invoice.order.item.price,ЦІНА ПОЗИЦІЇ,uk_UA
invoice.order.item.price_total,СУМА ПОЗИЦІЇ,uk_UA
invoice.order.grand_total,ЗАГАЛЬНА СУМА,uk_UA
invoice.order.tax_amount,З ПДВ,uk_UA
invoice.order.expenses.total,Витрати на доставку,uk_UA
invoice.company.address,Spryker Systems GmbH<br/>Julie-Wolfthorn-Straße 1<br />10115 Berlin / Німеччина,uk_UA
invoice.company.bank.information,Назва банку<br/>IBAN 1234 5678 9123 4567 89<br />BIC 12345678<br/>Торговий реєстр ABC123456<br />Податковий номер 12/345/6789,uk_UA
invoice.company.contact.information,+49 (0)30 2084983 50<br/>hello@spryker.com,uk_UA
DummyPaymentCreditCard,Кредитна картка,uk_UA
payment.dummy-payment.credit-card,Оплатіть такою кредитною карткою:,uk_UA
dummyPaymentCreditCard.card_type,Тип картки,uk_UA
dummyPaymentCreditCard.card_number,Номер картки,uk_UA
dummyPaymentCreditCard.name_on_card,Ім'я на картці,uk_UA
dummyPaymentCreditCard.card_expires,Термін дії,uk_UA
dummyPaymentCreditCard.card_security_code,CVC,uk_UA
DummyPaymentInvoice,Рахунок,uk_UA
dummyPaymentInvoice.invoice,Оплата за рахунком:,uk_UA
dummyPaymentInvoice.date_of_birth,Дата народження,uk_UA
dummyPaymentInvoice.icon,invoice-logo,uk_UA
DummyMarketplacePaymentInvoice,Рахунок маркетплейсу,uk_UA
dummyMarketplacePaymentInvoice.invoice,Оплата за рахунком:,uk_UA
checkout.payment.provider.DummyMarketplacePayment,Тестова оплата маркетплейсу,uk_UA
cart.item.item_price,Ціна позиції,uk_UA
cart.item.item_total,Сума позиції,uk_UA
cart.shipping,Доставка,uk_UA
product_review.product_ratings,Оцінки товару,uk_UA
product_review.product_reviews,Відгуки про товар,uk_UA
product_review.reviews,Відгуки,uk_UA
product_review.on,від,uk_UA
product_review.summary.star,зірка,uk_UA
product_review.summary.stars,зірки,uk_UA
product_review.summary.out_of,з,uk_UA
product_review.summary.review,відгук,uk_UA
product_review.summary.reviews,відгуки,uk_UA
product_review.summary.title,Оцінки та відгуки,uk_UA
product_review.no_reviews,Відгуків про цей товар ще немає,uk_UA
product_review.submit.add_a_review,Додати відгук,uk_UA
product_review.submit.rating,Оцінка,uk_UA
product_review.submit.rating.none,Оцінку не вибрано,uk_UA
product_review.submit.summary,Підсумок,uk_UA
product_review.submit.description,Опис,uk_UA
product_review.submit.nickname,Назва,uk_UA
product_review.submit.success,Відгук про товар успішно надіслано.,uk_UA
product_review.error.no_customer,"Увійдіть, щоб скористатися цією функцією.",uk_UA
product_review.error.invalid_rating,Потрібно вибрати оцінку товару.,uk_UA
cart.promotion.items,Акційні товари,uk_UA
checkout.payment_method.invalid,Оплата при оформленні замовлення недійсна,uk_UA
checkout.payment.provider.DummyPayment,Тестова оплата,uk_UA
checkout.order.duplicate,Замовлення із зазначеним номером {{reference}} уже існує,uk_UA
checkout.order.checkout.error.duplicate-order-processing,Кошик із зазначеним uid %quote-uid% уже оброблено,uk_UA
cms.preview.access_denied,Ви не увійшли або не маєте дозволу на доступ до цієї сторінки.,uk_UA
product-cart.validation.error.abstract-product-exists,"Товар ""sku"" не знайдено",uk_UA
product-cart.validation.error.concrete-product-exists,"Товар ""sku"" не знайдено",uk_UA
cart.item.option.pre.check.validation.error.exists,Опція товару %name% більше недоступна.,uk_UA
product-cart.validation.error.product-option-value-price-exists,Не знайдено ціну опції товару для товару '%sku%'.,uk_UA
product-cart.validation.error.concrete-product-inactive,"Товар ""sku"" не активний.",uk_UA
product-approval.message.not-approved,Товар із sku %sku% не активний.,uk_UA
product-cart.info.concrete-product-inactive.removed,Неактивну позицію %sku% було видалено з вашого кошика.,uk_UA
product-cart.info.restricted-product.removed,"Позицію %sku% було видалено з кошика, оскільки її було деактивовано.",uk_UA
reorder.info.restricted-product.removed,"Позицію %sku% не вдалося додати в кошик, оскільки її було деактивовано.",uk_UA
product.filter.label,Мітки товарів,uk_UA
product.filter.price-default-chf-gross_mode,Діапазон цін,uk_UA
product.filter.price-default-chf-net_mode,Діапазон цін,uk_UA
product.filter.price-default-eur-net_mode,Діапазон цін,uk_UA
product.filter.price-default-eur-gross_mode,Діапазон цін,uk_UA
product.filter.price-default-usd-net_mode,Діапазон цін,uk_UA
product.filter.price-default-usd-gross_mode,Діапазон цін,uk_UA
price.mode.gross_mode,Ціни з податком,uk_UA
price.mode.net_mode,Ціни без податку,uk_UA
price.mode.incl_vat,з ПДВ,uk_UA
price.mode.excl_vat,без ПДВ,uk_UA
price_product.error.price_not_found,Ціну товару не знайдено.,uk_UA
cart.pre.check.price.failed,Не знайдено ціну у вибраній валюті для товару з sku '%sku%'. Змініть валюту або видаліть товар із замовлення.,uk_UA
price.mode.switch.error,"Неможливо перемкнути режим ціни, коли в кошику є позиції.",uk_UA
price-cart-connector.info.concrete-product-without-price.removed,Позицію %sku% без ціни було видалено з вашого кошика.,uk_UA
cart.pre.check.shipment.failed,Не вдалося застосувати ці зміни. Спосіб доставки не знайдено. Виберіть інший спосіб доставки.,uk_UA
catalog.view.mode.grid,Сітка,uk_UA
catalog.view.mode.list,Список,uk_UA
cart.quantity.adjusted,"Запитану кількість позиції скориговано, оскільки вибрана кількість недоступна.",uk_UA
catalog.sale,Розпродаж,uk_UA
catalog.new,Новий,uk_UA
company.account.page-title,Моя компанія,uk_UA
company.account.no-company-title,Немає компанії,uk_UA
company.account.name,Назва компанії,uk_UA
company.account,Корпоративний акаунт,uk_UA
company.account.address.edit,Редагувати,uk_UA
company.account.address.delete,Видалити,uk_UA
company.account.shipping_address,Адреса доставки за замовчуванням,uk_UA
company.account.billing_address,Платіжна адреса за замовчуванням,uk_UA
company.account.address.address1,Вулиця,uk_UA
company.account.address.number,Номер,uk_UA
company.account.address.address3,Додаток до адреси,uk_UA
company.account.address.zip_code,Поштовий індекс,uk_UA
company.account.address.city,Місто,uk_UA
company.account.address.country,Країна,uk_UA
company.account.address.phone,Номер телефону,uk_UA
company.account.address,Адреси,uk_UA
company.account.edit_address_information,Редагувати адресні дані,uk_UA
company.account.login.title,Увійдіть до свого акаунта,uk_UA
company.account.login.email,Email,uk_UA
company.account.login.password,Пароль,uk_UA
company.account.registration.title,Створити акаунт,uk_UA
company.user.first_name,Ім'я,uk_UA
company.user.last_name,Прізвище,uk_UA
company.user.salutation.mr,Пан,uk_UA
company.user.salutation.mrs,Пані,uk_UA
company.user.salutation.ms,Пані,uk_UA
company.user.salutation.dr,Д-р,uk_UA
company.account.overview,Огляд,uk_UA
company.user.invitation.title.plural,Запрошення,uk_UA
company.user.invitation.invite_users,Запросити користувачів,uk_UA
company.user.invitation.imported.title.plural,Імпортовані запрошення,uk_UA
company.user.invitation.import.title,Імпортувати нові запрошення,uk_UA
company.user.invitation.import.download.errors.file,"Не вдалося імпортувати частину запрошень. Натисніть <a href=""%link%"">тут</a>, щоб завантажити файл помилок",uk_UA
company.user.invitation.import.error.message,Не вдалося імпортувати запрошення,uk_UA
company.user.invitation.file,Файл запрошень,uk_UA
company.user.invitation.first.name,Ім'я,uk_UA
company.user.invitation.last.name,Прізвище,uk_UA
company.user.invitation.mail,Пошта,uk_UA
company.user.invitation.business.unit,Бізнес-підрозділ,uk_UA
company.user.invitation.status,Статус,uk_UA
company.user.invitation.actions,Дії,uk_UA
company.user.invitation.status.new,Не надіслано,uk_UA
company.user.invitation.status.pending,В очікуванні,uk_UA
company.user.invitation.status.accepted,Прийнято,uk_UA
company.user.invitation.not.found.message,Запрошення не знайдено,uk_UA
company.user.invitation.send.button,Надіслати,uk_UA
company.user.invitation.sent.success.message,Запрошення успішно надіслано,uk_UA
company.user.invitation.sent.error.message,Запрошення не було надіслано,uk_UA
company.user.invitation.send.all.button,Надіслати все,uk_UA
company.user.invitation.sent.all.success.message,Усі запрошення успішно надіслано,uk_UA
company.user.invitation.sent.all.none.found.message,Не знайдено запрошень для надсилання,uk_UA
company.user.invitation.sent.all.error.message,Не вдалося надіслати частину запрошень,uk_UA
company.user.invitation.resend.title,Надіслати запрошення повторно,uk_UA
company.user.invitation.resend.confirmation.question,"Ви впевнені, що хочете надіслати запрошення повторно?",uk_UA
company.user.invitation.resend.button,Надіслати повторно,uk_UA
company.user.invitation.resent.success.message,Запрошення успішно надіслано повторно,uk_UA
company.user.invitation.resent.error.message,Запрошення не було надіслано повторно,uk_UA
company.user.invitation.delete.title,Видалити запрошення,uk_UA
company.user.invitation.delete.confirmation.question,"Ви впевнені, що хочете видалити запрошення?",uk_UA
company.user.invitation.delete.button,Видалити,uk_UA
company.user.invitation.deleted.success.message,Запрошення успішно видалено,uk_UA
company.user.invitation.deleted.error.message,Запрошення не було видалено,uk_UA
company.user.invitation.invalid,Ваше запрошення недійсне,uk_UA
company.user.invitation.expired,Термін дії вашого запрошення закінчився,uk_UA
company.user.invitation.accepted,Ваше запрошення вже використано,uk_UA
company.user.invitation.import.file.invalid,Файл імпорту недійсний,uk_UA
mail.company.user.invitation.subject,Запрошення,uk_UA
mail.company.user.invitation.body.html,"Вітаємо, %name%! Вас запросили до корпоративного акаунта в Spryker Demo-shop. Скористайтеся цим <a href=""%invitationLink%"">посиланням</a>, щоб завершити реєстрацію",uk_UA
mail.company.user.invitation.body.text,"Вітаємо, %name%! Вас запросили до корпоративного акаунта в Spryker Demo-shop. Скористайтеся цим посиланням %invitationLink%, щоб завершити реєстрацію",uk_UA
company.account.add_new_address,Вкажіть нову адресу,uk_UA
company.account.table.actions,Дії,uk_UA
company.account.business_unit.view,Переглянути,uk_UA
company.account.business_unit.create,Створити бізнес-підрозділ,uk_UA
company.account.business_unit.edit,Редагувати,uk_UA
company.account.business_unit.delete,Видалити,uk_UA
company.account.business_unit.address,Адреси,uk_UA
company.account.business_unit.details,Деталі,uk_UA
company.account.business_unit.description,"Створюючи новий бізнес-підрозділ, ви можете задати різні ролі та підрозділи.",uk_UA
company.company_business_unit.delete.error.has_users,"Ви не можете видалити бізнес-підрозділ, поки він містить користувачів",uk_UA
company.company_business_unit.delete.confirmation.warning,Попередження,uk_UA
company.company_business_unit.delete.confirmation.back,Назад,uk_UA
company.account.address.is_default_billing,Платіжна адреса за замовчуванням,uk_UA
company.account.authorization.success,Реєстрація успішна,uk_UA
company.account.company_user,Користувачі,uk_UA
company.account.company_user.add,Додати нового користувача,uk_UA
company.account.company_role,Ролі,uk_UA
company.account.company_role.add,Додати нову роль,uk_UA
company.account.company_role.default,За замовчуванням,uk_UA
company.account.company_role.edit,Редагувати,uk_UA
company.account.company_role.name,Назва,uk_UA
company.account.company_role.is_default,За замовчуванням,uk_UA
company.account.company_role.edit_information,Редагувати роль '%role_name%',uk_UA
company.account.company_role.details,Деталі,uk_UA
company.account.company_role.view,Переглянути,uk_UA
company.account.company_role.user.manage,Керувати призначеними користувачами компанії,uk_UA
company.account.company_role.users,Користувачі,uk_UA
company.account.company_role.permissions,Дозволи,uk_UA
company.account.company_role.permission.key,Ключ,uk_UA
company.account.company_role.permission.configure,Налаштувати,uk_UA
company.account.company_role.permission.manage,Керувати дозволами,uk_UA
company.account.company_role.permission.status,Статус,uk_UA
company.account.company_role.permission.assign,Призначити,uk_UA
company.account.company_role.permission.assigned,Призначено,uk_UA
company.account.company_role.permission.unassign,Скасувати призначення,uk_UA
company.account.company_role.permission.unassigned,Не призначено,uk_UA
company.company_role.delete.error.has_users,"Ви не можете видалити роль, поки вона містить користувачів",uk_UA
company.account.business_unit.name,Назва,uk_UA
company.account.business_unit.email,Email,uk_UA
company.account.business_unit.phone,Номер телефону,uk_UA
company.account.business_unit.external_url,Зовнішня URL-адреса,uk_UA
company.account.business_unit,Бізнес-підрозділи,uk_UA
company.account.business_unit.add,Створити бізнес-підрозділ,uk_UA
company.account.business_unit.edit,Редагувати,uk_UA
company.account.business_unit.edit_information,Редагувати бізнес-підрозділ,uk_UA
company.account.company_name,Назва компанії,uk_UA
company.account.company_user,Користувачі,uk_UA
company.account.company_user.name,Назва,uk_UA
company.account.company_user.role,Ролі,uk_UA
company.account.company_user.add,Створити користувача,uk_UA
company.account.company_user.business_unit,Бізнес-підрозділ,uk_UA
company.account.company_user.edit,Редагувати,uk_UA
company.account.company_user.create.successful,Користувача компанії успішно створено,uk_UA
company.account.company_user.update.successful,Користувача компанії успішно оновлено,uk_UA
company.account.company_user.delete.successful,Користувача компанії успішно видалено,uk_UA
company.account.company_user.delete.error,Користувача компанії не можна видалити,uk_UA
company.account.company_user.delete.error.delete_yourself,Ви не можете видалити самого себе,uk_UA
company.account.company_user.delete.confirmation.warning,Попередження,uk_UA
company.account.company_user.delete.confirmation.trying_to_delete,Ви намагаєтеся видалити користувача,uk_UA
company.account.company_user.delete.confirmation.deleted_from_everywhere,Він буде видалений з усіх місць,uk_UA
company.account.company_user.delete,Видалити,uk_UA
company.account.company_user.edit_information,Редагувати дані користувача,uk_UA
customer.access.cannot_see_price,"Увійдіть, щоб побачити ціну",uk_UA
company.account.company_user.delete.back,Назад,uk_UA
company.account.company_user.edit_information,Редагувати користувача '%first_name% %last_name%',uk_UA
company.account.company_user.enable,Увімкнути,uk_UA
company.account.company_user.disable,Вимкнути,uk_UA
company.account.company_user.status.enable.success,Користувача компанії успішно увімкнено,uk_UA
company.account.company_user.status.enable.error,Користувача компанії не можна увімкнути,uk_UA
company.account.company_user.status.enable.error.cannot_enable_yourself,Ви не можете увімкнути самого себе,uk_UA
company.account.company_user.status.disable.success,Користувача компанії успішно вимкнено,uk_UA
company.account.company_user.status.disable.error,Користувача компанії не можна вимкнути,uk_UA
company.account.company_user.status.disable.error.cannot_disable_yourself,Ви не можете вимкнути самого себе,uk_UA
quick-order.page-title,Швидке замовлення,uk_UA
quick-order.input-label.qty,Кількість,uk_UA
quick-order.input-label.sku,SKU,uk_UA
quick-order.button.add-more-rows,Додати більше рядків,uk_UA
quick-order.button.create-order,Створити замовлення,uk_UA
quick-order.button.clear-all-rows,Очистити всі рядки,uk_UA
quick-order.message.success.the-form-items-have-been-successfully-cleared,Позиції форми успішно очищено.,uk_UA
quick-order.errors.items-required,Вкажіть щонайменше одне SKU товару,uk_UA
quick-order.errors.quantity-required,Кількість має бути не менше 1,uk_UA
quick-order.errors.quantity-invalid,Введена кількість недійсна. Кількість скориговано до найближчого можливого допустимого значення.,uk_UA
quick-order.paste-order.title,Додати артикули,uk_UA
quick-order.paste-order.description,"Скопіюйте та вставте свої артикули, вказавши SKU і кількість, розділені пробілом, точкою з комою або комою.",uk_UA
quick-order.paste-order.input-placeholder.copy-paste-order,Вставте своє замовлення тут,uk_UA
quick-order.paste-order.button.verify,Підтвердити,uk_UA
quick-order.paste-order.errors.text-order-format-incorrect,Неправильний формат замовлення.,uk_UA
quick-order.paste-order.errors.parser.separator-not-detected,Розділювач не визначено.,uk_UA
quick-order.file-upload-order.title,Завантажити своє замовлення,uk_UA
quick-order.file-upload-order.description,Виберіть файл,uk_UA
quick-order.file-upload-order.success-message,Файл успішно завантажено,uk_UA
quick-order.file-upload-order.error-message,"Не вдалося завантажити файл. Натисніть тут %url%, щоб завантажити шаблон csv",uk_UA
quick-order.file-upload-order.file-template-download-message,"Натисніть тут, щоб завантажити шаблон %template%",uk_UA
quick-order.file-upload-order.button.upload,Завантажити,uk_UA
quick-order.upload-order.errors.upload-order-invalid-mime-type,Недійсний тип файлу.,uk_UA
quick-order.upload-order.errors.upload-order-invalid-amount-of-rows,Занадто багато рядків — файл не можна обробити.,uk_UA
quick-order.upload-order.errors.upload-order-invalid-format,Недійсний формат.,uk_UA
quick-order.upload-order.errors.upload-order-no-file,Файл не було додано.,uk_UA
quick-order.input-label.sku.name,SKU або назва,uk_UA
quick-order.input.placeholder,Пошук за SKU або назвою,uk_UA
quick-order.input-label.measurement_unit,Одиниця виміру,uk_UA
quick-order.input-label.merchant,Продавець,uk_UA
quick-order.input-label.price,Ціна,uk_UA
quick-order.search.no_results,Позицію не знайдено,uk_UA
quick-order.input-quantity.message.error,Замовлену кількість скориговано до найближчої можливої кількості для артикула.,uk_UA
quick-order.upload-order.errors.upload-order-invalid-sku-item,Товар із таким SKU не знайдено.,uk_UA
quick-order.upload-order.allowed-file-extensions,Приймаються лише файли %extensions%,uk_UA
quick-order.upload-order.browse-file,Файл не вибрано. Огляд файлів,uk_UA
checkout.pre.check.shipment.failed,Недійсний спосіб доставки %method_name% (%carrier_name%).,uk_UA
checkout.validation.company_address.not_found,Адресу компанії з ID %id% не знайдено.,uk_UA
checkout.validation.company_address.not_applicable,Адреси компанії застосовуються лише для користувачів компанії.,uk_UA
checkout.validation.item.no_shipment_selected,Для позиції кошика %id% не вибрано відправлення.,uk_UA
checkout.validation.customer_address.not_found,Адресу клієнта з ID %id% не знайдено.,uk_UA
checkout.validation.customer_address.not_applicable,Адреси клієнта застосовуються лише для клієнтів.,uk_UA
measurement_units.item.name,Позиція,uk_UA
measurement_units.standard.weight.kilo.name,Кіло,uk_UA
measurement_units.standard.weight.gram.name,Грам,uk_UA
measurement_units.standard.weight.tone.name,Тонна,uk_UA
measurement_units.standard.weight.gbou.name,GB Ounce,uk_UA
measurement_units.standard.weight.usou.name,Унція США,uk_UA
measurement_units.standard.weight.pund.name,Фунт,uk_UA
measurement_units.standard.weight.huwg.name,Центнер,uk_UA
measurement_units.standard.weight.gbtn.name,GB Ton,uk_UA
measurement_units.standard.weight.ustn.name,Тонна США,uk_UA
measurement_units.standard.weight.oztr.name,Тройська унція,uk_UA
measurement_units.standard.weight.ucwt.name,Центнер США,uk_UA
measurement_units.standard.length.metr.name,Метр,uk_UA
measurement_units.standard.length.cmet.name,Сантиметр,uk_UA
measurement_units.standard.length.mmet.name,Міліметр,uk_UA
measurement_units.standard.length.kmet.name,Кілометр,uk_UA
measurement_units.standard.length.inch.name,Дюйм,uk_UA
measurement_units.standard.length.yard.name,Ярд,uk_UA
measurement_units.standard.length.foot.name,Фут,uk_UA
measurement_units.standard.length.mile.name,Миля,uk_UA
measurement_units.standard.area.smet.name,Квадратний метр,uk_UA
measurement_units.standard.area.sqki.name,Квадратний кілометр,uk_UA
measurement_units.standard.area.smil.name,Квадратний міліметр,uk_UA
measurement_units.standard.area.scmt.name,Квадратний сантиметр,uk_UA
measurement_units.standard.area.sqin.name,Квадратний дюйм,uk_UA
measurement_units.standard.area.sqfo.name,Квадратний фут,uk_UA
measurement_units.standard.area.sqmi.name,Квадратна миля,uk_UA
measurement_units.standard.area.sqya.name,Квадратний ярд,uk_UA
measurement_units.standard.area.acre.name,Акр,uk_UA
measurement_units.standard.area.ares.name,Є,uk_UA
measurement_units.standard.area.hect.name,Гектар,uk_UA
measurement_units.standard.litr.name,Літр,uk_UA
measurement_units.standard.celi.name,Сантилітр,uk_UA
measurement_units.standard.mili.name,Мілілітр,uk_UA
measurement_units.standard.gbga.name,GB Gallon,uk_UA
measurement_units.standard.gbpi.name,GB Pint,uk_UA
measurement_units.standard.uspi.name,Пінта США,uk_UA
measurement_units.standard.gbqa.name,GB Quart,uk_UA
measurement_units.standard.usqa.name,Кварта США,uk_UA
measurement_units.standard.usga.name,Галон США,uk_UA
measurement_units.standard.barl.name,Барель,uk_UA
measurement_units.standard.bcuf.name,Мільярд кубічних футів,uk_UA
measurement_units.standard.bdft.name,Дошкові фути,uk_UA
measurement_units.standard.cbme.name,Кубічний метр,uk_UA
measurement_units.standard.miba.name,Мільйон барелів,uk_UA
measurement_units.standard.dgeu.name,Еквівалент галона дизеля,uk_UA
measurement_units.standard.ggeu.name,Еквівалент галона бензину,uk_UA
measurement_units.standard.busl.name,Бушель,uk_UA
measurement_units.recommendation.between-units-info,Вибрана вами кількість перебуває між 2 базовими одиницями,uk_UA
measurement_units.recommendation.min-violation,Вимоги до мінімальної кількості для товару не виконано,uk_UA
measurement_units.recommendation.max-violation,Вимоги до максимальної кількості для товару не виконано,uk_UA
measurement_units.recommendation.suggestion,Бажаєте додати,uk_UA
measurement_units.new-price,Нова ціна,uk_UA
product.measurement.sales_unit,Одиниця продажу,uk_UA
cart.pre.check.quantity.min.failed,Вимоги до мінімальної кількості для товару з SKU '%sku%' не виконано.,uk_UA
cart.pre.check.quantity.max.failed,Перевищено максимальну кількість для товару з SKU '%sku%'.,uk_UA
cart.pre.check.quantity.value.failed,Неправильна кількість для товару з SKU '%sku%'.,uk_UA
cart.pre.check.quantity.interval.failed,Вимоги до інтервалу кількості для товару з SKU '%sku%' не виконано.,uk_UA
persistent_cart.error.quote.not_available,Кошик не існує,uk_UA
persistent_cart.quote.remove.success,Кошик успішно видалено,uk_UA
persistent_cart.quote.remove.can_not_remove_last_cart,Клієнт повинен мати щонайменше один кошик,uk_UA
cart_note.cart_page.item.note_added,Примітку успішно додано до позиції '%sku%',uk_UA
cart_note.cart_page.cart.note_added,Примітку успішно додано до кошика,uk_UA
cart_note.quote_form.enter_note,Додати примітку до кошика,uk_UA
cart_note.quote_form.placeholder,Введіть свою примітку,uk_UA
cart_note.item_form.enter_note,Додати примітку до позиції,uk_UA
cart_note.item_form.placeholder,Введіть свою примітку,uk_UA
cart_note.form.save,Зберегти,uk_UA
cart_note.form.comment,Коментар,uk_UA
cart_note.form.add_comment,Додати коментар,uk_UA
cart_note.form.edit_comment,Редагувати коментар,uk_UA
cart_note.form.remove_comment,Видалити коментар,uk_UA
cart_note.checkout_page.item_note,Примітка,uk_UA
cart_note.checkout_page.quote_note,Примітка до кошика,uk_UA
cart_note.customer_page.item_note,Примітка до позиції замовлення,uk_UA
cart_note.customer_page.order_note,Примітка до замовлення,uk_UA
cart.validate.items.price.changed,Ціни на товари з SKU '%sku%' було змінено.,uk_UA
multi_cart.form.create_cart,Додати новий кошик,uk_UA
multi_cart.form.quote.name,Назва кошика,uk_UA
multi_cart.form.duplicate,Дублювати,uk_UA
multi_cart.form.edit,Редагувати,uk_UA
multi_cart.form.edit_cart,Редагувати кошик,uk_UA
multi_cart.form.edit_cart_information,"Редагувати ""cart_name""",uk_UA
multi_cart.cart.set_default.success,Кошик '%quote%' успішно встановлено як ваш активний кошик.,uk_UA
multi_cart_page.cart_clear.success,Кошик успішно очищено,uk_UA
multi_cart_page.cart_delete_confirmation.warning,Попередження,uk_UA
multi_cart_page.cart_delete_confirmation.trying_to_delete,Ви намагаєтеся видалити кошик,uk_UA
multi_cart_page.cart_delete_confirmation.shared_with,Спільний доступ надано таким користувачам,uk_UA
multi_cart_page.cart_delete_confirmation.from_all_of_them,Він буде видалений з усіх них,uk_UA
multi_cart_page.cart_delete_confirmation.cancel,Скасувати,uk_UA
multi_cart_page.cart_delete_confirmation.delete,Видалити,uk_UA
multi_cart_page.cart_delete_confirmation.breadcrumbs.shopping_carts,Кошики,uk_UA
multi_cart_page.delete_all,Видалити все,uk_UA
multi_cart_widget.cart.cart_name,Назва кошика,uk_UA
multi_cart_widget.cart.cart_name.aria_label,Назва кошика: %cartName%,uk_UA
multi_cart_widget.cart.add,Створити новий кошик,uk_UA
multi_cart_widget.cart.action.change_name,Змінити назву,uk_UA
multi_cart_widget.cart.action.duplicate,Дублювати,uk_UA
multi_cart_widget.cart.action.clear,Очистити кошик,uk_UA
multi_cart_widget.cart.action.delete,Видалити кошик,uk_UA
multi_cart_widget.cart.action.view,Переглянути деталі,uk_UA
multi_cart_widget.cart.action.set_default,Зробити активним,uk_UA
multi_cart_widget.cart.default,Активний,uk_UA
multi_cart_widget.cart.item,Позиція,uk_UA
multi_cart_widget.cart.items,Позиції,uk_UA
multi_cart_widget.cart.view_all,Усі кошики,uk_UA
multi_cart_widget.cart.cart,Кошик,uk_UA
multi_cart_widget.cart.carts,Кошики,uk_UA
multi_cart_widget.cart.list,Список кошиків,uk_UA
multi_cart_widget.cart.status,Статус,uk_UA
multi_cart_widget.cart.sub_total,Проміжна сума,uk_UA
multi_cart_widget.cart.actions,Дії,uk_UA
multi_cart_widget.cart.created.success,Кошик '%quoteName%' успішно створено,uk_UA
multi_cart_widget.cart.updated.success,Кошик успішно оновлено,uk_UA
multi_cart_widget.cart.remove.confirm,"Ви впевнені, що хочете видалити цей кошик?",uk_UA
multi_cart_widget.cart.delete.error,Кошик не можна видалити,uk_UA
multi_cart_widget.aria_label.mini-cart-radio-switcher,Перемкнути поточний кошик на %cartName%,uk_UA
shared_cart_widget.add_product.separate,Додати як окрему позицію,uk_UA
shared_cart_widget.cart.share,Поділитися кошиком,uk_UA
shared_cart_widget.cart.unshare,Припинити спільний доступ до кошика,uk_UA
shared_cart_widget.cart.dismiss,Відхилити,uk_UA
shared_cart_widget.share_list.shared_with,Кошиком поділилися з,uk_UA
shared_cart_widget.share_list.customer_name,Користувач,uk_UA
shared_cart_widget.share_list.permission,Рівень доступу,uk_UA
shared_cart_widget.share_list.actions,Дії,uk_UA
shared_cart_widget.share_list.action.unshare,Припинити спільний доступ до кошика,uk_UA
shared_cart.share_list.permissions.NO_ACCESS,Немає доступу,uk_UA
shared_cart.share_list.permissions.READ_ONLY,Лише для читання,uk_UA
shared_cart.share_list.permissions.FULL_ACCESS,Повний доступ,uk_UA
shared_cart.share_list.permissions.OWNER_ACCESS,Доступ власника,uk_UA
shared_cart.form.share_cart,Поділитися кошиком,uk_UA
shared_cart.form.share_cart.title,"Поділитися кошиком ""cart_name""",uk_UA
shared_cart.form.customer,Користувач,uk_UA
shared_cart.form.select_customer,Виберіть користувача,uk_UA
shared_cart.form.select_permissions,Доступ,uk_UA
shared_cart.form.share_button,Поділитися,uk_UA
shared_cart.form.save_button,Зберегти,uk_UA
shared_cart.form.data_empty,"Немає користувачів, яким ви можете надати доступ до кошика.",uk_UA
shared_cart.share.error.already_exist,Кошиком уже поділилися з цим клієнтом,uk_UA
shared_cart.share.breadcrumbs.share,Поділитися,uk_UA
shared_cart.share.breadcrumbs.shopping_carts,Кошики,uk_UA
shared_cart.share.form.users,Користувачі,uk_UA
shared_cart_page.share.success,Кошиком успішно поділилися,uk_UA
shared_cart_page.unshare.success,Спільний доступ до кошика успішно припинено,uk_UA
shared_cart_page.dismiss_confirmation.warning,Попередження,uk_UA
shared_cart.dismiss.title,Скасувати спільний кошик ‘quote_name’,uk_UA
shared_cart_page.share.breadcrumbs.dismiss,Відхилити,uk_UA
shared_cart_page.cart.dismiss,Відхилити,uk_UA
shared_cart_page.dismiss_confirmation.trying_to_dismiss,"Ви впевнені, що хочете скасувати кошик?",uk_UA
shared_cart_page.dismiss.success,Кошик успішно скасовано.,uk_UA
shared_cart.cart.set_default.success,Кошик '%quote%' успішно встановлено як активний.,uk_UA
shopping_list.shopping_list,Списки покупок,uk_UA
shopping_list.item_quantity,Кількість,uk_UA
shopping_list.remove_all_items,Видалити все,uk_UA
shopping_list.item_note,Коментар:,uk_UA
shopping_list.item_note.add,Додати коментар,uk_UA
shopping_list.item_note.enter_note,Додати примітку до позиції,uk_UA
customer.account.shopping_list,Списки покупок,uk_UA
customer.account.shopping_list.access,Доступ,uk_UA
customer.account.shopping_list.access.full_access,Повний доступ,uk_UA
customer.account.shopping_list.access.read_only,Лише для читання,uk_UA
customer.account.shopping_list.create.success,Список '%name%' успішно створено.,uk_UA
customer.account.shopping_list.create.failed,Не вдалося створити список покупок.,uk_UA
customer.account.shopping_list.overview.create.success,Список покупок успішно створено.,uk_UA
customer.account.shopping_list.overview.shared_with,Доступ надано,uk_UA
customer.account.shopping_list.overview.title,Керувати списками покупок,uk_UA
customer.account.shopping_list.overview.enter_name,Введіть назву тут,uk_UA
customer.account.shopping_list.overview.add_new,Створити список покупок,uk_UA
customer.account.shopping_list.overview.name,Назва,uk_UA
customer.account.shopping_list.overview.item_count,кількість позицій,uk_UA
customer.account.shopping_list.overview.modified_date,Дата останнього оновлення,uk_UA
customer.account.shopping_list.overview.created_date,Створено,uk_UA
customer.account.shopping_list.overview.actions,Дії,uk_UA
customer.account.shopping_list.overview.edit,Редагувати,uk_UA
customer.account.shopping_list.overview.warning,Попередження,uk_UA
customer.account.shopping_list.overview.view,Переглянути,uk_UA
customer.account.shopping_list.overview.form.new,Створити новий список покупок,uk_UA
customer.account.shopping_list.overview.delete,Видалити,uk_UA
customer.account.shopping_list.overview.empty,У вас ще немає списків покупок.,uk_UA
customer.account.shopping_list.overview.share,Поділитися,uk_UA
customer.account.shopping_list.overview.print,Друк,uk_UA
customer.account.shopping_list.overview.dismiss,Відхилити,uk_UA
shopping_list_page.dismiss_confirmation.trying_to_dismiss,"Ви впевнені, що хочете скасувати список покупок?",uk_UA
shopping_list_page.dismiss.failed,Список покупок не було скасовано.,uk_UA
shopping_list_page.dismiss.success,Список покупок успішно скасовано.,uk_UA
shopping_list_page.aria_label.choose.shopping_list,"Виберіть список покупок %shoppingListName%, щоб додати його позиції в кошик.",uk_UA
customer.account.shopping_list.share.from.share,Поділитися,uk_UA
customer.account.shopping_list.share.from.share.title,"Поділитися ""%name%""",uk_UA
customer.account.shopping_list.share.from.share_with,Надати доступ до списку покупок:,uk_UA
customer.account.shopping_list.item.select_item,Потрібно вибрати хоча б один товар.,uk_UA
customer.account.shopping_list.item.add.success,Позицію %sku% додано до списку.,uk_UA
customer.account.shopping_list.item.add.failed,Не вдалося додати позицію %sku% до списку.,uk_UA
customer.account.shopping_list.items.added_to_cart.select_list,Потрібно вибрати щонайменше один список покупок.,uk_UA
customer.account.shopping_list.product,Товар,uk_UA
customer.account.shopping_list.price,Ціна,uk_UA
customer.account.shopping_list.overview.variant,Варіант,uk_UA
customer.account.shopping_list.availability,Наявність,uk_UA
customer.account.shopping_list.available,Доступний,uk_UA
customer.account.shopping_list.not_available,Наразі недоступно,uk_UA
customer.account.shopping_list.add-to-cart,Додати в кошик,uk_UA
customer.account.shopping_list.empty,Наразі у вашому списку покупок немає позицій.,uk_UA
customer.account.shopping_list.add_all_available_to_cart,Додати всі доступні товари в кошик,uk_UA
customer.account.shopping_list.quick_add,Швидко додати до списку покупок,uk_UA
customer.account.shopping_list.quick_add.submit,Додати,uk_UA
customer.account.shopping_list.subtotal,Проміжна сума,uk_UA
customer.account.shopping_list.print_shopping_list,Друк,uk_UA
customer.account.shopping_list.item.not_added,Не вдалося додати товар до списку покупок.,uk_UA
customer.account.shopping_list.add_item.success,Позицію додано до списку покупок.,uk_UA
customer.account.shopping_list.item.remove.success,Товар успішно видалено.,uk_UA
customer.account.shopping_list.item.remove.failed,Товар не було видалено зі списку покупок.,uk_UA
customer.account.shopping_list.updated,Список покупок успішно оновлено,uk_UA
customer.account.shopping_list.clear.success,Список покупок успішно очищено.,uk_UA
customer.account.shopping_list.delete.success,Список покупок успішно видалено.,uk_UA
customer.account.shopping_list.delete.failed,Список покупок не було видалено.,uk_UA
customer.account.shopping_list.delete.you_are_trying_to_delete_shopping_list,Ви намагаєтеся видалити список покупок,uk_UA
customer.account.shopping_list.delete.warning,Попередження,uk_UA
customer.account.shopping_list.delete.it_belongs_to_follow,Належить до таких,uk_UA
customer.account.shopping_list.delete.it_will_be_deleted_from_all_of_them,Він буде видалений з усіх них!,uk_UA
customer.account.shopping_list.quantity,Кількість,uk_UA
customer.account.shopping_list.remove,Видалити,uk_UA
customer.account.shopping_list.access,Доступ,uk_UA
customer.account.shopping_list.permissions.NO_ACCESS,Немає доступу,uk_UA
customer.account.shopping_list.permissions.READ_ONLY,Лише для читання,uk_UA
customer.account.shopping_list.permissions.FULL_ACCESS,Повний доступ,uk_UA
customer.account.shopping_list.item.added_to_cart.failed,Частину вибраних позицій не було додано в кошик.,uk_UA
customer.account.shopping_list.items.added_to_cart.not_found,"Немає товарів, доступних для додавання в кошик.",uk_UA
customer.account.shopping_list.item.added_to_cart,Позицію успішно додано в кошик.,uk_UA
customer.account.shopping_list.item.added_all_available_to_cart,Доступні позиції успішно додано в кошик.,uk_UA
customer.account.shopping_list.item.added_all_available_to_cart.failed,Не всі позиції успішно додано в кошик,uk_UA
validation.not_blank,Це значення не може бути порожнім.,uk_UA
validation.invalid_date,Дата повинна бути в правильному форматі %s.,uk_UA
validation.address_number,"Це значення недійсне (допустимий формат, наприклад: 12c).",uk_UA
validation.zip_code,Це поле повинно містити рівно 5 цифр.,uk_UA
validation.min_length,Це поле повинно містити щонайменше {{ limit }} символів.,uk_UA
validation.max_length.singular,Це значення завелике. Воно повинно містити {{ limit }} символ або менше.,uk_UA
validation.max_length.plural,Це значення завелике. Воно повинно містити {{ limit }} символів або менше.,uk_UA
validation.email,Це значення не є дійсною адресою електронної пошти.,uk_UA
validation.choice,Це значення недійсне,uk_UA
shopping_list.cart.items_add.failed,Не вдалося додати позиції до списку,uk_UA
shopping_list.cart.items_add.success,Позиції додано до списку,uk_UA
shopping_list.not_applicable,Н/Д,uk_UA
shopping_list_add_items_widget.add_to_shopping_list,Додати до списку покупок,uk_UA
page.detail.add-to-shopping-list,Додати до списку покупок,uk_UA
cart.add-to-shopping-list,Додати до списку покупок,uk_UA
cart.add-to-shopping-list.form,Зберегти кошик до списку покупок,uk_UA
cart.add-to-shopping-list.form.placeholder,Введіть назву нового списку покупок,uk_UA
cart.add-to-shopping-list.form.add_new,Додати новий список покупок,uk_UA
cart.add-to-shopping-list.form.create,Створити список покупок,uk_UA
cart.add-to-shopping-list.form.error.empty_name,Вкажіть назву списку покупок,uk_UA
cart.quick_add_to_cart,Швидко додати в кошик,uk_UA
cart.quick_add_to_cart.submit,Додати в кошик,uk_UA
product_quick_add_widget.form.quantity,# Кільк.,uk_UA
product_quick_add_widget.form.error.quantity.required,Кількість має бути не менше 1,uk_UA
product_quick_add_widget.form.error.quantity.max_value_constraint,Вказана кількість завелика,uk_UA
product_quick_add_widget.form.error.redirect_route_empty,Роутер перенаправлення не може бути порожнім,uk_UA
product_quick_add_widget.form.error.sku.empty,SKU не може бути порожнім,uk_UA
customer.account.shopping_list.overview.add_shopping_list_to_cart,Додати вибране до,uk_UA
customer.account.shopping_list.items.added_to_cart.failed,Частину позицій не було додано в кошик.,uk_UA
customer.account.shopping_list.items.added_to_cart,Позиції успішно додано в кошик.,uk_UA
customer.account.shopping_list.add_selected_items_to_cart,Додати вибрані позиції в кошик,uk_UA
customer.account.shopping_list.share.select_company_user,Виберіть клієнта,uk_UA
customer.account.shopping_list.share.select_company_business_unit,Виберіть бізнес-підрозділ,uk_UA
customer.account.shopping_list.share.select_permission,Виберіть рівень доступу,uk_UA
customer.account.shopping_list.share.error.one_id_required,"Виберіть клієнта або бізнес-підрозділ, якому ви хочете надати доступ до списку покупок",uk_UA
customer.account.shopping_list.share.share_shopping_list_successful,Доступ до списку покупок успішно надано,uk_UA
customer.account.shopping_list.share.share_shopping_list_fail,Доступ до цього списку покупок уже надавався цьому суб'єкту,uk_UA
customer.account.shopping_list.overview.owner,Власник,uk_UA
customer.account.shopping_list.error.duplicate_name,Список покупок із такою назвою вже існує.,uk_UA
customer.account.shopping_list.error.cannot_update,Не вдалося оновити список покупок.,uk_UA
customer.account.shopping_list.share.choose_access,Виберіть доступ,uk_UA
packaging_unit_type.item.name,Позиція,uk_UA
packaging_unit_type.ring_500.name,Моток (500 м),uk_UA
packaging_unit_type.box.name,Коробка,uk_UA
packaging_unit_type.palette.name,Палета,uk_UA
packaging_unit_type.giftbox.name,Подарункова коробка,uk_UA
packaging_unit_type.valentines_special.name,Пропозиція до Дня Валентина,uk_UA
packaging_unit_type.pack_5.name,Упаковка 5,uk_UA
packaging_unit_type.pack_10.name,Упаковка 10,uk_UA
business_on_behalf_widget.no_selected_company,Ваш бізнес-підрозділ,uk_UA
business_on_behalf_widget.change_company_user,Виберіть бізнес-підрозділ,uk_UA
company_user.business_on_behalf.error.company_not_active,Ви не можете вибрати цього користувача компанії — компанія не активна.,uk_UA
company_user.business_on_behalf.error.company_user_invalid,Ви не можете вибрати цього користувача компанії — він недійсний.,uk_UA
company_user.change_company_user,Виберіть бізнес-підрозділ,uk_UA
company_user.no_company,Немає бізнес-підрозділу,uk_UA
company_user.company_choice,Бізнес-підрозділ,uk_UA
company_user.remember_choice,Запам'ятати вибір,uk_UA
company_page.company_user_restricted_message,Звичайні клієнти не можуть працювати на корпоративних сторінках,uk_UA
company_page.company_business_unit_restricted_message,У вас немає дозволу виконати цю операцію,uk_UA
company_page.validation.error.company_user.unauthorized_request,Неавторизований запит.,uk_UA
customer.account.print_shopping_list.table.barcode,Штрихкод,uk_UA
customer.account.print_shopping_list.table.product_sku,SKU товару,uk_UA
customer.account.print_shopping_list.table.product_name,Назва товару,uk_UA
customer.account.print_shopping_list.table.default_price,Ціна за замовчуванням,uk_UA
customer.account.print_shopping_list.table.note,Примітка,uk_UA
customer.account.print_shopping_list.title.shopping_list_id,ID списку покупок,uk_UA
customer.account.print_shopping_list.title.shopping_list_name,Назва списку покупок,uk_UA
company.account.address.delete_confimation_page,Бізнес-підрозділи,uk_UA
company_page.address_delete_confirmation.title,Ви намагаєтеся видалити адресу,uk_UA
company_page.address_delete_confirmation.notification,Він належить до таких бізнес-підрозділів,uk_UA
company_page.address_delete_confirmation.delete_notification,Він буде видалений з усіх них.,uk_UA
label.button.submit,OK,uk_UA
label.button.cancel,Скасувати,uk_UA
company.account.create_address_information,Створити адресні дані,uk_UA
company.account.address,Адреса компанії,uk_UA
company.account.is_default,Кореневий,uk_UA
message.business_unit_address.create,Адресу бізнес-підрозділу '%address%' успішно створено.,uk_UA
message.business_unit_address.update,Адресу бізнес-підрозділу '%address%' успішно оновлено.,uk_UA
message.business_unit_address.delete,Адресу бізнес-підрозділу успішно видалено.,uk_UA
message.business_unit.create,Бізнес-підрозділ '%unit%' успішно створено.,uk_UA
message.business_unit.update,Бізнес-підрозділ '%unit%' успішно оновлено.,uk_UA
message.business_unit.delete,Бізнес-підрозділ '%unit%' успішно видалено.,uk_UA
message.submit_link,Ok!,uk_UA
company.business_unit.delete.message.text,Ви намагаєтеся видалити бізнес-підрозділ,uk_UA
company.account.choose_parent_company_business_unit,Виберіть батьківський бізнес-підрозділ,uk_UA
company.account.choose_parent_company_business_unit_placeholder,Назва батьківського бізнес-підрозділу,uk_UA
company.account,Корпоративний акаунт,uk_UA
company.account.form.fk_parent_company_bu.placeholder,Назва батьківського бізнес-підрозділу,uk_UA
company.account.address.delete.message.title,Попередження,uk_UA
company.account.address.delete.message.description,Ви намагаєтеся видалити адресу,uk_UA
company.account.address.delete.message.belongs,Він належить до таких бізнес-підрозділів,uk_UA
company.account.address.delete.message.all,Він буде видалений з усіх них,uk_UA
company.account.address.assign,Призначити адреси,uk_UA
company.account.address.assigned,Призначені адреси,uk_UA
company.account.address.unassigned,Непризначені адреси,uk_UA
company.account.address.assigned.empty,Немає призначених адрес,uk_UA
company.account.address.unassigned.empty,Немає непризначених адрес,uk_UA
product_discontinued_widget.note,Примітка,uk_UA
product_discontinued.super_attribute_discontinued,Знято з виробництва,uk_UA
product_discontinued.message.product_discontinued,"Товар знято з виробництва, виберіть альтернативний.",uk_UA
shopping_list.pre.check.product_discontinued,"Товар %sku% знято з виробництва, виберіть альтернативний.",uk_UA
cart.pre.check.product_discontinued,"Товар '%name%' знято з виробництва, виберіть альтернативний.",uk_UA
replacement_for_widget.replacement_for,Заміна для,uk_UA
product_alternative_widget.product_alternative,Альтернативні товари,uk_UA
product_alternative_widget.add_to_shopping_list,Додати до списку покупок,uk_UA
product_alternative_widget.alternative_for,Альтернатива для,uk_UA
product_alternative_widget.product_status.discontinued,Знято з виробництва,uk_UA
product_alternative_widget.show_all,Показати все,uk_UA
product_alternative_widget.not_applicable,Н/Д,uk_UA
place_order.pre_check.product_discontinued,"Товар '%name%' знято з виробництва, виберіть альтернативний",uk_UA
page.detail.volume_price.quantity,Кількість,uk_UA
page.detail.volume_price.price,Ціна,uk_UA
page.detail.volume_price,Ціни за обсяг,uk_UA
page.detail.volume_price.saving,Збереження,uk_UA
customer.order.canceledTotal,Скасована сума,uk_UA
customer.order.remunerationTotal,Загальна сума винагороди,uk_UA
customer.order.refundTotal,Сума повернення,uk_UA
packaging-units.recommendation.amount-min-violation,Вимоги до мінімальної кількості для товару не виконано,uk_UA
packaging-units.recommendation.amount-max-violation,Вимоги до максимальної кількості для товару не виконано,uk_UA
packaging-units.recommendation.amount-interval-violation,Вимоги до інтервалу кількості для товару не виконано,uk_UA
packaging_units.recommendation.suggestion,Бажаєте додати:,uk_UA
packaging_units.recommendation.between-units-info,Вибрана вами кількість перебуває між 2 базовими одиницями,uk_UA
packaging_units.cart.quantity,Кількість,uk_UA
packaging_units.cart.amount,Сума,uk_UA
packaging_units.cart.units,Одиниці,uk_UA
packaging_units.cart.item,Позиції,uk_UA
packaging_units.pdp.quantity,Кількість,uk_UA
packaging_units.pdp.amount,Сума,uk_UA
packaging_units.pdp.sales-units,Одиниці продажу,uk_UA
cart.pre.check.amount.min.failed,Вимоги до мінімальної кількості для товару з SKU '%sku%' не виконано.,uk_UA
cart.pre.check.amount.max.failed,Перевищено максимальну кількість для товару з SKU '%sku%'.,uk_UA
cart.pre.check.amount.interval.failed,Вимоги до інтервалу кількості для товару з SKU '%sku%' не виконано.,uk_UA
cart.pre.check.amount.is_not_variable.failed,Вимоги до кількості за замовчуванням для товару з SKU '%sku%' не виконано.,uk_UA
main_slider.btn.title,Купити зараз,uk_UA
show_more.btn.title,Огляд,uk_UA
main_slider_1.url,/en/office-furniture,uk_UA
main_slider_2.url,/en/stationery,uk_UA
main_slider_3.url,/en/office-equipment,uk_UA
company.account.company_role.delete.confirmation.warning,Попередження,uk_UA
company.account.company_role.delete.confirmation.trying_to_delete,Ви намагаєтеся видалити роль компанії,uk_UA
company.account.company_role.delete.confirmation.deletion_warning,Він буде остаточно видалений з вашої компанії,uk_UA
company.account.company_role.delete.back,Назад,uk_UA
company.account.company_role.delete,Видалити,uk_UA
company.account.company_role.delete.successful,Роль компанії успішно видалено,uk_UA
company.account.company_role.delete.confirmation.assigned_users,"Користувачі, призначені цій ролі",uk_UA
company.account.company_role.delete.confirmation.assigned_users_message,"Ви не можете видалити роль компанії, поки їй призначені користувачі компанії",uk_UA
company.account.company_role.delete.error.cannot_remove,Роль компанії не можна видалити,uk_UA
permission.name.AddCompanyUserPermissionPlugin,Додати користувачів компанії,uk_UA
permission.name.ManageCompanyUserInvitationPermissionPlugin,Запросити користувачів,uk_UA
permission.name.AddCartItemPermissionPlugin,Додати позицію в кошик,uk_UA
permission.name.ChangeCartItemPermissionPlugin,Змінити позицію в кошику,uk_UA
permission.name.RemoveCartItemPermissionPlugin,Видалити позицію з кошика,uk_UA
permission.name.PlaceOrderWithAmountUpToPermissionPlugin,Оформити замовлення,uk_UA
permission.name.SeeCompanyMenuPermissionPlugin,Переглянути меню компанії,uk_UA
permission.name.DeleteCompanyUsersPermissionPlugin,Видалити користувачів компанії,uk_UA
permission.name.EditCompanyUsersPermissionPlugin,Редагувати користувачів компанії,uk_UA
permission.name.DeleteCompanyRolesPermissionPlugin,Видалити ролі компанії,uk_UA
permission.name.CreateCompanyRolesPermissionPlugin,Створити ролі компанії,uk_UA
permission.name.EditCompanyRolesPermissionPlugin,Редагувати ролі компанії,uk_UA
permission.name.SeeCompanyRolesPermissionPlugin,Переглянути ролі компанії,uk_UA
company.account.company_user.assign_roles.empty_roles.error,Користувачу має бути призначено щонайменше одну роль,uk_UA
company.account.company_role.delete.error.default_role,Ви не можете видалити роль за замовчуванням — спочатку задайте іншу роль за замовчуванням,uk_UA
permission.name.CompanyUserStatusChangePermissionPlugin,Увімкнути / вимкнути користувачів компанії,uk_UA
company.account.company_role.create,Створити роль,uk_UA
company.account.company_role.create.successful,Роль успішно створено.,uk_UA
company.account.company_role.update.successful,Роль успішно оновлено.,uk_UA
company.account.company_user.form.select_roles,Виберіть ролі,uk_UA
company.account.company_user.form.select_business_unit,Виберіть бізнес-підрозділ,uk_UA
message.business_unit.create.error,Сталася помилка під час спроби створити бізнес-підрозділ '%unit%'.,uk_UA
message.business_unit.update.error,Сталася помилка під час спроби оновити бізнес-підрозділ '%unit%'.,uk_UA
message.business_unit.delete.error,Сталася помилка під час спроби видалити бізнес-підрозділ '%unit%'.,uk_UA
product.sets.widget.title,Переглянути колекцію,uk_UA
product.set,Набір товарів,uk_UA
product.set.detail.add_all_to,Додати все до,uk_UA
checkout.success.to_orders.url,/en/customer/order,uk_UA
checkout.success.to_orders.title,Перейти до моїх замовлень,uk_UA
checkout.success.back_to_home.title,Повернутися на головну,uk_UA
customer.account.shopping_list.create_from_cart.choose_shopping_list,Виберіть список покупок,uk_UA
customer.account.shopping_list.create_from_cart.name,Назва,uk_UA
customer.account.shopping_list.create_from_cart.form_title,'%cart_name%' додати до списку покупок,uk_UA
customer.account.shopping_list.create_from_cart.title,Додати до списку покупок,uk_UA
customer.account.shopping_list.shopping_cart,Кошики,uk_UA
customer.account.shopping_list.business_unit,Бізнес-підрозділ,uk_UA
customer.account.shopping_list.customer,Клієнт,uk_UA
page.multi_cart.shopping_cart.list.title,Кошики,uk_UA
page.multi_cart.shopping_cart.list.create_link,Створити кошик,uk_UA
page.multi_cart.shopping_cart.list.label.name,Назва,uk_UA
page.multi_cart.shopping_cart.list.label.num_of_products,кількість позицій,uk_UA
page.multi_cart.shopping_cart.list.label.prices,Ціни,uk_UA
page.multi_cart.shopping_cart.list.label.total,Разом,uk_UA
page.multi_cart.shopping_cart.list.label.actions,Дії,uk_UA
page.multi_cart.shopping_cart.list.link.edit_name,Редагувати назву,uk_UA
page.multi_cart.shopping_cart.list.link.duplicate,Дублювати,uk_UA
page.multi_cart.shopping_cart.list.link.delete,Видалити,uk_UA
page.multi_cart.shopping_cart.list.link.add_to_list,Додати до списку,uk_UA
page.multi_cart.shopping_cart.list.label.item,Позиція,uk_UA
page.multi_cart.shopping_cart.list.label.items,Позиції,uk_UA
customer.account.shopping_cart.list.title,Керувати кошиками,uk_UA
widget.shared_cart.multi_cart.permissions.READ_ONLY,Лише для читання,uk_UA
widget.shared_cart.multi_cart.permissions.FULL_ACCESS,Повний доступ,uk_UA
widget.shared_cart.multi_cart.permissions.OWNER_ACCESS,Доступ власника,uk_UA
page.multi_cart.shopping_cart.list.label.access,Доступ,uk_UA
widget.shopping_list.multi_cart.to_shopping_list,До списку покупок,uk_UA
page.multi_cart.shopping_cart.update.title,Редагувати,uk_UA
page.multi_cart.shopping_cart.create.title,Створити,uk_UA
validation.address_number,"Це значення недійсне (допустимий формат, наприклад: 12c).",uk_UA
validation.zip_code,Це поле повинно містити рівно 5 цифр.,uk_UA
validation.email,Це значення не є дійсною адресою електронної пошти.,uk_UA
validation.choice,Це значення недійсне,uk_UA
customer.order.reorder.error.unable_to_reorder_items,"Ви не можете замовити ці товари повторно напряму, додайте їх до кошика окремо",uk_UA
shopping_list_widget.items,Позиції,uk_UA
shopping_list_widget.full_access,Повний доступ,uk_UA
shopping_list_widget.read_only,Лише для читання,uk_UA
shopping_list.create_new_list,Створити новий список,uk_UA
shopping_list.no_lists_created,У вас ще немає списків покупок.,uk_UA
agent.authentication.failed,Помилка аутентифікації,uk_UA
agent.login.title,Увійдіть до свого акаунта,uk_UA
agent.login.email,Email,uk_UA
agent.login.password,Пароль,uk_UA
agent.login,Вхід агента,uk_UA
agent.control_bar.agent_mode,Режим агента,uk_UA
agent.control_bar.agent_mode_active,Режим агента активний,uk_UA
agent.control_bar.select_customer,Виберіть клієнта,uk_UA
agent.control_bar.start_customer_session,Розпочати сесію клієнта,uk_UA
agent.control_bar.search_customers,Пошук клієнтів,uk_UA
agent.control_bar.assisting,Допомога,uk_UA
agent.control_bar.quote_requests,Запити на пропозицію,uk_UA
agent.control_bar.end_agent_session,Завершити сесію агента,uk_UA
agent.control_bar.end_agent_session_confirm_title,Завершити сесію агента?,uk_UA
agent.control_bar.end_agent_session_confirm_body,Це завершить лише вашу сесію агента — ви залишитеся в магазині.,uk_UA
agent.control_bar.cancel,Скасувати,uk_UA
agent.control_bar.switch_customer,Змінити клієнта,uk_UA
agent.control_bar.switch_customer_confirm_title,Змінити клієнта?,uk_UA
agent.control_bar.switch_customer_confirm_body,"Ваша сесія з %currentName% завершиться, якщо ви перемкнетеся на %newName%. Підтвердьте, чи хочете продовжити.",uk_UA
agent.autocomplete.no_results,Результатів не знайдено,uk_UA
agent_security_blocker_merchant_portal_gui.error.account_blocked,Занадто багато спроб входу з вашої адреси. Зачекайте %minutes% хвилин перед наступною спробою.,uk_UA
autocomplete.placeholder,Пошук,uk_UA
bundle.title,Комплект містить,uk_UA
shopping_list.all_shopping_lists,Усі списки покупок,uk_UA
error_page.title,Сторінку не знайдено.,uk_UA
error_page.home_link,Перейти на головну сторінку,uk_UA
error_page.text,"Ми не знайшли сторінку, яку ви шукаєте.",uk_UA
company.account.business_unit.create,Створити,uk_UA
company.account.address.delete_confimation_page,Бізнес-підрозділи,uk_UA
company_page.address_delete_confirmation.title,Ви намагаєтеся видалити адресу,uk_UA
company_page.address_delete_confirmation.notification,Він належить до таких бізнес-підрозділів,uk_UA
company_page.address_delete_confirmation.delete_notification,Він буде видалений з усіх них.,uk_UA
label.button.submit,OK,uk_UA
label.button.cancel,Скасувати,uk_UA
company.account.create_address_information,Створити адресні дані,uk_UA
company.account.address,Адреса компанії,uk_UA
company.account.is_default,Кореневий,uk_UA
message.business_unit_address.create,Адресу бізнес-підрозділу '%address%' успішно створено.,uk_UA
message.business_unit_address.update,Адресу бізнес-підрозділу '%address%' успішно оновлено.,uk_UA
message.business_unit_address.delete,Адресу бізнес-підрозділу успішно видалено.,uk_UA
message.business_unit.create,Бізнес-підрозділ '%unit%' успішно створено.,uk_UA
message.business_unit.update,Бізнес-підрозділ '%unit%' успішно оновлено.,uk_UA
message.business_unit.delete,Бізнес-підрозділ '%unit%' успішно видалено.,uk_UA
sales-order-threshold.hard-minimum-threshold.de.eur.message,"Додайте товари на суму {{threshold}}, щоб досягти рекомендованого порога. Ви не можете перейти до оформлення замовлення",uk_UA
sales-order-threshold.hard-minimum-threshold.de.chf.message,"Додайте товари на суму {{threshold}}, щоб досягти рекомендованого порога. Ви не можете перейти до оформлення замовлення",uk_UA
sales-order-threshold.hard-maximum-threshold.de.eur.message,"Вартість кошика не може перевищувати {{threshold}}. Видаліть частину позицій, щоб продовжити оформлення замовлення",uk_UA
sales-order-threshold.hard-maximum-threshold.de.chf.message,"Вартість кошика не може перевищувати {{threshold}}. Видаліть частину позицій, щоб продовжити оформлення замовлення",uk_UA
sales-order-threshold.soft-minimum-threshold.de.eur.message,"Додайте товари на суму {{threshold}}, щоб досягти рекомендованого порога, але за бажанням можете оформити замовлення.",uk_UA
sales-order-threshold.soft-minimum-threshold.de.chf.message,"Додайте товари на суму {{threshold}}, щоб досягти рекомендованого порога, але за бажанням можете оформити замовлення.",uk_UA
merchant-relationship-threshold.hard.de.eur.mr-8.message,"Додайте товари на суму {{threshold}}, щоб досягти рекомендованого порога. Ви не можете перейти до оформлення замовлення",uk_UA
merchant-relationship-threshold.soft.de.eur.mr-8.message,"Додайте товари на суму {{threshold}}, щоб досягти рекомендованого порога, але за бажанням можете оформити замовлення.",uk_UA
merchant-relationship-threshold.hard.de.eur.mr-9.message,"Додайте товари на суму {{threshold}}, щоб досягти рекомендованого порога. Ви не можете перейти до оформлення замовлення",uk_UA
merchant-relationship-threshold.soft.de.eur.mr-9.message,"Додайте товари на суму {{threshold}}, щоб досягти рекомендованого порога, але за бажанням можете оформити замовлення з додатковою платою {{fee}} за це замовлення.",uk_UA
merchant-relationship-threshold.hard.de.eur.mr-10.message,"Додайте товари на суму {{threshold}}, щоб досягти рекомендованого порога. Ви не можете перейти до оформлення замовлення",uk_UA
merchant-relationship-threshold.soft.de.eur.mr-10.message,"Додайте товари на суму {{threshold}}, щоб досягти рекомендованого порога, але за бажанням можете оформити замовлення з додатковою платою {{fee}} за це замовлення.",uk_UA
merchant-relationship-threshold.hard.de.eur.mr-11.message,"Додайте товари на суму {{threshold}}, щоб досягти рекомендованого порога. Ви не можете перейти до оформлення замовлення",uk_UA
merchant-relationship-threshold.soft.de.eur.mr-11.message,"Додайте товари на суму {{threshold}}, щоб досягти рекомендованого порога, але за бажанням можете оформити замовлення з додатковою платою {{fee}} за це замовлення.",uk_UA
merchant-relationship-threshold.hard.de.eur.mr-12.message,"Додайте товари на суму {{threshold}}, щоб досягти рекомендованого порога. Ви не можете перейти до оформлення замовлення",uk_UA
merchant-relationship-threshold.soft.de.eur.mr-12.message,"Додайте товари на суму {{threshold}}, щоб досягти рекомендованого порога, але за бажанням можете оформити замовлення з додатковою платою {{fee}} за це замовлення.",uk_UA
merchant-relationship-threshold.soft.de.eur.mr-13.message,"Додайте товари на суму {{threshold}}, щоб досягти рекомендованого порога, але за бажанням можете оформити замовлення з додатковою платою {{fee}} за це замовлення.",uk_UA
merchant-relationship-threshold.soft.de.eur.mr-14.message,"Додайте товари на суму {{threshold}}, щоб досягти рекомендованого порога, але за бажанням можете оформити замовлення з додатковою платою {{fee}} за це замовлення.",uk_UA
company.business_unit.delete.message.text,Ви намагаєтеся видалити бізнес-підрозділ,uk_UA
company.account.choose_parent_company_business_unit,Виберіть батьківський бізнес-підрозділ,uk_UA
company.account.choose_parent_company_business_unit_placeholder,Назва батьківського бізнес-підрозділу,uk_UA
company.account,Корпоративний акаунт,uk_UA
company.account.form.fk_parent_company_bu.placeholder,Назва батьківського бізнес-підрозділу,uk_UA
company.account.address.delete.message.title,Попередження,uk_UA
company.account.address.delete.message.text,Ви намагаєтеся видалити адресу,uk_UA
company.account.address.delete.message.belongs,Він належить до таких бізнес-підрозділів,uk_UA
company.account.address.delete.message.all,Він буде видалений з усіх них,uk_UA
company.account.address.assigned,Призначити адреси,uk_UA
company.account.address.unassigned,Непризначені адреси,uk_UA
company.account.address.assigned.empty,Немає призначених адрес,uk_UA
company.account.address.unassigned.empty,Немає непризначених адрес,uk_UA
message.business_unit.update.cycle_dependency_error,Бізнес-підрозділ компанії '%unit%' не оновлено. Бізнес-підрозділ не можна зробити дочірнім щодо свого власного дочірнього підрозділу — перевірте ієрархію бізнес-підрозділів.,uk_UA
customer.access.cannot_see_price,"Увійдіть, щоб побачити ціну",uk_UA
company.account.company_user.edit_information,Редагувати дані користувача,uk_UA
Only company users are allowed to access this page,Доступ до цієї сторінки мають лише користувачі компанії.,uk_UA
shopping_list.not_found,Список покупок не знайдено,uk_UA
shopping_list.already_removed,Цей список покупок було видалено,uk_UA
shopping_list.no_access,У вас немає дозволу переглядати цей список покупок,uk_UA
global.search.pages,Сторінки,uk_UA
global.search.results.view,Переглянути,uk_UA
cms.page.sort.relevance,Сортувати за релевантністю,uk_UA
cms.page.sort.name_asc,Сортувати за назвою за зростанням,uk_UA
cms.page.sort.name_desc,Сортувати за назвою за спаданням,uk_UA
cms.page.itemsFound,Знайдені позиції,uk_UA
cms.page.filter.per,На сторінку,uk_UA
cms.page.filter.sort,Сортувати за,uk_UA
product-quantity.errors.quantity.min.failed,Кількість %s не відповідає вимогам товару. Мінімальна кількість — %s.,uk_UA
product-quantity.errors.quantity.max.failed,Кількість %s не відповідає вимогам товару. Максимальна кількість — %s.,uk_UA
product-quantity.errors.quantity.interval.failed,Кількість %s не відповідає вимогам товару. Крок кількості — %s.,uk_UA
availability_notification.notify_me,"Повідомити мене, коли товар знову буде в наявності",uk_UA
availability_notification.do_not_notify_me,"Не повідомляти мене, коли товар знову буде в наявності",uk_UA
availability_notification.subscribed,Підписку успішно оформлено,uk_UA
availability_notification.unsubscribed,Підписку успішно скасовано,uk_UA
availability_notification.successfully_unsubscribed,Підписку успішно скасовано,uk_UA
availability_notification.successfully_unsubscribed_text,Ви успішно відписалися від повідомлення про повторну наявність товару,uk_UA
availability_notification_subscription.mail.subscribed.head,Ми щойно повідомили наш відділ закупівель про вашу підписку!,uk_UA
availability_notification_subscription.mail.subscribed.body,"Ви отримаєте лист, коли товар знову буде в наявності",uk_UA
availability_notification_subscription.mail.subscribed.subject,Ми щойно повідомили наш відділ закупівель про вашу підписку!,uk_UA
availability_notification_subscription.mail.unsubscribed.subject,"Ви не отримаєте повідомлення, коли товар %name% знову буде в наявності.",uk_UA
availability_notification_subscription.mail.unsubscribed.body,"Ви не отримаєте повідомлення, коли товар %name% знову буде в наявності.",uk_UA
availability_notification_subscription.mail.notification.buy_now,Купити зараз,uk_UA
availability_notification_subscription.mail.notification.subject,%name% знову в наявності!,uk_UA
availability_notification_subscription.mail.notification.head,%name% знову в наявності!,uk_UA
availability_notification_subscription.mail.notification.body,Очікування завершено — тепер ви можете додати цей товар у кошик.,uk_UA
availability_notification_subscription.mail.copyright,"<em>Copyright © поточний рік назва компанії, Усі права захищено.</em><br><br>",uk_UA
availability_notification_subscription.mail.unsubscribe,"Хочете змінити спосіб отримання цих листів?<br>Ви можете <a target=""_blank"" href=""%link%"" style=""mso-line-height-rule: exactly;-ms-text-size-adjust: 100%;-webkit-text-size-adjust: 100%;color: #656565;font-weight: normal;text-decoration: underline;"">відписатися від цього списку</a>.",uk_UA
availability_notification.email_address,Адреса електронної пошти,uk_UA
product-quantity.notification.quantity.min.failed,"Замовлену кількість скориговано до найближчої можливої кількості для артикула, оскільки мінімальна кількість — %min%.",uk_UA
product-quantity.notification.quantity.max.failed,"Замовлену кількість скориговано до найближчої можливої кількості для артикула, оскільки максимальна кількість — %max%.",uk_UA
product-quantity.notification.quantity.interval.failed,"Замовлену кількість скориговано до найближчої можливої кількості для артикула, оскільки крок кількості — %step%.",uk_UA
product-quantity.warning.quantity.min.failed,"Замовлену кількість скориговано до найближчої можливої кількості для артикула, оскільки мінімальна кількість — %min%.",uk_UA
product-quantity.warning.quantity.max.failed,"Замовлену кількість скориговано до найближчої можливої кількості для артикула, оскільки максимальна кількість — %max%.",uk_UA
product-quantity.warning.quantity.interval.failed,"Замовлену кількість скориговано до найближчої можливої кількості для артикула, оскільки крок кількості — %step%.",uk_UA
cart.locked.change_denied,"Ви не можете змінити цей кошик, оскільки він у процесі затвердження.",uk_UA
quote_approval.request.send,Надіслати запит,uk_UA
quote_approval.remove,Скасувати запит,uk_UA
quote_approval.cart.require_approval,Ви не можете оформити це замовлення через свій ліміт закупівель — надішліть кошик на затвердження або зв'яжіться зі своїм керівником.,uk_UA
quote_approval.cart.waiting_approval,"Ви не можете оформити це замовлення через запит на затвердження, що очікує розгляду.",uk_UA
quote_approval.create.approver_cant_approve_quote,Вибрана особа не може затвердити ваш запит через ліміт затвердження.,uk_UA
quote_approval.create.you_cant_approve_quote,"Ви не можете затвердити або відхилити цей кошик, оскільки його сума перевищує ваш ліміт затвердження.",uk_UA
quote_approval.create.quote_already_approved,Цей кошик уже затверджено.,uk_UA
quote_approval.create.quote_already_declined,Цей кошик уже відхилено.,uk_UA
quote_approval.create.quote_already_cancelled,Ви не можете працювати з цим кошиком — його вже надіслано іншій особі для затвердження.,uk_UA
quote_approval.create.quote_already_waiting_for_approval,Цей кошик уже надіслано на затвердження.,uk_UA
quote_approval.create.only_quote_owner_can_send_request,Ви не можете надіслати кошик на затвердження — це може зробити лише власник кошика.,uk_UA
quote_approval.cancel.do_not_have_permission,У вас немає дозволу скасувати запит на затвердження.,uk_UA
quote_approval.request.approval_by,від,uk_UA
quote_approval.created,Ваш запит на затвердження надіслано %first_name% %last_name%.,uk_UA
quote_approval.removed,Ваш запит на затвердження скасовано.,uk_UA
quote_approval_widget.title,Запит на затвердження,uk_UA
quote_approval_widget.limit.unlimited,Без обмежень,uk_UA
quote_approval_widget.no_approvers_found,"Не знайдено осіб, що затверджують.",uk_UA
quote_approval_widget.cart.status.approved,Затверджено,uk_UA
quote_approval_widget.cart.status.declined,Відхилено,uk_UA
quote_approval_widget.cart.status.waiting,Очікує,uk_UA
quote_approval_widget.shared_cart_warning,Після надсилання кошика на затвердження всі його спільні доступи буде скасовано.,uk_UA
quote_approval_widget.limit_text,"Ваш ліміт закупівель — %amount%. Щоб витратити більше, запросіть затвердження у свого керівника.",uk_UA
quote_approval_widget.no_limit_text,У вас немає ліміту закупівель,uk_UA
quote_approval_widget.quote_not_applicable_for_approval_process,Цей кошик не можна обробити. Відсутня обов'язкова інформація.,uk_UA
quote_approval.request.waiting_for_approval_from,Очікує на затвердження від,uk_UA
quote_approval.request.approved_by,Затверджено,uk_UA
quote_approval.request.declined_by,Відхилено,uk_UA
quote_approval_widget.cart.status,Статус,uk_UA
quote_approval_widget.cart.approve,Затвердити,uk_UA
quote_approval_widget.cart.decline,Відхилити,uk_UA
quote_approval_widget.cart.cancel,Скасувати,uk_UA
quote_approval_widget.cart.success_message.approved,Запит від %first_name% %last_name% успішно затверджено,uk_UA
quote_approval_widget.cart.success_message.declined,Запит від %first_name% %last_name% успішно відхилено,uk_UA
quote_approval_widget.cart.success_message.canceled,Запит від %first_name% %last_name% успішно скасовано,uk_UA
quote_approval.create.cart_cant_be_sent_for_approval,Кошик не можна надіслати на затвердження.,uk_UA
quote_approval.create.cant_send_for_approve_empty_quote,Порожній кошик не можна надіслати на затвердження.,uk_UA
persistent_cart.quote.label.locked_cart,"Кошик заблоковано, редагування вимкнено. Щоб розблокувати кошик, натисніть",uk_UA
persistent_cart.quote.label.locked_cart.by_quote_request,"Кошик заблоковано запитом на пропозицію, редагування вимкнено. Щоб розблокувати кошик, натисніть",uk_UA
persistent_cart.quote.label.locked_cart.by_quote_approval,"Кошик заблоковано процесом затвердження пропозиції, редагування вимкнено. Щоб розблокувати кошик, натисніть",uk_UA
persistent_cart.quote.label.discarded_locked_cart,Ваші поточні зміни буде скасовано.,uk_UA
persistent_cart.quote.button.reset_lock,Скинути блокування,uk_UA
cart_page.quote.reset_lock.success,Блокування кошика успішно скинуто.,uk_UA
cart_page.quote.label.locked_cart,Заблокований кошик,uk_UA
quote_request_widget.request_for_quote,Запросити пропозицію,uk_UA
quote_request_widget.request_for_quote.list.title,Запити на пропозицію,uk_UA
quote_request_page.quote_request,Запит на пропозицію,uk_UA
quote_request_page.quote_request.create,Створити,uk_UA
quote_request_page.quote_request_version.created,Запит на пропозицію отримав нову версію.,uk_UA
quote_request_page.quote_request.submit,Надіслати запит,uk_UA
quote_request_page.quote_request.metadata.label.note,Примітки,uk_UA
quote_request_page.quote_request.metadata.label.delivery_date,Не відправляти пізніше ніж,uk_UA
quote_request_page.quote_request.metadata.label.purchase_order_number,Номер замовлення на закупівлю,uk_UA
quote_request_page.quote_request.violations.invalid_date,Ця дата повинна бути пізнішою за поточну.,uk_UA
quote_request_page.quote_request.created,Запит на пропозицію успішно створено.,uk_UA
quote_request_page.quote_request.list.reference,#Номер,uk_UA
quote_request_page.quote_request.list.company,Компанія,uk_UA
quote_request_page.quote_request.list.business_unit,Бізнес-підрозділ,uk_UA
quote_request_page.quote_request.list.owner,Власник,uk_UA
quote_request_page.quote_request.list.total,Разом,uk_UA
quote_request_page.quote_request.list.date,Дата,uk_UA
quote_request_page.quote_request.list.status,Статус,uk_UA
quote_request_page.quote_request.list.actions,Дії,uk_UA
quote_request_page.quote_request.labels.date,Дата,uk_UA
quote_request_page.quote_request.labels.status,Статус,uk_UA
quote_request_page.quote_request.labels.valid_till,Дійсно до,uk_UA
quote_request_page.quote_request.labels.show_latest_version,Показати клієнту найновішу версію,uk_UA
quote_request_page.quote_request.labels.latest_version_is_hidden,Найновіша версія прихована від клієнта,uk_UA
quote_request_page.quote_request.labels.latest_version_is_visible,Найновіша версія видима для клієнта,uk_UA
quote_request_page.quote_request.labels.history,Історія,uk_UA
quote_request_page.quote_request.labels.customer,Клієнт,uk_UA
quote_request_page.quote_request.labels.company,Компанія,uk_UA
quote_request_page.quote_request.labels.business_unit,Бізнес-підрозділ,uk_UA
quote_request_page.quote_request.labels.information,Інформація про запит на пропозицію,uk_UA
quote_request_page.quote_request.labels.version_information,Інформація про версію,uk_UA
quote_request_page.quote_request.actions.view,Переглянути,uk_UA
quote_request_page.quote_request.actions.cancel,Скасувати,uk_UA
quote_request_page.quote_request.actions.cancel_changes,Скасувати,uk_UA
quote_request_page.quote_request.actions.save,Зберегти,uk_UA
quote_request_page.quote_request.actions.back_to_list,Повернутися до списку,uk_UA
quote_request_page.quote_request.actions.back_to_view,Повернутися до перегляду,uk_UA
quote_request_page.quote_request.actions.send_to_customer,Надіслати клієнту,uk_UA
quote_request_page.quote_request.actions.send_to_agent,Надіслати агенту,uk_UA
quote_request_page.quote_request.actions.save_and_back_to_edit,Зберегти й повернутися до редагування,uk_UA
quote_request_page.quote_request.actions.convert_to_cart,Перетворити в кошик,uk_UA
quote_request_page.quote_request.actions.revise,Виправити,uk_UA
quote_request_page.quote_request.actions.edit,Редагувати,uk_UA
quote_request_page.quote_request.actions.edit_items,Редагувати позиції,uk_UA
quote_request_page.quote_request.view.empty,У вас ще немає запитів на пропозицію.,uk_UA
quote_request_page.quote_request.updated,Запит на пропозицію успішно оновлено.,uk_UA
quote_request_page.quote_request.sent_to_customer,Запит на пропозицію успішно надіслано клієнту.,uk_UA
quote_request_page.quote_request.sent_to_user,Запит на пропозицію успішно передано агенту для обробки.,uk_UA
quote_request_page.quote_request.use_default_price,Використати ціну за замовчуванням,uk_UA
quote_request_page.quote_request.converted_to_cart,Запит на пропозицію успішно перетворено в кошик.,uk_UA
quote_request_page.quote_request.edit_items_confirm,"Ви редагуєте запит на пропозицію <a href=""%link%"">%reference%</a>; якщо ви його покинете, усі зміни буде втрачено.",uk_UA
quote_request_page.quote_request.source_price_changes_forbidden,"Ви не можете редагувати ціни в цьому запиті на пропозицію, оскільки він недійсний.",uk_UA
quote_request.status.waiting,Очікує,uk_UA
quote_request.status.in-progress,В процесі,uk_UA
quote_request.status.ready,Готово,uk_UA
quote_request.status.canceled,Скасовано,uk_UA
quote_request.status.closed,Закрито,uk_UA
quote_request.status.draft,Чернетка,uk_UA
quote_request.validation.success.canceled,Запит на пропозицію успішно скасовано.,uk_UA
quote_request.validation.converted_to_cart.success,Запит на пропозицію успішно перетворено в кошик.,uk_UA
quote_request.validation.error.not_exists,Цей запит на пропозицію не існує.,uk_UA
quote_request.validation.error.wrong_status,Неправильний статус запиту на пропозицію для цієї операції.,uk_UA
quote_request.validation.error.company_user_not_found,Користувача компанії не знайдено.,uk_UA
quote_request.validation.error.empty_cart,Запит на пропозицію не можна створити з порожнього кошика.,uk_UA
quote_request.checkout.validation.error.version_not_found,Версію запиту на пропозицію не знайдено.,uk_UA
quote_request.checkout.validation.error.not_found,Запит на пропозицію не знайдено.,uk_UA
quote_request.checkout.validation.error.wrong_status,Запит на пропозицію наразі має неправильний статус.,uk_UA
quote_request.checkout.validation.error.wrong_version,Версія запиту на пропозицію для цього кошика застаріла.,uk_UA
quote_request.checkout.validation.error.wrong_valid_until,"Запит на пропозицію, з якого створено цей кошик, більше не дійсний.",uk_UA
quote_request.checkout.convert.error.wrong_valid_until,Запит на пропозицію більше не дійсний.,uk_UA
quote_request.update.validation.error.wrong_valid_until,"Термін дії цього запиту на пропозицію вже минув. Змініть дату, щоб надіслати його клієнту.",uk_UA
quote_request.update.validation.concurrent,Запит на пропозицію не вдалося оновити через паралельні дії іншого клієнта.,uk_UA
agent.account.overview,Огляд,uk_UA
agent.account.quote_request,Запити на пропозицію,uk_UA
agent.account.page_title,Агент,uk_UA
agent.account.profile_data,Профіль агента,uk_UA
quote_request_agent_widget.quote_request,Запит на пропозицію,uk_UA
quote_request_agent_widget.items,Позиції,uk_UA
quote_request_agent_widget.no_request_created,У вас ще немає запитів на пропозицію.,uk_UA
quote_request_agent_widget.create_new_request,Новий запит на пропозицію,uk_UA
quote_request_agent_widget.view_all_requests,Переглянути всі запити,uk_UA
quote_request_agent_widget.form.select_customer,Виберіть клієнта,uk_UA
quote_request_agent_page.form.invalid_price,Недійсна ціна.,uk_UA
permission.name.PlaceOrderPermissionPlugin,Купувати до загальної суми (потрібно „Надіслати кошик на затвердження”),uk_UA
permission.name.RequestQuoteApprovalPermissionPlugin,Надіслати кошик на затвердження (потрібно „Купувати до загальної суми”),uk_UA
permission.name.ApproveQuotePermissionPlugin,Затверджувати до загальної суми,uk_UA
company_page.multi_currency_type.name.cent_amount.EUR,Сума в центах,uk_UA
company_page.multi_currency_type.name.cent_amount.CHF,Сума в сантимах,uk_UA
company_page.multi_currency_type.label,Налаштувати дозвіл,uk_UA
company_page.company_role_permission.permission_not_found_error,Дозвіл не знайдено,uk_UA
company_page.company_role_permission.permission_save_error,Конфігурацію дозволів не оновлено,uk_UA
company_page.company_role_permission.permission_save_success,Конфігурацію дозволів оновлено,uk_UA
quote.validation.error.price_mode_is_missing,Відсутній режим ціни,uk_UA
quote.validation.error.price_mode_is_incorrect,Неправильний режим ціни,uk_UA
quote.validation.error.currency_is_missing,Відсутня валюта,uk_UA
quote.validation.error.currency_is_incorrect,Неправильний режим валюти,uk_UA
resource_share.activator.error.strategy_expects_logged_in_customer,"Увійдіть, щоб отримати доступ до запитаного спільного ресурсу.",uk_UA
resource_share.reader.error.resource_is_not_found_by_provided_uuid,Ресурс за вказаним UUID не знайдено.,uk_UA
resource_share.generation.error.resource_type_is_not_defined,Тип ресурсу не визначено.,uk_UA
resource_share.generation.error.customer_reference_is_not_defined,Номер клієнта не визначено.,uk_UA
resource_share.validation.error.resource_share_is_expired,Термін спільного доступу до ресурсу закінчився.,uk_UA
resource-share.link.error.no-route,Маршрут перенаправлення не може бути порожнім.,uk_UA
persistent_cart_share.error.resource_is_not_available,"Кошик, до якого ви намагаєтеся отримати доступ, недоступний.",uk_UA
persistent_cart_share.error.quote_is_not_available,"Кошик, до якого ви намагаєтеся отримати доступ, недоступний.",uk_UA
persistent_cart_share.share_options.external.PREVIEW,,uk_UA
persistent_cart_share.share_options.internal.READ_ONLY,Лише для читання,uk_UA
persistent_cart_share.share_options.internal.FULL_ACCESS,Повний доступ,uk_UA
persistent_cart_share.copy,Копіювати,uk_UA
persistent_cart_share.external_users,Зовнішні користувачі,uk_UA
persistent_cart_share.internal_users,Внутрішні користувачі,uk_UA
persistent_cart_share.title,Поділитися кошиком за посиланням,uk_UA
clipboard.copy.success,Скопійовано в буфер обміну!,uk_UA
clipboard.copy.error,Ваш браузер не підтримує копіювання в буфер обміну. Спробуйте скопіювати текст вручну.,uk_UA
persistent_cart_share_page.preview,Попередній перегляд: %title%,uk_UA
shared_cart.resource_share.strategy.error.cart_access_denied,URL-адреса кошика неправильна — спробуйте увійти з іншого акаунта користувача компанії.,uk_UA
shared_cart.resource_share.strategy.error.unable_to_share_cart,Не вдалося надати доступ до кошика вказаному клієнту.,uk_UA
shared_cart.resource_share.strategy.success.cart_share_access_updated,Рівень доступу оновлено.,uk_UA
category.office.furniture,Офісні меблі,uk_UA
comment.validation.error.comment_not_found,Коментар не знайдено.,uk_UA
comment.validation.error.access_denied,Доступ заборонено.,uk_UA
comment.validation.error.comment_thread_not_found,Ланцюжок коментарів не знайдено.,uk_UA
comment.validation.error.comment_thread_already_exists,Ланцюжок коментарів уже існує.,uk_UA
comment.validation.error.invalid_message_length,Недійсна довжина повідомлення.,uk_UA
comment.validation.error.comment_tag_not_available,Тег коментаря недоступний.,uk_UA
comment.validation.error.customer_not_set,Коментар не можна створити без дійсного клієнта,uk_UA
comment.validation.error.company_user_not_set,Коментар не можна створити без дійсного користувача компанії,uk_UA
comment.validation.error.owner_not_set,Коментар не можна створити для невідомого %owner%,uk_UA
comment_widget.comments_to_cart,Коментарі до кошика,uk_UA
comment_widget.form.add_comment,Додати,uk_UA
comment_widget.form.update_comment,Оновити,uk_UA
comment_widget.form.remove_comment,Видалити,uk_UA
comment_widget.form.edit_comment,Редагувати,uk_UA
comment_widget.form.cancel_comment,Скасувати,uk_UA
comment_widget.form.you,Ви,uk_UA
comment_widget.form.attach,Прикріпити,uk_UA
comment_widget.form.unattach,Відкріпити,uk_UA
comment_widget.form.all,Усі,uk_UA
comment_widget.form.attached,Прикріплено,uk_UA
comment_widget.form.button_default,Кнопка,uk_UA
comment_widget.form.edited,відредаговано,uk_UA
comment_widget.form.tags,Теги,uk_UA
comment_widget.form.placeholder.add_comment,Написати коментар,uk_UA
comment_widget.tags.all,Усі,uk_UA
comment_widget.tags.delivery,Доставка,uk_UA
comment_widget.tags.important,Важливо,uk_UA
comment_widget.error_message.unexpected_error,Сталася неочікувана помилка.,uk_UA
shipment.validation.not_found,Спосіб доставки не знайдено.,uk_UA
billing.address.validation.is_missing,Відсутня платіжна адреса,uk_UA
billing.address.country.validation.not_found,Не знайдено країну платіжної адреси для коду країни: %code%,uk_UA
shipping.address.country.validation.not_found,Не знайдено країну адреси доставки для коду країни: %code%,uk_UA
product_search_widget.search.product_discontinued_prefix,[Знято з виробництва],uk_UA
configurable_bundle.template.name.1,Офісний комплект,uk_UA
configurable_bundle.template.name.2,Презентаційний комплект,uk_UA
configurable_bundle.template_slots.slot-1.name,Слот 1,uk_UA
configurable_bundle.template_slots.slot-2.name,Слот 2,uk_UA
configurable_bundle.template_slots.slot-3.name,Слот 3,uk_UA
configurable_bundle.template_slots.slot-4.name,Слот 4,uk_UA
configurable_bundle.template_slots.slot-5.name,Слот 5,uk_UA
configurable_bundle.template_slots.slot-6.name,Слот 6,uk_UA
configurable_bundle.template.validation.error.not_exists,Шаблон конфігурованого комплекту не існує.,uk_UA
configurable_bundle.slot.validation.error.not_exists,Слот шаблону конфігурованого комплекту не існує.,uk_UA
configurable_bundle.template.validation.error.already_activated,Шаблон конфігурованого комплекту вже активований.,uk_UA
configurable_bundle.template.validation.error.already_deactivated,Шаблон конфігурованого комплекту вже деактивований.,uk_UA
configured_bundle.quantity,Кількість:,uk_UA
configured_bundle.multiplier,x,uk_UA
configured_bundle.price,Ціна позиції:,uk_UA
configured_bundle.bundle_total,Сума комплекту:,uk_UA
configured_bundle.total,Сума позиції:,uk_UA
configured_bundle.remove,видалити,uk_UA
configured_bundle.order.items,Позиції в комплекті:,uk_UA
configured_bundle.item_sku,SKU:,uk_UA
configured_bundle_cart.error.configured_bundle_not_found,У кошику не знайдено сконфігурований комплект із зазначеним sku.,uk_UA
configured_bundle_cart.error.configured_bundle_cannot_be_removed,Сконфігурований комплект не можна видалити з кошика.,uk_UA
configured_bundle_cart.error.configured_bundle_cannot_be_updated,Сконфігурований комплект не можна оновити.,uk_UA
configured_bundle_cart.error.configured_bundle_cannot_be_added,Сконфігурований комплект не можна додати в кошик.,uk_UA
configured_bundle_widget.configured_bundle.removed,Сконфігурований комплект успішно видалено.,uk_UA
configured_bundle_widget.configured_bundle.updated,Сконфігурований комплект успішно оновлено.,uk_UA
product_search_widget.search.no_results,Товарів не знайдено.,uk_UA
configurable_bundle_page.select,Виберіть,uk_UA
configurable_bundle_page.unselect,Скасувати вибір,uk_UA
configurable_bundle_page.edit,Редагувати,uk_UA
configurable_bundle_page.configurator,Конфігуратор,uk_UA
configurable_bundle_page.configurable_bundle_list,Список конфігурованих комплектів,uk_UA
configurable_bundle_page.choose_bundle_to_configure,Виберіть комплект для налаштування,uk_UA
configurable_bundle_page.configurator.templates_not_found,Немає доступних шаблонів.,uk_UA
configurable_bundle_page.template_not_found,Шаблон конфігурованого комплекту не знайдено.,uk_UA
configurable_bundle_page.invalid_template_slot_combination,Недійсна комбінація шаблону та слота.,uk_UA
configurable_bundle_page.configurator.tip.header,Створіть власний комплект.,uk_UA
configurable_bundle_page.configurator.tip.text,"Щоб створити комплект, виберіть слот ліворуч, а потім виберіть товар зі списку.",uk_UA
configurable_bundle_page.configurator.selected_product,Вибраний товар,uk_UA
configurable_bundle_page.configurator.summary,Підсумок,uk_UA
configurable_bundle_page.configurator.add_to_cart,Додати в кошик,uk_UA
configurable_bundle_page.configurator.summary_page_locked,"Щоб перейти на сторінку підсумку, потрібно налаштувати товар щонайменше для одного слота.",uk_UA
configurable_bundle_page.configurator.summary_page_total,Разом,uk_UA
configurable_bundle_page.configurator.added_to_cart,Сконфігурований комплект успішно додано в кошик.,uk_UA
configurable_bundle_page.configurator.slot_became_unavailable,Сконфігурований слот з ID '%id%' став недоступним.,uk_UA
configurable_bundle_page.configurator.product_became_unavailable,"Товар із SKU '%sku%', налаштований для слота з ID '%id%', став недоступним.",uk_UA
configurable_bundle_page.configurator.sku,Sku:,uk_UA
configurable_bundle_page.configurator.slot_page.title,Швидко й легко створіть власний комплект за допомогою нашого конфігуратора,uk_UA
configurable_bundle_page.configurator.slot_page.back_link,Повернутися до комплектів,uk_UA
agent_page.error.customer_already_logged_in,"Ви вже увійшли як клієнт, спочатку вийдіть, а потім продовжуйте",uk_UA
configurable_bundle_note.enter_note,Додати коментар,uk_UA
configurable_bundle_note.note,Примітка до сконфігурованого комплекту:,uk_UA
configurable_bundle_note.form.save,Зберегти,uk_UA
configurable_bundle_note.note_added,Примітку успішно додано до сконфігурованого комплекту,uk_UA
sales_configured_bundle_widget.success.items_added_to_cart_as_individual_products,Зверніть увагу: позиції зі сконфігурованого комплекту було додано в кошик як окремі товари.,uk_UA
sales_configured_bundle.success.items_added_to_cart_as_individual_products,Зверніть увагу: позиції зі сконфігурованого комплекту було додано в кошик як окремі товари.,uk_UA
sales_configured_bundle_widget.returnable_state,Не підлягає поверненню,uk_UA
sales_configured_bundle_widget.quantity,Кількість:,uk_UA
configured_bundle_widget.items,Позиції,uk_UA
quantity_option.amount,(= %value% %name%),uk_UA
customer.account.shopping_list_item.error.product_not_active,Товар не активний.,uk_UA
order_custom_reference.reference_saved,Власний номер замовлення успішно збережено.,uk_UA
order_custom_reference.reference_not_saved,Власний номер замовлення не змінено.,uk_UA
order_custom_reference.validation.error.message_invalid_length,Неправильна довжина власного номера замовлення.,uk_UA
order_custom_reference.title,Власний номер замовлення,uk_UA
order_custom_reference.form.placeholder,Додати власний номер замовлення,uk_UA
order_custom_reference.save,Зберегти,uk_UA
cart.item.sales_unit.not_found,Не знайдено одиницю продажу для товару з SKU '%sku%'.,uk_UA
cart.item.packaging_unit.not_found,Не знайдено пакувальну одиницю для товару з SKU '%sku%'.,uk_UA
quote_request_agent_page.checkout.step.save_rfq.title,Зберегти запит на пропозицію,uk_UA
quote_request_page.quote_request.saved,Запит на пропозицію успішно збережено.,uk_UA
quote_request_page.quote_request.actions.edit_address,Редагувати адресу,uk_UA
quote_request_page.quote_request.actions.edit_shipment,Редагувати відправлення,uk_UA
quote_request_page.quote_request.edit_address_confirm,"Ви редагуєте запит на пропозицію <a href=""%link%"">%reference%</a>; якщо ви його покинете, усі зміни буде втрачено.",uk_UA
quote_request_page.quote_request.edit_shipment_confirm,"Ви редагуєте запит на пропозицію <a href=""%link%"">%reference%</a>; якщо ви його покинете, усі зміни буде втрачено.",uk_UA
quote_request_page.quote_request.shipment_counter,Відправлення %index% з %length%,uk_UA
quote_request_page.quote_request.empty_shipment_data,Не вказано адресу або спосіб доставки.,uk_UA
quote_request_page.quote_request.title_create,Створити запит на пропозицію,uk_UA
quote_request_page.quote_request.title_edit,Редагувати #%id%,uk_UA
quote_request_page.quote_request.title_attention,Увага,uk_UA
quote_request_page.quote_request.title_addresses,Адреси,uk_UA
quote_request_page.quote_request.title_billing_address,Платіжна адреса,uk_UA
quote_request_page.quote_request.title_delivery_address,Адреса доставки,uk_UA
quote_request_page.quote_request.title_shipment_method,Спосіб доставки,uk_UA
quote_request_page.quote_request.breadcrumb.create,Створити,uk_UA
quote_request_page.quote_request.breadcrumb.edit,Редагувати,uk_UA
quote_request_page.quote_request.breadcrumb.attention,Увага,uk_UA
quote_request_page.quote_request.multiple_delivery_address,Кілька адрес доставки.,uk_UA
quote_request_page.quote_request.multiple_shipment_method,Кілька способів доставки.,uk_UA
quote_request_page.quote_request.empty_page,Ваша пропозиція порожня!,uk_UA
quote_request_page.quote_request.empty_delivery_address,Адресу доставки не додано.,uk_UA
quote_request_page.quote_request.empty_address,Адресу не додано.,uk_UA
quote_request_page.quote_request.empty_shipment_method,Спосіб доставки не додано.,uk_UA
quote_request_page.quote_request.cta_add_address,Додати адресу,uk_UA
quote_request_page.quote_request.cta_edit_address,Редагувати адресу,uk_UA
quote_request_page.quote_request.cta_add_shipment_method,Додати спосіб доставки,uk_UA
quote_request_page.quote_request.cta_edit_shipment_method,Редагувати спосіб доставки,uk_UA
quote_request_page.quote_request.item,%count% позиція(ї),uk_UA
quote_request_page.quote_request.shipments,Відправлення,uk_UA
checkout.step.summary.shipment_costs_total,Сума відправлення,uk_UA
maintenance.search.gui_is_not_set_up,"Щоб мати змогу переглядати дані пошуку, встановіть модуль GUI, що відповідає вашому провайдеру пошуку (наприклад, spryker/search-elasticsearch-gui для Elasticsearch).",uk_UA
customer.order.number_of_items,Кількість позицій,uk_UA
customer.order.reference,Номер,uk_UA
customer.order.email,Email,uk_UA
customer.order.company_user,Користувач компанії,uk_UA
customer.order_history.search_type.all,Усі,uk_UA
customer.order_history.search_type.orderReference,Номер замовлення,uk_UA
customer.order_history.search_type.itemName,Назва товару,uk_UA
customer.order_history.search_type.itemSku,SKU товару,uk_UA
customer.order_history.search,Пошук,uk_UA
customer.order_history.date_from,Від,uk_UA
customer.order_history.date_to,До,uk_UA
customer.order_history.apply,Застосувати,uk_UA
customer.order_history.is_order_items_visible,Показувати товари в результатах пошуку,uk_UA
customer.order_history.active_filters,Активні фільтри:,uk_UA
customer.order_history.reset_all,Скинути все,uk_UA
company_page.label.business_unit,Бізнес-підрозділ,uk_UA
company_page.choice.my_orders,Мої замовлення,uk_UA
company_page.choice.company_orders,Замовлення компанії,uk_UA
permission.name.SeeCompanyOrdersPermissionPlugin,Переглянути замовлення компанії,uk_UA
permission.name.EditCompanyOrdersPermissionPlugin,Редагувати замовлення компанії,uk_UA
permission.name.EditBusinessUnitOrdersPermissionPlugin,Редагувати замовлення бізнес-підрозділу,uk_UA
permission.name.SeeBusinessUnitOrdersPermissionPlugin,Переглянути замовлення бізнес-підрозділу,uk_UA
customer.account.button.search_filters,Пошук і фільтри,uk_UA
return.return_reasons.damaged.name,Пошкоджено,uk_UA
return.return_reasons.wrong-item.name,Неправильна позиція,uk_UA
return.return_reasons.no_longer_needed.name,Більше не потрібно,uk_UA
return.return_policy.returnable_till.message,Повернення можливе до: %date%,uk_UA
return_page.default_title,Повернення,uk_UA
return_page.title,Створити повернення,uk_UA
return_page.return_reasons.select_reason.placeholder,Виберіть причину,uk_UA
return_page.return_reasons.custom_reason.placeholder,Власна причина,uk_UA
return.return_policy.returnable_till.message,Повернення можливе до: %date%,uk_UA
cart_page.error_message.unexpected_error,Сталася неочікувана помилка.,uk_UA
order_invoice.invoice_template.table.number,Поз.,uk_UA
order_invoice.invoice_template.table.quantity,Кількість,uk_UA
order_invoice.invoice_template.table.name,Позиція,uk_UA
order_invoice.invoice_template.table.tax,Ставка податку,uk_UA
order_invoice.invoice_template.table.price,Ціна,uk_UA
order_invoice.invoice_template.table.subtotal,Проміжна сума,uk_UA
order_invoice.invoice_template.table.discount,Знижка,uk_UA
order_invoice.invoice_template.table.tax.included,у тому числі %tax_rate%% ПДВ без податку,uk_UA
order_invoice.invoice_template.table.tax.name,ПДВ,uk_UA
order_invoice.invoice_template.table.grandtotal,Загальна сума,uk_UA
order_invoice.invoice_template.reference,Номер рахунку:,uk_UA
order_invoice.invoice_template.introduction,Цим ми виставляємо вам рахунок за такі товари:,uk_UA
order_invoice.invoice_template.company.name,Spryker Systems GmbH Berlin,uk_UA
order_invoice.invoice_template.company.address,Julie-Wolfthorn-Straße 1<br>10115 Berlin <br> Німеччина,uk_UA
order_invoice.invoice_template.company.group,Unternehmensgruppe Spryker Systems GmbH	,uk_UA
order_invoice.invoice_template.merchant.name,Spryker Systems GmbH Berlin,uk_UA
order_invoice.invoice_template.merchant.address,Julie-Wolfthorn-Straße 1 + 10115 Berlin,uk_UA
order_invoice.invoice_template.table.total.net,Сума без податку,uk_UA
return_page.list.title,Повернення,uk_UA
return_page.account.no_return,Повернень не знайдено!,uk_UA
return_page.account.no_return_description,"Тут ви знайдете свої повернення та зможете ними керувати, коли вони стануть доступні.",uk_UA
return_page.account.no_return,Наразі повернень немає,uk_UA
return_page.return.return_ref,Номер повернення,uk_UA
return_page.return.order_ref,Номер замовлення,uk_UA
return_page.return.number_of_items,Кількість позицій,uk_UA
return_page.return.date,Дата повернення,uk_UA
return_page.return.items_state,Стан позицій,uk_UA
return_page.return.view_return,Переглянути повернення,uk_UA
return_page.return.print_return,Друкувати накладну,uk_UA
return_page.breadcrumb.returns,Повернення,uk_UA
return_page.breadcrumb.create_return,Створити повернення,uk_UA
return_page.details.page_title,Деталі повернення,uk_UA
return_page.details.actions.back_to_list,Повернутися до списку,uk_UA
return_page.details.actions.print_slip,Друкувати накладну,uk_UA
return_page.details.total.items_to_return,Позиції для повернення,uk_UA
return_page.details.total.items_to_return.count,позиції,uk_UA
return_page.details.total.remuneration_total,Загальна сума винагороди,uk_UA
return_page.item.options,Опції товару:,uk_UA
return_page.table.actions,Дії,uk_UA
return_page.button.return_list,Повернення,uk_UA
return_page.return_reasons.title,Причина:,uk_UA
return_page.return_reasons.empty,—,uk_UA
return_page.return.created,Повернення успішно створено,uk_UA
return_page.return.title,Створити повернення,uk_UA
return_page.order_reference,№ замовлення:,uk_UA
return_page.order_date,Дата замовлення:,uk_UA
return_page.return_reference,№ повернення:,uk_UA
return_page.return_date,Дата повернення:,uk_UA
return_page.button_text,Створити повернення,uk_UA
return_page.item_sku,SKU:,uk_UA
return_page.quantity,Кількість:,uk_UA
return_page.returnable_state,Не підлягає поверненню,uk_UA
return_page.create_return.validation.selected_items,Потрібно вибрати хоча б один товар.,uk_UA
return_page.button.create_return,Повернення,uk_UA
return_page.slip.return_reference,№ повернення,uk_UA
return_page.slip.return_date,Дата повернення,uk_UA
return_page.slip.order_reference,№ замовлення,uk_UA
return_page.slip.barcode,Штрихкод,uk_UA
return_page.slip.product_sku,SKU товару,uk_UA
return_page.slip.product_name,Назва товару,uk_UA
return_page.slip.default_price,Ціна за замовчуванням,uk_UA
return_page.slip.quantity,Кільк.,uk_UA
return_page.slip.total_price,Загальна ціна,uk_UA
return_page.slip.return_reason,Причина повернення,uk_UA
return_page.slip.items_to_return,Позиції для повернення,uk_UA
return_page.slip.remuneration_total,Загальна сума винагороди,uk_UA
sales_product_bundle_widget.returnable_text,Повернення можливе до:,uk_UA
sales_product_bundle_widget.returnable_state,Не підлягає поверненню,uk_UA
sales_product_bundle_widget.item_sku,SKU:,uk_UA
sales_product_bundle_widget.quantity,Кількість:,uk_UA
sales_product_bundle_widget.item.options,Опції товару:,uk_UA
oms.state.new,Новий,uk_UA
oms.state.waiting,Очікує,uk_UA
oms.state.in-progress,В процесі,uk_UA
oms.state.ready,Готово,uk_UA
oms.state.canceled,Скасовано,uk_UA
oms.state.closed,Закрито,uk_UA
oms.state.draft,Чернетка,uk_UA
oms.state.payment-pending,Оплата в очікуванні,uk_UA
oms.state.paid,Оплачено,uk_UA
oms.state.confirmed,Підтверджено,uk_UA
oms.state.exported,Експортовано,uk_UA
oms.state.shipped,Відправлено,uk_UA
oms.state.delivered,Доставлено,uk_UA
oms.state.payout-failed,Не вдалося виплатити кошти продавцю,uk_UA
oms.state.ready-for-return,Готово до повернення,uk_UA
oms.state.refunded,Кошти повернуто,uk_UA
oms.state.returned,Повернуто,uk_UA
oms.state.waiting-for-return,Очікує на повернення,uk_UA
oms.state.shipped-to-customer,Відправлено клієнту,uk_UA
oms.state.sent-to-merchant,Надіслано продавцю,uk_UA
oms.state.shipped-by-merchant,Відправлено продавцем,uk_UA
oms.state.return-canceled,Повернення скасовано,uk_UA
oms.state.invoice-generated,Рахунок сформовано,uk_UA
oms.state.invoice-generated,Рахунок сформовано,uk_UA
oms.state.reservation-cancelled,Бронювання скасовано,uk_UA
oms.state.reservation-cancellation-pending,Скасування бронювання в очікуванні,uk_UA
oms.state.tax-pending,Податок в очікуванні,uk_UA
return.create_return.validation.returnable_items_error,"Повернення не можна створити, оскільки воно містить позиції, що не підлягають поверненню",uk_UA
return.create_return.validation.store_error,Повернення не можна створити — вибрано неправильний магазин,uk_UA
return.create_return.validation.items_error,Повернення не можна створити для цього набору позицій,uk_UA
form.csrf.error.text,Щось пішло не так. Вибачте.,uk_UA
checkbox-select-all.title,Вибрати все,uk_UA
sales.error.customer_order_not_found,Замовлення клієнта не знайдено.,uk_UA
sales.error.order_cannot_be_canceled_due_to_wrong_item_state,Замовлення не можна скасувати через неправильний стан позиції.,uk_UA
order_cancel_widget.cancel_order,Скасувати замовлення,uk_UA
order_cancel_widget.order.cancelled,Замовлення успішно скасовано.,uk_UA
product_cart_item.remove,× видалити,uk_UA
mail.trans.availability_notification.subtitle,Очікування завершено! Додайте цей товар у кошик зараз.,uk_UA
mail.trans.availability_notification.title.part2,знову в наявності!,uk_UA
mail.trans.availability_notification_subscription.subtitle,"Ви отримаєте лист, коли товар знову буде в наявності.",uk_UA
mail.trans.availability_notification_subscription.title,Ми щойно повідомили наш відділ закупівель про вашу підписку!,uk_UA
mail.trans.availability_notification_unsubscribed.subtitle,"Ви не отримаєте повідомлення, коли товар знову буде в наявності.",uk_UA
mail.trans.availability_notification_unsubscribed.title.part1,Ваша підписка на,uk_UA
mail.trans.availability_notification_unsubscribed.title.part2,було скасовано,uk_UA
mail.trans.common.go_to_shop,Перейти до магазину,uk_UA
mail.trans.common.hello_for_first_name,Вітаємо,uk_UA
mail.trans.common.my_account,Мій акаунт,uk_UA
mail.trans.customer_registration.change_info,"Свої дані (адресу доставки, адресу електронної пошти, пароль тощо) ви можете змінити в розділі «Мій акаунт»",uk_UA
mail.trans.customer_registration.registration_success,Ваша реєстрація в Spryker Shop пройшла успішно!,uk_UA
mail.trans.customer_registration.title,Дякуємо за реєстрацію в Spryker Shop!,uk_UA
mail.trans.customer_restored_password_confirmation.title,Ваш пароль успішно змінено,uk_UA
mail.trans.customer_restore_password.change_password,Змінити пароль,uk_UA
mail.trans.customer_restore_password.subtitle,"Хтось запросив новий пароль до вашого акаунта Spryker Shop. Якщо це були не ви, проігноруйте цей лист. Якщо це були ви, дотримуйтеся інструкцій у кнопці нижче.",uk_UA
mail.trans.customer_restore_password.title,Новий пароль до вашого акаунта Spryker Shop,uk_UA
mail.trans.footer.contact_email_address,info@spryker.com,uk_UA
mail.trans.footer.if_you_have_further_questions,"Якщо у вас є додаткові питання, зв'яжіться з нашою службою підтримки за адресою",uk_UA
mail.trans.footer.shop_address,Julie-Wolfthorn-Strasse 1,uk_UA
mail.trans.footer.shop_city,Берлін,uk_UA
mail.trans.footer.shop_name,Spryker Systems GmbH,uk_UA
mail.trans.footer.shop_phone,+49 (0) 30 208 498 350,uk_UA
mail.trans.footer.shopping_experience,Приємних покупок.,uk_UA
mail.trans.footer.shop_zip_code,10115,uk_UA
mail.trans.footer.your_team,Ваша команда Spryker!,uk_UA
mail.trans.header.shop_name,Spryker Shop,uk_UA
mail.trans.newsletter_subscribed.subtitle,"Ми зробимо все можливе, щоб надсилати найактуальніші та найцікавіші новини й оновлення.",uk_UA
mail.trans.newsletter_subscribed.title,"Ми раді, що ви підписалися на нашу розсилку.",uk_UA
mail.trans.newsletter_unsubscribed.subtitle,Вашу адресу електронної пошти відписано від розсилки Spryker Shop. Ви завжди можете керувати підпискою у своєму профілі клієнта.,uk_UA
mail.trans.newsletter_unsubscribed.title,"Шкода, що ви йдете...",uk_UA
mail.trans.order.billing_address,Платіжна адреса,uk_UA
mail.trans.order.delivery_address,Адреса доставки,uk_UA
mail.trans.order.delivery_method,Спосіб доставки,uk_UA
mail.trans.order.discounts_total,Знижки,uk_UA
mail.trans.order.grand_total,Загальна сума,uk_UA
mail.trans.order.order_date,Дата замовлення,uk_UA
mail.trans.order.order_details,Деталі замовлення,uk_UA
mail.trans.order.order_reference,Номер замовлення,uk_UA
mail.trans.order.quantity,Кільк.,uk_UA
mail.trans.order.requested_delivery_date,Бажана дата доставки,uk_UA
mail.trans.order.shipment_costs_total,Витрати на доставку (разом),uk_UA
mail.trans.order.shipment_for_number.part1,Відправлення,uk_UA
mail.trans.order.shipment_for_number.part2,з,uk_UA
mail.trans.order.subtotal,Проміжна сума,uk_UA
mail.trans.order.taxes,Податки,uk_UA
mail.trans.order_confirmation.subtitle,"Повідомляємо, що ми отримали ваше замовлення. Підтвердження відправлення ви отримаєте електронною поштою, щойно замовлення буде відправлено. Сподіваємося, замовлення вам сподобається, але якщо ви зміните думку, поверніть його протягом 14 днів.",uk_UA
mail.trans.order_confirmation.title,Дякуємо за покупки в Spryker Shop!,uk_UA
mail.trans.restore_password.change_password,Змінити пароль,uk_UA
mail.trans.restore_password.subtitle,"Хтось запросив новий пароль до вашого акаунта Spryker Back Office. Якщо це були не ви, проігноруйте цей лист. Якщо це були ви, дотримуйтеся інструкцій у кнопці нижче",uk_UA
mail.trans.restore_password.title,Новий пароль до вашого акаунта Spryker Back Office,uk_UA
mail.trans.order_shipped.title,Ваше замовлення в дорозі!,uk_UA
mail.trans.company_status.title,Статус вашої компанії змінено на,uk_UA
mail.trans.customer_registration.confirmation_link,Підтвердьте свою адресу електронної пошти,uk_UA
mail.customer.customer_email_change_verification.text,"Підтвердьте свою адресу електронної пошти, натиснувши",uk_UA
mail.customer.customer_email_change_notification.text,"Повідомляємо, що адресу електронної пошти, пов'язану з вашим акаунтом, успішно змінено. Якщо цю зміну зробили ви, додаткових дій не потрібно. Якщо ж ви не запитували цю зміну, негайно зв'яжіться з власником магазину, щоб захистити свій акаунт.",uk_UA
mail.customer.customer_email_change_notification.subject,Вашу адресу електронної пошти змінено,uk_UA
mail.customer.customer_email_change_verification.subject,Підтвердьте свою адресу електронної пошти,uk_UA
password.weak,Слабкий,uk_UA
password.medium,Середній,uk_UA
password.strong,Надійний,uk_UA
password.very_strong,Дуже надійний,uk_UA
password.message,Спробуйте зробити пароль довшим або додати цифри чи символи.,uk_UA
customer.password.error.deny_list,Цей пароль вважається поширеним. Використайте інший.,uk_UA
customer.password.error.sequence,Ви повторили той самий символ занадто багато разів.,uk_UA
customer.password.error.character_set,"Пароль повинен містити щонайменше 1 символ з кожної допустимої групи: велика літера, мала літера, цифра та спеціальний символ.",uk_UA
error.429,Занадто багато запитів,uk_UA
security_blocker_page.error.account_blocked,Занадто багато спроб входу з вашої адреси. Зачекайте %minutes% хвилин перед наступною спробою.,uk_UA
security_blocker_backoffice_gui.error.account_blocked,Занадто багато спроб входу з вашої адреси. Зачекайте %minutes% хвилин перед наступною спробою.,uk_UA
security_blocker_merchant_portal_gui.error.account_blocked,Занадто багато спроб входу з вашої адреси. Зачекайте %minutes% хвилин перед наступною спробою.,uk_UA
payment_foreign.thank_you,Дякуємо,uk_UA
payment_foreign.go_to_my_account,"Перейти до ""Мій акаунт""",uk_UA
payment_foreign.success.order.placement.message,Ваше замовлення успішно оплачено. Лист із підтвердженням ви отримаєте за кілька хвилин. Ви можете перевіряти й відстежувати замовлення у своєму акаунті.,uk_UA
agent_page.error.customer_already_logged_in,"Ви вже увійшли як клієнт, спочатку вийдіть, а потім продовжуйте",uk_UA
customer.login.remember_me,Запам'ятати мене,uk_UA
merchant.sold_by,Продавець:,uk_UA
merchant_search_widget.all_merchants,Усі продавці,uk_UA
merchant_search_widget.merchants,Продавці,uk_UA
merchant_profile.email,Адреса електронної пошти,uk_UA
merchant_profile.address,Адреса,uk_UA
merchant_profile.phone,Телефон,uk_UA
merchant_profile.terms_and_conditions,Правила та умови,uk_UA
merchant_profile.cancellation_policy,Політика скасування замовлення,uk_UA
merchant_profile.imprint,Вихідні дані,uk_UA
merchant_profile.privacy,Захист даних,uk_UA
merchant_profile.delivery_time,Час доставки,uk_UA
merchant_profile.shop_merchant_products,Купити товари продавця,uk_UA
merchant_product.message.invalid,"Товар ""%sku%"" у продавця ""%merchant_reference%"" не знайдено.",uk_UA
merchant_product.sold_by,Продавець,uk_UA
merchant_product_offer.view_seller,Переглянути продавця,uk_UA
merchant_product_offer.sold_by,Продавець,uk_UA
merchant_product_offer_widget.merchant_name,Продавець,uk_UA
product-offer.info.product-offer-inactive.removed,Неактивну позицію %sku% було видалено з вашого кошика.,uk_UA
product-offer.info.reference.invalid,Не знайдено номер пропозиції товару для товару з SKU '%sku%'.,uk_UA
product-offer.message.not-active-or-approved,Пропозиція товару не активна для товару з SKU '%sku%'.,uk_UA
merchant_weekday_schedule.new_year,Новий рік,uk_UA
merchant_weekday_schedule.good_friday,Страсна п'ятниця,uk_UA
merchant_weekday_schedule.easter_sunday,Великдень,uk_UA
merchant_weekday_schedule.easter_monday,Великодній понеділок,uk_UA
merchant_weekday_schedule.may_day,День праці,uk_UA
merchant_weekday_schedule.ascension_of_christ,Вознесіння Господнє,uk_UA
merchant_weekday_schedule.whit_sunday,Трійця,uk_UA
merchant_weekday_schedule.whit_monday,Духів день,uk_UA
merchant_weekday_schedule.corpus_christi,Свято Тіла і Крові Христових,uk_UA
merchant_weekday_schedule.day_of_german_unity,День єдності Німеччини,uk_UA
merchant_weekday_schedule.all_saints_day,День усіх святих,uk_UA
merchant_weekday_schedule.1st_christmas_day,Перший день Різдва,uk_UA
merchant_weekday_schedule.2nd_christmas_day,Другий день Різдва,uk_UA
merchant_weekday_schedule.sunday_opening,Працює в неділю,uk_UA
merchant_opening_hours.opening_hours_title,Години роботи,uk_UA
merchant_opening_hours.special_opening_hours_title,Особливі години роботи,uk_UA
merchant_opening_hours.public_holidays_title,Державні свята,uk_UA
merchant_opening_hours.opening_hours_closed,Закрито,uk_UA
merchant_opening_hours.day.title.monday,Понеділок,uk_UA
merchant_opening_hours.day.title.tuesday,Вівторок,uk_UA
merchant_opening_hours.day.title.wednesday,Середа,uk_UA
merchant_opening_hours.day.title.thursday,Четвер,uk_UA
merchant_opening_hours.day.title.friday,П'ятниця,uk_UA
merchant_opening_hours.day.title.saturday,Субота,uk_UA
merchant_opening_hours.day.title.sunday,Неділя,uk_UA
checkout.item.option.pre.condition.validation.error.exists,Опція товару %name% більше недоступна.,uk_UA
product.filter.merchant_name,Продавець,uk_UA
merchant_sales_order.merchant_order_id,ID замовлення продавця,uk_UA
merchant_sales_return.message.items_from_different_merchant_detected,У вашому замовленні є товари від різних продавців. Ви можете повертати товари лише від одного продавця за раз.,uk_UA
merchant_sales_return_widget.create_form.different_merchants_info,У вашому замовленні є товари від різних продавців. Ви можете повертати товари лише від одного продавця за раз.,uk_UA
shopping_list.pre.check.product_offer,Пропозицію товару не знайдено.,uk_UA
shopping_list.pre.check.product_offer.approved,Пропозиція товару не затверджена.,uk_UA
shopping_list.pre.check.product_offer.is_active,Пропозиція товару не активна.,uk_UA
shopping_list.pre.check.product_merchant_inactive,Продавець неактивний.,uk_UA
shopping_list.pre.check.product_merchant_not_approved,Продавець не затверджений.,uk_UA
shopping_list.pre.check.product_offer.store_invalid,Пропозиція товару не належить до поточного магазину.,uk_UA
shopping_list.pre.check.product.store_invalid,Товар не належить до поточного магазину.,uk_UA
sales-order-threshold.hard-minimum-threshold.us.usd.message,"Додайте товари на суму {{threshold}}, щоб досягти рекомендованого порога. Ви не можете перейти до оформлення замовлення",uk_UA
sales-order-threshold.hard-maximum-threshold.us.usd.message,"Вартість кошика не може перевищувати {{threshold}}. Видаліть частину позицій, щоб продовжити оформлення замовлення",uk_UA
sales-order-threshold.soft-minimum-threshold.us.usd.message,"Додайте товари на суму {{threshold}}, щоб досягти рекомендованого порога, але за бажанням можете оформити замовлення.",uk_UA
countries.iso.US,Сполучені Штати Америки,uk_UA
product_bundle_product_detail_page_items_list_widget.title.bundle_includes,Комплект містить,uk_UA
product_configuration.checkout.validation.error.is_not_complete,Налаштування товару не завершено.,uk_UA
product_configuration.validation.error.not_valid_response_checksum,Вказано недійсну контрольну суму відповіді,uk_UA
product_configuration.validation.error.expired_timestamp,Вказано прострочену позначку часу,uk_UA
product_configuration.access_token.request.error.can_not_obtain_access_token,Не вдалося отримати токен доступу,uk_UA
product_configuration.error.configured_item_not_found_in_cart,Сконфігурований товар '%sku%' не знайдено.,uk_UA
product_configuration.error.availability.failed,Товар доступний у кількості %availability%.,uk_UA
product_configuration.response.validation.error,Не вдалося перевірити відповідь конфігуратора товару.,uk_UA
product_configuration.error.configuration_not_found,Не знайдено налаштування товару для товару '%sku%'.,uk_UA
product_configuration_storage.validation.error.group_key_is_not_provided,Потрібно вказати ключ групи,uk_UA
product_configuration_widget.configure,Налаштувати,uk_UA
product_configuration_widget.complete,Налаштування завершено!,uk_UA
product_configuration_widget.not_complete,Налаштування не завершено.,uk_UA
product_configuration_widget.quote_not_valid,Цей кошик не можна обробити. Налаштуйте позиції в кошику.,uk_UA
product_configuration.quote_request.validation.error.incomplete,"Щоб перевірити пропозицію, потрібно завершити налаштування товарів.",uk_UA
product_configuration_shopping_list.error.configuration_not_found,Не знайдено налаштування товару для позиції списку покупок '%uuid%'.,uk_UA
product_configuration_shopping_list.error.item_not_found,Позицію списку покупок не знайдено.,uk_UA
product_configurator_gateway_page.source_type_not_blank,Джерело є обов'язковим параметром,uk_UA
product_configurator_gateway_page.sku_not_blank,SKU товару є обов'язковим параметром,uk_UA
product_configurator_gateway_page.configurator_key_not_blank,Ключ конфігуратора є обов'язковим параметром,uk_UA
product_configurator_gateway_page.quantity_required,Кількість є обов'язковим параметром,uk_UA
product_configurator_gateway_page.item_group_key_required,Ключ групи є обов'язковим параметром,uk_UA
product_configurator_gateway_page.shopping_list_item_uuid_required,ID позиції списку покупок є обов'язковим параметром.,uk_UA
product_configurator_gateway_page.configurator_key_is_not_supported,Ключ конфігуратора не підтримується.,uk_UA
permission.name.SeeCompanyUsersPermissionPlugin,Переглянути користувачів компанії,uk_UA
store_widget.switcher.store,Магазин:,uk_UA
store.validation.store_not_found,Магазин не знайдено,uk_UA
category.validation.category_node_entity_not_found,"Вузол категорії з ID '%category_node_id%' не можна перемістити, оскільки цей вузол більше не існує.",uk_UA
merchant_relation_request.validation.status_not_pending,"Нові запити можна створювати лише тоді, коли поточний статус — в очікуванні.",uk_UA
merchant_relation_request.validation.decision_note_empty,Очистіть примітку до рішення перед надсиланням запиту.,uk_UA
merchant_relation_request.validation.assignee_business_units_empty,"Вкажіть щонайменше один бізнес-підрозділ, щоб продовжити.",uk_UA
merchant_relation_request.validation.request_note_wrong_length,Примітка до запиту на відносини з продавцем повинна мати довжину від %min% до %max% символів.,uk_UA
merchant_relation_request.validation.incompatible_company_account,Запити для цього списку бізнес-підрозділів можуть створювати лише користувачі з тієї самої компанії.,uk_UA
merchant_relation_request.validation.decision_note_wrong_length,Примітка до рішення щодо запиту на відносини з продавцем повинна мати довжину від %min% до %max% символів.,uk_UA
merchant_relation_request.validation.not_found,Запит на відносини з продавцем не знайдено.,uk_UA
merchant_relation_request.validation.cant_be_approved,Запит на відносини з продавцем не можна затвердити.,uk_UA
merchant_relation_request.validation.cant_be_canceled,Запит на відносини з продавцем не можна скасувати.,uk_UA
merchant_relation_request.validation.cant_be_rejected,Запит на відносини з продавцем не можна відхилити.,uk_UA
merchant_relation_request.validation.cant_become_pending,Запит на відносини з продавцем не може перейти в стан очікування.,uk_UA
merchant_relation_request.mail.merchant_relation_request_status_change.subject,Статус вашого запиту на відносини з продавцем змінено.,uk_UA
merchant_relation_request.mail.trans.merchant_relation_request_status_change.salutation,"Вітаємо, %first_name% %last_name%,",uk_UA
merchant_relation_request.mail.trans.merchant_relation_request_status_change.main_text,Продавець %merchant_name% змінив статус вашого запиту на відносини на %status%. Перегляньте його у своєму корпоративному акаунті.,uk_UA
merchant_relation_request.mail.trans.merchant_relation_request_status_change.button,Переглянути запит на відносини з продавцем,uk_UA
merchant_relation_request.mail.trans.merchant_relation_request_status_change.decision_note_title,Коментар від продавця,uk_UA
comment.validation.error.user_not_found,Користувача не знайдено.,uk_UA
comment.validation.error.comment_author_intersected,Виявлено конфлікт авторів коментаря.,uk_UA
comment.validation.error.customer_not_found,Клієнта не знайдено.,uk_UA
permission.name.CreateMerchantRelationRequestPermissionPlugin,Надіслати запит на відносини з продавцем,uk_UA
merchant_relation_request_widget.request_for_relation.link,Запит на відносини,uk_UA
merchant_relation_request_widget.request_for_relation.button,Надіслати запит,uk_UA
merchant_relation_request_widget.request_for_relation.details,Контактні дані,uk_UA
merchant_relation_request_widget.create_request.label,Створити запит на відносини з продавцем,uk_UA
merchant_relation_page.merchant_relation.view.empty,У вас ще немає відносин із продавцями.,uk_UA
merchant_relation_request_widget.merchant_relation_request.list.title,Запити на відносини з продавцем,uk_UA
merchant_relation_request_page.merchant_relation_request.view.empty,У вас ще немає запитів на відносини з продавцем.,uk_UA
merchant_relation_request_page.merchant_relation_request,Запити на відносини з продавцем,uk_UA
merchant_relation_request_page.merchant_relation_request.list.manage,Керувати запитами на відносини з продавцем,uk_UA
merchant_relation_request_page.merchant_relation_request.list.create_link,Створити запит,uk_UA
merchant_relation_request_page.merchant_relation_request.breadcrumb.create,Створити,uk_UA
merchant_relation_request_page.merchant_relation_request.title_create,Запит на відносини з продавцем,uk_UA
merchant_relation_request_page.merchant_relation_request.actions.cancel,Скасувати запит,uk_UA
merchant_relation_request_page.merchant_relation_request.actions.back,Назад,uk_UA
merchant_relation_request_page.merchant_relation_request.actions.send_request,Надіслати запит,uk_UA
merchant_relation_request_page.merchant_relation_request.submit,Надіслати запит,uk_UA
merchant_relation_request_page.merchant_relation_request.request_note,Повідомлення продавцю,uk_UA
merchant_relation_request_page.merchant_relation_request.business_units,Бізнес-підрозділи,uk_UA
merchant_relation_request_page.merchant_relation_request.business_unit_owner,Власник бізнес-підрозділу,uk_UA
merchant_relation_request_page.merchant_relation_request.business_unit_owner.placeholder,Виберіть власника бізнес-підрозділу,uk_UA
merchant_relation_request_page.merchant_relation_request.merchant,Продавець,uk_UA
merchant_relation_request_page.merchant_relation_request.merchant.placeholder,Виберіть продавця,uk_UA
merchant_relation_request_page.merchant_relation_request.created,Запит на відносини з продавцем успішно надіслано.,uk_UA
merchant_relation_request_page.merchant_relation_request.created_at,Створено,uk_UA
merchant_relation_request_page.merchant_relation_request.company_user,Користувач компанії,uk_UA
merchant_relation_request_page.merchant_relation_request.status,Статус,uk_UA
merchant_relation_request_page.merchant_relation_request.actions,Дії,uk_UA
merchant_relation_request_page.merchant_relation_request.actions.view,Переглянути,uk_UA
merchant_relation_request_page.merchant_relation_request.empty_business_units.error,Користувачу має бути призначено щонайменше один бізнес-підрозділ,uk_UA
merchant_relation_request_page.merchant_relation_request.success.canceled,Запит на відносини з продавцем успішно скасовано.,uk_UA
merchant_relation_request.validation.company_user_access_denied,Доступ заборонено.,uk_UA
merchant_relation_request.validation.merchant_not_found,Продавця не знайдено.,uk_UA
merchant_relation_request.mail.trans.merchant_notification.title,"Перегляньте запит на відносини з продавцем, що очікує на розгляд, у Merchant Portal.",uk_UA
merchant_relation_request.mail.trans.merchant_notification.button,Перегляньте запит на відносини з продавцем,uk_UA
merchant_relation_request.mail.trans.merchant_notification.subject,Запит на відносини з продавцем в очікуванні,uk_UA
merchant_relation_request.merchant_notification.active_filters,Активні фільтри:,uk_UA
merchant_relation_request.merchant_notification.reset_all,Скинути все,uk_UA
merchant_relation_request.merchant_notification.apply,Застосувати,uk_UA
merchant_relation_request_page.merchant_relation_request.status.placeholder,Виберіть статус,uk_UA
merchant_relation_request_page.merchant_relation_request.status.pending,В очікуванні ,uk_UA
merchant_relation_request_page.merchant_relation_request.status.canceled,Скасовано ,uk_UA
merchant_relation_request_page.merchant_relation_request.status.rejected,Відхилено ,uk_UA
merchant_relation_request_page.merchant_relation_request.status.approved,Затверджено ,uk_UA
merchant_relation_request_page.merchant_relation_request.request_note_label,Повідомлення,uk_UA
merchant_relation_request_page.merchant_relation_request.decision_note_label,Повідомлення користувачу,uk_UA
merchant_relation_request_page.merchant_relation_request_detail.date_created,Дата створення,uk_UA
merchant_relation_request_page.merchant_relation_request_detail.company_details,Дані компанії,uk_UA
merchant_relation_request_page.merchant_relation_request_detail.company,Компанія,uk_UA
merchant_relation_request_page.merchant_relation_request_detail.business_unit_owner,Власник бізнес-підрозділу,uk_UA
merchant_relation_request_page.merchant_relation_request_detail.business_units,Бізнес-підрозділи,uk_UA
merchant_relation_request_page.merchant_relation_request_detail.details,Контактні дані,uk_UA
merchant_relation_request_page.merchant_relation_request_detail.first_name,Ім'я,uk_UA
merchant_relation_request_page.merchant_relation_request_detail.last_name,Прізвище,uk_UA
merchant_relation_request_page.merchant_relation_request_detail.email,E-mail,uk_UA
merchant_relation_request_page.merchant_relation_request_detail.additional_details,Додаткові деталі,uk_UA
merchant_relation_request_page.merchant_relation_request_detail.comment_from_merchant,Коментар від продавця,uk_UA
merchant_relation_request_page.merchant_relation_request_detail.notification.title.pending,Запит на відносини з продавцем очікує на розгляд.,uk_UA
merchant_relation_request_page.merchant_relation_request_detail.notification.title.canceled,Запит на відносини з продавцем скасовано.,uk_UA
merchant_relation_request_page.merchant_relation_request_detail.notification.title.approved,Запит на відносини з продавцем затверджено.,uk_UA
merchant_relation_request_page.merchant_relation_request_detail.notification.title.rejected,Запит на відносини з продавцем відхилено.,uk_UA
merchant_relation_request_page.merchant_relation_request_detail.notification.description.pending,Продавець ще не розглянув ваш запит. Ви можете його скасувати.,uk_UA
merchant_relation_request_page.merchant_relation_request_detail.notification.description.canceled,Цей запит було скасовано. Ви можете створити новий запит.,uk_UA
merchant_relation_request_page.merchant_relation_request_detail.notification.description.approved,Створено такі відносини з продавцями:,uk_UA
merchant_relation_request_page.merchant_relation_request_detail.notification.description.rejected,"Продавець відхилив ваш запит. Якщо у вас є питання, зв'яжіться з продавцем.",uk_UA
merchant_relation_request_page.merchant_relation_request_detail.labels.company,Компанія,uk_UA
merchant_relationship_page.table.header.merchant,Продавець,uk_UA
merchant_relationship_page.table.header.business_unit_owner,Власник бізнес-підрозділу,uk_UA
merchant_relationship_page.table.header.business_units,Бізнес-підрозділи,uk_UA
merchant_relationship_page.table.header.created,Створено,uk_UA
merchant_relationship_page.table.header.actions,Дії,uk_UA
merchant_relationship_page.table.action.view,Переглянути,uk_UA
merchant_relationship_widget.merchant_relationship_links_list.view,Переглянути,uk_UA
company.account.merchant_relations,Відносини з продавцями,uk_UA
merchant_relationship_page.table.filter.apply,Застосувати,uk_UA
merchant_relationship_page.merchant_relationsip_detail,Відносини з продавцем,uk_UA
merchant_relationship_page.merchant_relationsip_detail.date_created,Дата створення,uk_UA
merchant_relationship_page.merchant_relationsip_detail.company_details,Дані компанії,uk_UA
merchant_relationship_page.merchant_relationsip_detail.company,Компанія,uk_UA
merchant_relationship_page.merchant_relationsip_detail.business_unit_owner,Власник бізнес-підрозділу,uk_UA
merchant_relationship_page.merchant_relationsip_detail.business_units,Бізнес-підрозділи,uk_UA
merchant_relationship_page.merchant_relationsip_detail.view,Переглянути,uk_UA
merchant_relationship_page.merchant_relationship.business_unit_owner,Власник бізнес-підрозділу,uk_UA
merchant_relationship_page.merchant_relationship.business_unit_owner.placeholder,Виберіть власника бізнес-підрозділу,uk_UA
merchant_relationship_page.merchant_relationship.merchant,Продавець,uk_UA
merchant_relationship_page.merchant_relationship.merchant.placeholder,Виберіть продавця,uk_UA
merchant_relationship_page.merchant_relationship.active_filters,Активні фільтри:,uk_UA
merchant_relationship_page.merchant_relationship.reset_all,Скинути все,uk_UA
merchant_relationship.mail.trans.merchant_relationship_delete.subject,Ваші відносини з продавцем припинено.,uk_UA
merchant_relationship.mail.trans.merchant_relationship_delete.salutation,"Вітаємо,",uk_UA
merchant_relationship.mail.trans.merchant_relationship_delete.main_text,Продавець %merchant_name% припинив ваші відносини. У разі питань зв'яжіться з продавцем.,uk_UA
merchant_relationship.mail.trans.merchant_relationship_delete.link,Зв'язатися з продавцем,uk_UA
merchant_commission.validation.currency_does_not_exist,Валюти з кодом ‘%code%’ не існує.,uk_UA
merchant_commission.validation.merchant_commission_description_invalid_length,Опис комісії продавця повинен мати довжину від %min% до %max% символів.,uk_UA
merchant_commission.validation.merchant_commission_key_exists,Комісія продавця з ключем ‘%key%’ уже існує.,uk_UA
merchant_commission.validation.merchant_commission_key_invalid_length,Ключ комісії продавця повинен мати довжину від %min% до %max% символів.,uk_UA
merchant_commission.validation.merchant_commission_key_is_not_unique,Щонайменше дві комісії продавця в цьому запиті мають однаковий ключ.,uk_UA
merchant_commission.validation.merchant_commission_does_not_exist,Комісію продавця з ключем ‘%key%’ не знайдено.,uk_UA
merchant_commission.validation.merchant_commission_group_does_not_exist,Групу комісії продавця не знайдено.,uk_UA
merchant_commission.validation.merchant_commission_group_key_does_not_exist,Групу комісії продавця з ключем ‘%key%’ не знайдено.,uk_UA
merchant_commission.validation.merchant_does_not_exist,Продавця з номером ‘%merchant_reference%’ не існує.,uk_UA
merchant_commission.validation.merchant_commission_name_invalid_length,Назва комісії продавця повинна мати довжину від %min% до %max% символів.,uk_UA
merchant_commission.validation.merchant_commission_priority_not_in_range,Пріоритет комісії продавця повинен бути в діапазоні від %min% до %max%.,uk_UA
merchant_commission.validation.store_does_not_exist,Магазину з назвою ‘%name%’ не існує.,uk_UA
merchant_commission.validation.merchant_commission_valid_from_invalid_datetime,Дата ‘діє з’ комісії продавця має неправильний формат.,uk_UA
merchant_commission.validation.merchant_commission_valid_to_invalid_datetime,Дата ‘діє до’ комісії продавця має неправильний формат.,uk_UA
merchant_commission.validation.merchant_commission_validity_period_invalid,Дата ‘діє до’ комісії продавця повинна бути пізнішою за дату ‘діє з’.,uk_UA
merchant_commission.validation.invalid_query_string,Вказаний рядок запиту має недійсний формат у %field%.,uk_UA
merchant_commission.validation.invalid_compare_operator,Вказаний оператор порівняння недійсний у %field%.,uk_UA
rule_engine.validation.invalid_query_string,Вказаний рядок запиту має недійсний формат.,uk_UA
rule_engine.validation.invalid_compare_operator_value,Вказаний оператор порівняння недійсний.,uk_UA
payment_app_widget.validation.quote_is_empty, Пропозиція порожня.,uk_UA
payment_app_widget.error.payment_failed,Оплата не вдалася,uk_UA
payment_app_widget.error.incorrect_quote,"Пропозицію не знайдено, сесія могла закінчитися",uk_UA
mail.multi_factor_auth.email.text,"Щоб продовжити виконання запиту, скористайтеся таким кодом підтвердження: %code%. Якщо ви не запитували цей код, проігноруйте цей лист.",uk_UA
customer.change_customer_email_mail_sent,"Майже готово! Ми надіслали вам лист для підтвердження адреси електронної пошти. Підтвердьте її, щоб мати змогу увійти.",uk_UA
mail.multi_factor_auth.email.subject,Код підтвердження для безпечного доступу,uk_UA
multi_factor_auth.multi_factor_auth.list.title,Налаштувати багатофакторну аутентифікацію,uk_UA
multi_factor_auth.error.invalid_code,Недійсний код багатофакторної аутентифікації. У вас залишилося %remainingAttempts% спроб(и).,uk_UA
multi_factor_auth.error.attempts_exceeded,Ви перевищили дозволену кількість спроб. Спробуйте знову після оновлення сторінки.,uk_UA
multi_factor_auth.error.expired_code,Термін дії коду багатофакторної аутентифікації закінчився. Спробуйте знову.,uk_UA
multi_factor_auth.enter_your_code_input,Введіть свій код тут,uk_UA
multi_factor_auth.activate,Активувати,uk_UA
multi_factor_auth.deactivate,Деактивувати,uk_UA
multi_factor_auth.error.authentication_method_not_selected,"Неможливо продовжити. Потрібно вибрати метод багатофакторної аутентифікації. Оновіть сторінку та спробуйте знову, а якщо проблема не зникає, зв'яжіться з підтримкою.",uk_UA
multi_factor_auth.error.corrupted_code,Вказаний код порожній або недійсний. Спробуйте знову.,uk_UA
multi_factor_auth.method.select,Виберіть метод аутентифікації,uk_UA
multi_factor_auth.code.validation,Введіть код аутентифікації,uk_UA
multi_factor_auth.enter_code_for_method,"Ми надіслали код аутентифікації на ваш %type%. Введіть його нижче, щоб продовжити.",uk_UA
multi_factor_auth.access_denied,"Доступ суворо обмежено до успішного завершення багатофакторної аутентифікації. Переконайтеся, що JavaScript увімкнено у вашому браузері, оновіть сторінку та спробуйте знову. Якщо проблема не зникає, можливо, потрібно повторно пройти процес багатофакторної аутентифікації.",uk_UA
multi_factor_auth.activation.success,Багатофакторну аутентифікацію активовано.,uk_UA
multi_factor_auth.deactivation.success,Багатофакторну аутентифікацію деактивовано.,uk_UA
multi_factor_auth.activation.error,Не вдалося активувати багатофакторну аутентифікацію.,uk_UA
multi_factor_auth.deactivation.error,Не вдалося деактивувати багатофакторну аутентифікацію.,uk_UA
multi_factor_auth.selection.error.required,"Виберіть, як ви хочете підтвердити свою особу.",uk_UA
multi_factor_auth.send_code.error,Під час надсилання вашого коду сталася помилка. Спробуйте пізніше або зв'яжіться з системним адміністратором.,uk_UA
multi_factor_auth.continue,Продовжити,uk_UA
multi_factor_auth.verify_code,Підтвердити код,uk_UA
multi_factor_auth.required_options,"Щоб продовжити, потрібно вибрати одну опцію!",uk_UA
multi_factor_auth.invalid_csrf_token,Недійсний токен CSRF.,uk_UA
multi_factor_auth.note_mfa_affects,"Зверніть увагу: зміни, зроблені тут, також впливають на роботу MFA в інших середовищах, як-от Back Office, оскільки ваші акаунти пов'язані.",uk_UA
checkout_page.aria_label.choose.as.active,Зробити %optionValue% активним.,uk_UA
shop_ui.aria_label.choose.date.time,Виберіть дату й час.,uk_UA
shop_ui.aria_label.choose.date,Виберіть дату.,uk_UA
shop_ui.aria_label.main.navigation,Головна навігація,uk_UA
shop_ui.aria_label.choose-date,Виберіть дату,uk_UA
vertex.tax-number-country-blocked,Ця країна заблокована в налаштуваннях.,uk_UA
vertex.tax-number-validation-not-available,Сервіс не зміг перевірити цей номер.,uk_UA
vertex.tax-number-ignored,"Номер ігнорується, оскільки налаштування змінено так, щоб блокувати номери для цього регіону, країни або продавця.",uk_UA
vertex.tax-number-syntax-valid,"Синтаксис ідентифікаційного номера правильний. Однак подальших перевірок не проводилося. Там, де потрібна контрольна сума, як для Індії, номер вважається дійсним, якщо синтаксис правильний, а контрольна сума не налаштована.",uk_UA
vertex.tax-number-syntax-invalid,Синтаксис ідентифікаційного номера недійсний.,uk_UA
vertex.tax-number-considered-valid-in-domestic-country,Податковий номер дійсний у країні постачальника.,uk_UA
vertex.tax-number-valid-according-to-external-service,Податковий номер перевірено в базі податкового органу — він дійсний.,uk_UA
vertex.tax-number-invalid-according-to-external-service,Податковий номер перевірено в базі податкового органу — він недійсний.,uk_UA
vertex.tax-number-validation-requested-additional-interactions,"Податковий орган запросив додаткові параметри. Наприклад, певна країна може вимагати перевірки CAPTCHA й потребувати більше інформації, перш ніж підтвердити ідентифікаційний номер.",uk_UA
vertex.tax-number-service-temporarily-unavailable,Не вдалося підключитися до сервісу перевірки через його тимчасову недоступність.,uk_UA
vertex.tax-number-syntax-considered-valid-but-not-verified,"Синтаксис податкового номера правильний, але його статус не вдалося перевірити зовнішнім сервісом. Це трапляється, коли налаштування on-error має значення syntax-check, а зовнішній сервіс не відповідає.",uk_UA
vertex.invalid-request-data,Недійсні дані запиту.,uk_UA
vertex.tax-app-disabled,Податкову службу вимкнено.,uk_UA
vertex.tax-validator-unavailable,API валідатора податків недоступне.,uk_UA
vertex.validator-api-inactive,Не вдалося підключитися до API Vertex Validator: застосунок Vertex або перевірка податкового номера неактивні.,uk_UA
vertex.request-failed,Запит до API Vertex не вдався.,uk_UA
vertex.invalid-credentials,Недійсні дані для входу.,uk_UA
cart_reorder.validation.order_not_found,Замовлення не знайдено.,uk_UA
cart_reorder.validation.quote_not_provided,Пропозицію не вказано.,uk_UA
store.cart_reorder.error.store_mismatch,Це замовлення було зроблено в іншому магазині. Цю дію виконати неможливо.,uk_UA
cart_reorder_page.reorder_all,Замовити повторно все,uk_UA
cart_reorder_page.reorder,Замовити повторно,uk_UA
cart_reorder_page.reorder_selected,Замовити повторно вибрані позиції,uk_UA
cart_reorder.pre_add_to_cart.inactive_product_option_item_removed,Неактивну позицію %sku% було видалено з вашого кошика.,uk_UA
sales_order_amendment_oms.validation.order_not_amendable,Це замовлення не можна змінити.,uk_UA
sales_order_amendment_oms.validation.amended_order_does_not_exist,Не вдалося знайти замовлення з номером %order_reference%.,uk_UA
sales_order_amendment_oms.validation.amendment_order_does_not_exist,Не вдалося знайти замовлення з номером %order_reference%.,uk_UA
sales_order_amendment.validation.sales_order_amendment_does_not_exist,Не вдалося оновити зміну замовлення з ID %uuid%. Перевірте ID.,uk_UA
sales_order_amendment.validation.order_amendment_duplicated,"Для цього замовлення вже триває зміна. Завершіть або скасуйте її, перш ніж почати нову.",uk_UA
sales_order_amendment.validation.cart_reorder.order_reference_not_match,"Наразі змінюється інше замовлення. Завершіть або скасуйте попередню зміну, перш ніж вносити зміни в це замовлення.",uk_UA
sales_order_amendment.validation.cart.cart_cant_be_amended,Поточний кошик не можна змінити.,uk_UA
oms.state.order-amendment,Триває редагування,uk_UA
sales_order_amendment_oms.validation.order_not_being_amended,"Це замовлення не можна редагувати, оскільки час для змін закінчився.",uk_UA
sales_order_amendment.pre_check.cannot_change_currency,Валюту не можна змінити під час редагування замовлення.,uk_UA
sales_order_amendment.pre_check.cannot_change_price_mode,Режим ціни не можна змінити під час редагування замовлення.,uk_UA
store.cart_reorder.error.store_mismatch,Це замовлення було зроблено в іншому магазині. Цю дію виконати неможливо.,uk_UA
sales_order_amendment.quote_request.validation.error.forbidden,Запити на пропозицію недоступні під час зміни замовлення.,uk_UA
sales_order_amendment.order_amendment_after_rfq.validation.error.forbidden,"Зміни не допускаються для замовлень, створених із пропозиції.",uk_UA
sales_order_amendment_widget.edit_order,Редагувати замовлення,uk_UA
sales_order_amendment_widget.edit_order.cancel,Скасувати,uk_UA
sales_order_amendment_widget.edit_order.warning_message,Редагування цього замовлення замінить позиції у вашому поточному кошику позиціями із замовлення?,uk_UA
sales_order_amendment_widget.cancel_order_amendment,Скасувати редагування,uk_UA
sales_order_amendment_widget.amendment_cant_be_canceled,Цю зміну замовлення не можна скасувати.,uk_UA
sales_order_amendment_widget.amendment_canceled,Зміну замовлення успішно скасовано.,uk_UA
sales_order_amendment_widget.summary_step.update.order,Оновити замовлення,uk_UA
sales_order_amendment_widget.success_step.update.success.title,Ваше замовлення успішно оновлено!,uk_UA
data_import_merchant.validation.importer_type_not_supported,Тип імпортера не підтримується.,uk_UA
data_import_merchant.validation.merchant_not_found,Продавця не знайдено.,uk_UA
data_import_merchant.validation.user_not_found,Користувача не знайдено.,uk_UA
data_import_merchant.validation.invalid_file_content_type,Недійсний тип вмісту файлу.,uk_UA
merchant_product_data_import.validation.missing_required_header,Відсутнє обов'язкове поле %header%.,uk_UA
service_point.validation.service_point_key_exists,Точка обслуговування з таким ключем уже існує.,uk_UA
service_point.validation.service_point_key_is_not_unique,Точка обслуговування з таким ключем уже існує в запиті.,uk_UA
service_point.validation.service_point_key_wrong_length,Ключ точки обслуговування повинен мати довжину від %min% до %max% символів.,uk_UA
service_point.validation.service_point_name_wrong_length,Назва точки обслуговування повинна мати довжину від %min% до %max% символів.,uk_UA
service_point.validation.store_does_not_exist,Магазину з назвою '%name%' не існує.,uk_UA
service_point.validation.service_point_entity_not_found,Сутність точки обслуговування не знайдено.,uk_UA
service_point.validation.wrong_request_body,Неправильний вміст запиту.,uk_UA
service_point.validation.country_entity_not_found,Країни з кодом iso2 '%iso2Code%' не існує.,uk_UA
service_point.validation.region_entity_not_found,Регіон з uuid '%uuid%' не існує для країни з кодом iso2 '%countryIso2Code%'.,uk_UA
service_point.validation.service_point_address_address1_wrong_length,Поле address1 адреси точки обслуговування повинно мати довжину від %min% до %max% символів.,uk_UA
service_point.validation.service_point_address_address2_wrong_length,Поле address2 адреси точки обслуговування повинно мати довжину від %min% до %max% символів.,uk_UA
service_point.validation.service_point_address_address3_wrong_length,Поле address3 адреси точки обслуговування повинно мати довжину від %min% до %max% символів.,uk_UA
service_point.validation.service_point_address_city_wrong_length,Місто в адресі точки обслуговування повинно мати довжину від %min% до %max% символів.,uk_UA
service_point.validation.service_point_address_entity_not_found,Сутність адреси точки обслуговування не знайдено.,uk_UA
service_point.validation.service_point_address_zip_code_wrong_length,Поштовий індекс в адресі точки обслуговування повинен мати довжину від %min% до %max% символів.,uk_UA
service_point.validation.service_point_address_already_exists,Адреса для цієї точки обслуговування вже існує.,uk_UA
service_point.validation.service_point_uuid_is_not_unique,Точка обслуговування з таким uuid уже існує в запиті.,uk_UA
service_point.validation.service_type_key_exists,Тип послуги з таким ключем уже існує.,uk_UA
service_point.validation.service_type_key_wrong_length,Ключ типу послуги повинен мати довжину від %min% до %max% символів.,uk_UA
service_point.validation.service_type_key_is_not_unique,Тип послуги з таким ключем уже існує в запиті.,uk_UA
service_point.validation.service_type_name_exists,Тип послуги з такою назвою вже існує.,uk_UA
service_point.validation.service_type_name_wrong_length,Назва типу послуги повинна мати довжину від %min% до %max% символів.,uk_UA
service_point.validation.service_type_name_is_not_unique,Тип послуги з такою назвою вже існує в запиті.,uk_UA
service_point.validation.service_type_entity_not_found,Сутність типу послуги не знайдено.,uk_UA
service_point.validation.service_poinst_service_key_exists,Послуга з таким ключем уже існує.,uk_UA
service_point.validation.service_key_wrong_length,Ключ послуги повинен мати довжину від %min% до %max% символів.,uk_UA
service_point.validation.service_key_is_not_unique,Послуга з таким ключем уже існує в запиті.,uk_UA
service_point.validation.service_type_relation_already_exists,Послуга з визначеним зв'язком точки обслуговування та типу послуги вже існує.,uk_UA
service_point.validation.service_type_relation_is_not_unique,Послуга з визначеним зв'язком точки обслуговування та типу послуги вже існує в запиті.,uk_UA
service_point.validation.service_entity_not_found,Сутність послуги не знайдено.,uk_UA
service_point.validation.service_key_immutability,Ключ послуги незмінний.,uk_UA
service_point.validation.service_type_key_immutability,Ключ типу послуги незмінний.,uk_UA
service_point.validation.service_key_exists,Послуга з таким ключем уже існує.,uk_UA
service_points_rest_api.error.endpoint_not_found,Кінцеву точку не знайдено.,uk_UA
service_points_rest_api.error.service_point_identifier_is_not_specified,Не вказано ідентифікатор точки обслуговування.,uk_UA
service_point_widget.search,"Шукайте магазин, поштовий індекс або місто...",uk_UA
service_point_widget.select_store_action,Виберіть магазин,uk_UA
service_point_widget.no_results,Нічого не знайдено...,uk_UA
service_point_cart.checkout.validation.error,"Вибрана точка обслуговування ""%uuid%"" недоступна для магазину ""%store_name%""",uk_UA
service_point_widget.validation.error.service_point_not_selected,Виберіть точку обслуговування.,uk_UA
service_point_widget.validation.error.billing_address_not_provided,Додайте платіжну адресу вручну.,uk_UA
service_point_widget.select_location_action,Виберіть сервісний центр,uk_UA
service_point_widget.change_action,Змінити,uk_UA
service_point_widget.select_your_store_title,Виберіть свій магазин,uk_UA
service_point_widget.search,"Шукайте магазин, поштовий індекс або місто...",uk_UA
service_point_widget.select_store_action,Виберіть магазин,uk_UA
service_point_widget.no_results,Нічого не знайдено...,uk_UA
shipment_type.name.shipment_type_delivery,Доставка,uk_UA
shipment_type.name.shipment_type_pickup,Самовивіз,uk_UA
shipment_type.validation.shipment_type_entity_not_found,Сутність типу доставки не знайдено.,uk_UA
shipment_type.validation.shipment_type_key_exists,Тип доставки з таким ключем уже існує.,uk_UA
shipment_type.validation.shipment_type_key_is_not_unique,Щонайменше два типи доставки в цьому запиті мають однаковий ключ.,uk_UA
shipment_type.validation.shipment_type_key_invalid_length,Ключ типу доставки повинен мати довжину від %min% до %max% символів.,uk_UA
shipment_type.validation.shipment_type_name_invalid_length,Назва типу доставки повинна мати довжину від %min% до %max% символів.,uk_UA
shipment_type.validation.store_does_not_exist,Магазину з назвою ‘%name%’ не існує.,uk_UA
shipment_types_rest_api.error.shipment_type_not_available,"Вибраний тип доставки ""%name%"" недоступний.",uk_UA
merchant_product_offer.view_seller,Переглянути продавця,uk_UA
merchant_product_offer.sold_by,Продавець,uk_UA
product-offer.info.product-offer-inactive.removed,Неактивну позицію %sku% було видалено з вашого кошика.,uk_UA
product-offer.info.reference.invalid,Не знайдено номер пропозиції товару для товару з SKU '%sku%'.,uk_UA
product-offer.message.not-active-or-approved,Пропозиція товару не активна для товару з SKU '%sku%'.,uk_UA
merchant_product_offer_widget.merchant_name,Продавець,uk_UA
self_service_portal.asset.selector.label,Призначити цю позицію активу,uk_UA
self_service_portal.asset.selector.button,Виберіть актив,uk_UA
self_service_portal.asset.modal.header,Призначити актив,uk_UA
self_service_portal.asset.item.button,Призначити,uk_UA
self_service_portal.asset.item.serial,Серійний номер,uk_UA
self_service_portal.asset.selector.search_placeholder,"Пошук за назвою, номером або серійним номером",uk_UA
self_service_portal.asset.selector.no_assets_available,Немає доступних активів,uk_UA
self_service_portal.asset.selector.change,Змінити,uk_UA
self_service_portal.asset.compatibility.compatible,Сумісний,uk_UA
self_service_portal.asset.compatibility.not_compatible,Несумісний,uk_UA
cart.shipping,Доставка,uk_UA
self_service_portal.asset.assigned_asset,Призначений актив,uk_UA
self_service_portal.asset.name,Назва активу,uk_UA
self_service_portal.asset.serial_number,Серійний номер активу,uk_UA
self_service_portal.asset.compatibility,Сумісність активу,uk_UA
self_service_portal.service.cancellation.error.no_items,Не вказано позицій замовлення.,uk_UA
self_service_portal.service.cancel_service,Скасувати послугу,uk_UA
self_service_portal.service.cancellation.success,Послугу успішно скасовано.,uk_UA
self_service_portal.service.cancellation.error,Не вдалося скасувати послугу.,uk_UA
self_service_portal.service.validation.no_order_items_provided,Не вказано позицій замовлення.,uk_UA
self_service_portal.service.validation.status_change_failed,Не вдалося змінити статус.,uk_UA
permission.name.DownloadCompanyFilesPermissionPlugin,Завантажити файл(и) ,uk_UA
permission.name.ViewCompanyFilesPermissionPlugin,Переглянути файли компанії,uk_UA
permission.name.ViewCompanyUserFilesPermissionPlugin,Переглянути файли,uk_UA
permission.name.ViewCompanyBusinessUnitFilesPermissionPlugin,Переглянути файли бізнес-підрозділу,uk_UA
permission.name.CreateSspInquiryPermissionPlugin,Створити запит,uk_UA
permission.name.ViewCompanySspInquiryPermissionPlugin,Переглянути запити компанії,uk_UA
permission.name.ViewBusinessUnitSspInquiryPermissionPlugin,Переглянути запити бізнес-підрозділу,uk_UA
permission.name.ViewDashboardPermissionPlugin,Переглянути панель,uk_UA
self_service_portal.inquiry.success.created,Запит успішно надіслано,uk_UA
self_service_portal.inquiry.type.label,Тип,uk_UA
self_service_portal.inquiry.access.denied,Доступ заборонено.,uk_UA
self_service_portal.inquiry.success.canceled,Запит було скасовано.,uk_UA
self_service_portal.inquiry.cancel,Скасувати запит,uk_UA
self_service_portal.inquiry.create.select_type,Виберіть тип,uk_UA
self_service_portal.inquiry.status.pending,В очікуванні,uk_UA
self_service_portal.inquiry.status.in_review,На розгляді,uk_UA
self_service_portal.inquiry.status.approved,Затверджено,uk_UA
self_service_portal.inquiry.status.rejected,Відхилено,uk_UA
self_service_portal.inquiry.status.canceled,Скасовано,uk_UA
self_service_portal.inquiry.subject.label,Тема,uk_UA
self_service_portal.inquiry.mail.trans.ssp_inquiry_list_page,Переглянути запити,uk_UA
self_service_portal.inquiry.mail.trans.ssp_inquiry_approved.salutation,"Вітаємо, %name%",uk_UA
self_service_portal.inquiry.mail.trans.ssp_inquiry_approved.subject,Статус вашого запиту %reference% було змінено.,uk_UA
self_service_portal.inquiry.mail.trans.ssp_inquiry_approved.main_text,Ваш запит %reference% було затверджено.,uk_UA
self_service_portal.inquiry.mail.trans.ssp_inquiry_rejected.salutation,"Вітаємо, %name%",uk_UA
self_service_portal.inquiry.mail.trans.ssp_inquiry_rejected.subject,Статус вашого запиту %reference% було змінено.,uk_UA
self_service_portal.inquiry.mail.trans.ssp_inquiry_rejected.main_text,Ваш запит %reference% було відхилено.,uk_UA
self_service_portal.inquiry.description.label,Опис,uk_UA
self_service_portal.inquiry.files.label,Завантаження файлу,uk_UA
self_service_portal.inquiry.type.general,Загальне,uk_UA
self_service_portal.inquiry.type.order,Претензія щодо замовлення,uk_UA
customer.account.ssp_inquiries,Запити,uk_UA
customer.ssp_inquiries.access_level.placeholder,Виберіть рівень доступу,uk_UA
customer.ssp_inquiries.search.placeholder,Пошук за номером або описом,uk_UA
customer.ssp_inquiries.access_level.company_inquiries,Запити компанії,uk_UA
customer.ssp_inquiries.search.label,Пошук,uk_UA
customer.ssp_inquiries.search.placeholder,Пошук за номером або темою,uk_UA
customer.ssp_inquiries.access_level.label,Рівень доступу,uk_UA
customer.ssp_inquiries.access_level.my_inquiries,Мої запити,uk_UA
customer.self_service_portal.inquiry.create_ssp_inquiry,Створити запит,uk_UA
self_service_portal.inquiry.validation.type.invalid,Неправильний тип запиту.,uk_UA
self_service_portal.inquiry.list.widget.title,Запити,uk_UA
customer.self_service_portal.inquiry.list,Запити,uk_UA
self_service_portal.inquiry.file.file_not_found,Файл не знайдено,uk_UA
self_service_portal.inquiry.file.mime_type.error,Неправильний формат файлу.,uk_UA
self_service_portal.inquiry.validation.company_user.not_set,Відсутній користувач компанії.,uk_UA
self_service_portal.inquiry.validation.type.not_set,Відсутній тип запиту.,uk_UA
self_service_portal.inquiry.validation.subject.not_set,Відсутня тема запиту.,uk_UA
self_service_portal.inquiry.validation.description.not_set,Відсутній опис запиту.,uk_UA
self_service_portal.inquiry.error.file.format.invalid,Очікується масив файлів.,uk_UA
self_service_portal.inquiry.error.file.count.invalid,Неправильна кількість файлів. Максимальна кількість файлів: {{ limit }},uk_UA
self_service_portal.inquiry.error.file.size.invalid,"Неправильний загальний розмір файлів. Максимально допустимий розмір усіх файлів — %maxSize%, а завантажено %size%.",uk_UA
self_service_portal.inquiry.error.status_change,Не вдалося змінити статус.,uk_UA
self_service_portal.inquiry.submit.button,Надіслати запит,uk_UA
customer.self_service_portal.inquiry.create.button,Створити запит,uk_UA
customer.self_service_portal.inquiry.all_ssp_inquiries,Запити,uk_UA
customer.self_service_portal.inquiry.list.reference,Номер,uk_UA
customer.self_service_portal.inquiry.list.type,Тип,uk_UA
customer.self_service_portal.inquiry.list.subject,Тема,uk_UA
customer.self_service_portal.inquiry.list.owner,Власник,uk_UA
customer.self_service_portal.inquiry.list.date_created,Дата,uk_UA
customer.self_service_portal.inquiry.list.status,Статус,uk_UA
self_service_portal.inquiry.list.filter.type.placeholder,Виберіть тип,uk_UA
self_service_portal.inquiry.list.filter.type.label,Тип,uk_UA
self_service_portal.inquiry.list.filter.status.placeholder,Виберіть статус,uk_UA
self_service_portal.inquiry.list.filter.status.label,Статус,uk_UA
customer.account.no_ssp_inquiries,У вас ще немає запитів.,uk_UA
customer.self_service_portal.inquiry.view_ssp_inquiry,Переглянути,uk_UA
self_service_portal.service.validation.no_order_items_provided,Не вказано позицій замовлення.,uk_UA
self_service_portal.service.validation.order_not_found,Замовлення з ID %id% не знайдено.,uk_UA
self_service_portal.service.validation.no_payment_methods_found,Для цього замовлення не знайдено способів оплати.,uk_UA
self_service_portal.service.list.search_placeholder,Пошук,uk_UA
self_service_portal.service.list.search_button,Пошук,uk_UA
self_service_portal.service.list.title,Послуги,uk_UA
self_service_portal.service.list.order_reference,Номер замовлення,uk_UA
self_service_portal.service.list.product_name,Назва послуги,uk_UA
self_service_portal.service.list.service_sku,SKU,uk_UA
self_service_portal.service.list.scheduled_at,Час і дата,uk_UA
self_service_portal.service.list.created_at,Дата створення,uk_UA
self_service_portal.service.list.empty,У вас ще немає послуг.,uk_UA
self_service_portal.service.list.widget.title,Послуги,uk_UA
self_service_portal.service.list.state,Область,uk_UA
self_service_portal.service.list.reset_button,Скинути,uk_UA
self_service_portal.service.list.my_services,Мої послуги,uk_UA
self_service_portal.service.list.business_unit_services,Послуги бізнес-підрозділу,uk_UA
self_service_portal.service.list.company_services,Послуги компанії,uk_UA
self_service_portal.service.update_scheduled_time,Змінити запланований час,uk_UA
self_service_portal.service.update_scheduled_time.service.sku,SKU,uk_UA
self_service_portal.service.update_scheduled_time.service.name,Назва,uk_UA
self_service_portal.service.update_scheduled_time.service.quantity,Кількість,uk_UA
self_service_portal.service.update_scheduled_time.service.state,Область,uk_UA
self_service_portal.service.update_scheduled_time.title,Оновити запланований час послуги,uk_UA
self_service_portal.service.update_scheduled_time.success,Позицію замовлення успішно перенесено.,uk_UA
self_service_portal.service.update_scheduled_time.order_item_details,Деталі позиції замовлення,uk_UA
self_service_portal.service.update_scheduled_time.button.save,Зберегти,uk_UA
self_service_portal.service.update_scheduled_time.button.cancel,Скасувати,uk_UA
self_service_portal.service.update_scheduled_time.error.order_item_not_found,Позицію замовлення з uuid %uuid% не знайдено.,uk_UA
self_service_portal.service.list.field.business_unit,Рівень доступу,uk_UA
self_service_portal.service.list.button.view,Переглянути,uk_UA
self_service_portal.company_file.table.header.file_reference,Номер,uk_UA
self_service_portal.company_file.table.header.file_name,Назва файлу,uk_UA
self_service_portal.company_file.table.header.file_type,Формат файлу,uk_UA
self_service_portal.company_file.table.header.file_created_at,Дата додавання,uk_UA
self_service_portal.company_file.table.header.file_size,Розмір,uk_UA
self_service_portal.company_file.table.header.actions,Дії,uk_UA
self_service_portal.company_file.table.actions.download,Завантажити,uk_UA
self_service_portal.company_file,Файли,uk_UA
self_service_portal.company_file.view.empty,У вас ще немає файлів.,uk_UA
self_service_portal.company_file.file_search_filter_form.field.type.placeholder,Виберіть тип,uk_UA
self_service_portal.company_file.file_search_filter_form.field.type.label,Тип,uk_UA
self_service_portal.company_file.file_search_filter_form.field.date_from.label,Дата з,uk_UA
self_service_portal.company_file.file_search_filter_form.field.date_to.label,Дата по,uk_UA
self_service_portal.company_file.file_search_filter_form.field.access_level.placeholder,Виберіть рівень доступу,uk_UA
self_service_portal.company_file.file_search_filter_form.field.access_level.label,Рівень доступу,uk_UA
self_service_portal.company_file.file_search_filter_form.field.search.label,Пошук,uk_UA
self_service_portal.company_file.file_search_filter_form.field.reset_all.label,Скинути все,uk_UA
self_service_portal.company_file.file_search_filter_form.label.active_filters,Активні фільтри:,uk_UA
self_service_portal.company_file.file_search_filter_form.field.type.company,Файли компанії,uk_UA
self_service_portal.company_file.file_search_filter_form.field.type.company_user,Файли,uk_UA
self_service_portal.company_file.file_search_filter_form.field.type.company_business_unit,Файли бізнес-підрозділу,uk_UA
customer.ssp_inquiries.date_from,Дата з,uk_UA
customer.ssp_inquiries.date_to,Дата по,uk_UA
customer.account.ssp_inquiry.details,Запит,uk_UA
customer.ssp_inquiry.details.reference,Номер,uk_UA
customer.ssp_inquiry.details.date,Дата,uk_UA
customer.ssp_inquiry.details.status,Статус,uk_UA
customer.ssp_inquiry.details,Деталі запиту,uk_UA
customer.ssp_inquiry.details.type,Тип,uk_UA
customer.ssp_inquiry.details.subject,Тема,uk_UA
customer.ssp_inquiry.details.description,Опис,uk_UA
customer.ssp_inquiry.owner,Власник,uk_UA
customer.ssp_inquiry.details.first_name,Ім'я,uk_UA
customer.ssp_inquiry.details.last_name,Прізвище,uk_UA
customer.ssp_inquiry.details.email,E-mail,uk_UA
customer.ssp_inquiry.details.company,Компанія / Бізнес-підрозділ,uk_UA
customer.ssp_inquiry.details.file.name,Назва файлу,uk_UA
customer.ssp_inquiry.details.file.size,Розмір,uk_UA
customer.ssp_inquiry.details.file.extension,Тип,uk_UA
customer.ssp_inquiry.details.file.download,Завантажити,uk_UA
ssp_inquiry.file.unavailable,Файл недоступний,uk_UA
customer.ssp_inquiry.details.files,Файли,uk_UA
ssp_inquiry.order.create_ssp_inquiry,Запит,uk_UA
ssp_inquiry.order_reference.label,Номер замовлення,uk_UA
customer.ssp_inquiry.details.order_reference,Номер замовлення,uk_UA
ssp_inquiry.error.company_user_not_found,Користувача компанії не знайдено.,uk_UA
ssp_inquiry.type.general-question,Загальне питання,uk_UA
ssp_inquiry.type.general-ssp_inquiry,Загальний запит,uk_UA
ssp_dashboard.index.widget.title,Панель,uk_UA
ssp_dashboard.general.view_all,Переглянути все,uk_UA
ssp_dashboard.general.welcome,"Вітаємо, %name%",uk_UA
ssp_dashboard.overview.title,Мій огляд,uk_UA
ssp_dashboard.general.ssp_assets,Активи,uk_UA
ssp_dashboard.general.inquiries,Запити в очікуванні,uk_UA
ssp_dashboard.general.services,Заплановані послуги,uk_UA
ssp_dashboard.representatives.title,Представники сервісу,uk_UA
ssp_dashboard.general.no_data,Даних ще немає,uk_UA
ssp_dashboard.general.news,Новини та події,uk_UA
dashboard.access.denied,Доступ заборонено.,uk_UA
customer.account.files,Файли,uk_UA
customer.account.no_files,Немає файлів,uk_UA
customer.account.no_ssp_booked_services,У вас ще немає заброньованих послуг.,uk_UA
dashboard.overview.not_applicable,н/д,uk_UA
product.filter.product-abstract-types,Типи абстрактних товарів,uk_UA
self_service_portal.asset.access.denied,Доступ заборонено.,uk_UA
self_service_portal.asset.access.status.restricted,Обмежений доступ.,uk_UA
self_service_portal.service.checkout.item_count,Кількість позицій,uk_UA
ssp-service-management.info.service-without-shipment-type.removed,Позицію послуги %sku% без типу відправлення було видалено,uk_UA
product.filter.product-class-names,Клас товару,uk_UA
customer.account.ssp_services,Послуги,uk_UA
customer.account.no_ssp_services,Наразі немає жодних послуг,uk_UA
customer.ssp_service.order.reference,Номер замовлення,uk_UA
customer.ssp_service.customer,Клієнт,uk_UA
customer.ssp_service.company,Компанія,uk_UA
customer.ssp_service.service,Послуга,uk_UA
customer.ssp_service.created_at,Дата створення,uk_UA
customer.ssp_service.status,Статус,uk_UA
customer.ssp_service.scheduled_at,Час і дата,uk_UA
customer.ssp_service.actions,Дії,uk_UA
customer.ssp_service.view_ssp_service,Переглянути,uk_UA
ssp_inquiry.mail.trans.ssp_inquiry_approved.main_text,Ваш запит %reference% було затверджено.,uk_UA
ssp_inquiry.mail.trans.ssp_inquiry_list_page,Переглянути запити,uk_UA
ssp_asset.validation.cannot_delete_own_assignment,Ви не можете видалити власне призначення.,uk_UA
permission.name.DownloadCompanyFilesPermissionPlugin,Завантажити файл(и) ,uk_UA
permission.name.ViewCompanyFilesPermissionPlugin,Переглянути файли компанії,uk_UA
permission.name.ViewCompanyUserFilesPermissionPlugin,Переглянути мої файли,uk_UA
permission.name.ViewCompanyBusinessUnitFilesPermissionPlugin,Переглянути файли бізнес-підрозділу,uk_UA
permission.name.CreateSspInquiryPermissionPlugin,Створити запит,uk_UA
permission.name.ViewCompanySspInquiryPermissionPlugin,Переглянути запити компанії,uk_UA
permission.name.ViewBusinessUnitSspInquiryPermissionPlugin,Переглянути запити бізнес-підрозділу,uk_UA
permission.name.ViewDashboardPermissionPlugin,Переглянути панель,uk_UA
permission.name.ViewCompanySspAssetPermissionPlugin,Переглянути активи компанії,uk_UA
permission.name.ViewBusinessUnitSspAssetPermissionPlugin,Переглянути активи бізнес-підрозділу,uk_UA
permission.name.CreateSspAssetPermissionPlugin,Створити активи,uk_UA
permission.name.UpdateSspAssetPermissionPlugin,Оновити активи,uk_UA
permission.name.UnassignSspAssetPermissionPlugin,Скасувати призначення SSP-активів бізнес-підрозділу,uk_UA
ssp_dashboard.overview.not_applicable,н/д,uk_UA
self_service_portal.asset.form.image.description,Максимум до %size%. Допустимі формати файлів %format%,uk_UA
self_service_portal.asset.form.name.validation.min,Назва повинна містити щонайменше 3 символи.,uk_UA
self_service_portal.asset.validation.name.not_set,Потрібно вказати назву активу,uk_UA
self_service_portal.asset.validation.business_unit.not_set,Потрібно вказати бізнес-підрозділ,uk_UA
self_service_portal.asset.validation.company_business_unit.not_set,Потрібно вказати бізнес-підрозділ компанії,uk_UA
self_service_portal.asset.validation.assets_not_provided,Не вказано активів,uk_UA
self_service_portal.asset.validation.id_not_provided,Не вказано ідентифікатор активу,uk_UA
self_service_portal.asset.validation.not_found,Актив не знайдено,uk_UA
self_service_portal.asset.list.widget.title,Активи,uk_UA
self_service_portal.asset.create.title,Створити актив,uk_UA
self_service_portal.asset.list.title,Активи,uk_UA
self_service_portal.asset.submit.button,Зберегти,uk_UA
self_service_portal.asset.success.created,Актив успішно створено,uk_UA
self_service_portal.asset.error.create,Не вдалося створити актив,uk_UA
self_service_portal.asset.form.name,Назва,uk_UA
self_service_portal.asset.form.serial_number,Серійний номер,uk_UA
self_service_portal.asset.form.note,Примітка,uk_UA
self_service_portal.asset.form.image,Зображення,uk_UA
self_service_portal.asset.form.image.mime_type_error,Неправильний формат файлу. Допустимі формати файлів: {{ types }},uk_UA
self_service_portal.asset.form.external_image_url,Зовнішня URL-адреса зображення,uk_UA
self_service_portal.asset.form.external_image_url.note,"Примітка: якщо зображення не завантажено локально, актив використає зображення за вказаною URL-адресою.",uk_UA
self_service_portal.asset.update.title,Редагувати актив,uk_UA
self_service_portal.asset.details.reference,Номер активу,uk_UA
self_service_portal.asset.cancel.button,Скасувати,uk_UA
self_service_portal.asset.details.created_date,Дата додавання,uk_UA
self_service_portal.asset.details.owner,Власник бізнес-підрозділу,uk_UA
self_service_portal.asset.details.confirm_delete_title,Підтвердити видалення,uk_UA
self_service_portal.asset.details.confirm_delete_body,"Ви впевнені, що хочете видалити зображення?",uk_UA
self_service_portal.asset.success.updated,Актив успішно оновлено,uk_UA
self_service_portal.asset.image.requirements,Вимоги до завантажуваного зображення,uk_UA
self_service_portal.asset.image.upload,Завантажити зображення,uk_UA
self_service_portal.asset.details_page.search_service,Пошук послуг,uk_UA
self_service_portal.asset.details_page.name,Назва,uk_UA
self_service_portal.asset.details_page.serial_number,Серійний номер,uk_UA
self_service_portal.asset.details_page.note,Примітка,uk_UA
self_service_portal.asset.details_page.reference,Номер,uk_UA
self_service_portal.asset.details_page.confirm_unassign_title,Підтвердити видалення,uk_UA
self_service_portal.asset.details_page.confirm_unassign_body,Скасувати призначення цього активу бізнес-підрозділу. Продовжити?,uk_UA
self_service_portal.asset.details_page.confirm_unassign_in_review,Актив на розгляді. Ви можете видалити його після затвердження.,uk_UA
self_service_portal.asset.details_page.unassign,Скасувати призначення,uk_UA
self_service_portal.inquiry.type.ssp_asset,Актив,uk_UA
customer.self_service_portal.inquiry.details.ssp_asset_reference,Номер активу,uk_UA
customer.self_service_portal.inquiry.ssp_asset.details,Деталі активу,uk_UA
customer.self_service_portal.inquiry.details.ssp_asset_not_available,Актив недоступний,uk_UA
self_service_portal.asset.error.reference_not_found,Номер активу не знайдено,uk_UA
self_service_portal.asset.error.company_user_not_found,Користувача компанії не знайдено,uk_UA
customer.self_service_portal.inquiry.create.button,Створити запит,uk_UA
self_service_portal.inquiry.ssp_asset_reference.label,Номер активу,uk_UA
customer.self_service_portal.inquiry.details.ssp_asset_name,Назва активу,uk_UA
customer.account.ssp_assets,Мої активи,uk_UA
customer.account.ssp_asset,Актив,uk_UA
customer.ssp_asset.list.reference,Номер,uk_UA
customer.ssp_asset.list.name,Назва активу,uk_UA
customer.ssp_asset.list.serial_number,Серійний номер,uk_UA
customer.ssp_asset.list.date_added,Дата додавання,uk_UA
customer.ssp_asset.view_ssp_asset,Переглянути,uk_UA
customer.ssp_asset.create.button,Створити актив,uk_UA
customer.account.no_ssp_assets,У вас ще немає активів.,uk_UA
company.error.company_user_not_found,Користувача компанії не знайдено,uk_UA
customer.ssp_asset.list.business_unit,Бізнес-підрозділ,uk_UA
customer.ssp_asset.list.image,Зображення,uk_UA
self_service_portal.asset.details_page.created_date,Дата додавання,uk_UA
self_service_portal.asset.details_page.owner,Власник бізнес-підрозділу,uk_UA
self_service_portal.asset.details_page.undefined,Не визначено,uk_UA
self_service_portal.asset.success.business_unit_relation_updated,Призначення бізнес-підрозділу активу успішно скасовано,uk_UA
self_service_portal.asset.details_page.status,Статус,uk_UA
self_service_portal.asset.details.status,Статус,uk_UA
self_service_portal.asset.status.pending,В очікуванні,uk_UA
self_service_portal.asset.status.approved,Затверджено,uk_UA
self_service_portal.asset.status.in_review,На розгляді,uk_UA
self_service_portal.asset.status.declined,Відхилено,uk_UA
customer.ssp_asset.list.business_unit,Власник бізнес-підрозділу,uk_UA
self_service_portal.asset.information.assigned_bu,Призначені бізнес-підрозділи,uk_UA
customer.ssp_asset.filter.scope,Рівень доступу,uk_UA
customer.ssp_asset.filter.scope.placeholder,Виберіть рівень доступу,uk_UA
customer.ssp_asset.filter_by_business_unit,Активи мого бізнес-підрозділу,uk_UA
customer.ssp_asset.filter_by_company,Активи компанії,uk_UA
self_service_portal.asset.error.cannot_unassign_own_business_unit,Ви не можете скасувати призначення власного бізнес-підрозділу активу,uk_UA
self_service_portal.search_filter_form.label.active_filters,Активні фільтри:,uk_UA
self_service_portal.search_filter_form.field.reset_all.label,Скинути все,uk_UA
general.fileUpload.upload,Завантажити,uk_UA
self_service_portal.service.product.no_shipment_types_available,Для цього товару немає доступних типів доставки.,uk_UA
self_service_portal.service.product.shipment_types,Типи відправлення,uk_UA
self_service_portal.service.product.select_service_point,Виберіть точку обслуговування,uk_UA
self_service_portal.service.product.service_point_required,Для цього товару потрібна точка обслуговування,uk_UA
self_service_portal.service.cart_item.service_point.name,Точка обслуговування,uk_UA
self_service_portal.service.product.service_date_time,Виберіть бажану дату й часовий інтервал,uk_UA
self_service_portal.service.product.label.service_date_time,Дата й час послуги,uk_UA
product.filter.product-abstract-types,Типи абстрактних товарів,uk_UA
self_service_portal.asset.access.denied,Доступ заборонено.,uk_UA
self_service_portal.asset.access.status.restricted,Обмежений доступ.,uk_UA
self_service_portal.service.checkout.item_count,Кількість позицій,uk_UA
ssp-service-management.info.service-without-shipment-type.removed,Позицію послуги %sku% без типу відправлення було видалено,uk_UA
self_service_portal.service.cart_item.scheduled_at,Дата й час послуги,uk_UA
self_service_portal.customer_navigation.title,Самообслуговування,uk_UA
customer.customer_navigation.title,Акаунт і покупки,uk_UA
forms.apply-btn,Застосувати,uk_UA
customer.account.button.filters,Фільтри,uk_UA
general.fileUpload.description,Максимум %amount% файлів (%format%) до %size%,uk_UA
customer.account.self_service_portal.inquiry.details,Запит,uk_UA
customer.self_service_portal.inquiry.details.reference,Номер,uk_UA
self_service_portal.company_file.file_search_filter_form.field.type.company,Файли компанії,uk_UA
self_service_portal.company_file.file_search_filter_form.field.type.company_user,Файли,uk_UA
self_service_portal.company_file.file_search_filter_form.field.type.company_business_unit,Файли бізнес-підрозділу,uk_UA
customer.self_service_portal.inquiry.details.date,Дата,uk_UA
customer.self_service_portal.inquiry.details.status,Статус,uk_UA
customer.self_service_portal.inquiry.details,Деталі запиту,uk_UA
customer.self_service_portal.inquiry.details.type,Тип,uk_UA
customer.self_service_portal.inquiry.details.subject,Тема,uk_UA
customer.self_service_portal.inquiry.details.description,Опис,uk_UA
customer.self_service_portal.inquiry.owner,Власник,uk_UA
customer.self_service_portal.inquiry.details.first_name,Ім'я,uk_UA
customer.self_service_portal.inquiry.details.last_name,Прізвище,uk_UA
customer.self_service_portal.inquiry.details.email,E-mail,uk_UA
customer.self_service_portal.inquiry.details.company,Компанія / Бізнес-підрозділ,uk_UA
customer.self_service_portal.inquiry.details.file.name,Назва файлу,uk_UA
customer.self_service_portal.inquiry.details.file.size,Розмір,uk_UA
customer.self_service_portal.inquiry.details.file.extension,Тип,uk_UA
customer.self_service_portal.inquiry.details.file.download,Завантажити,uk_UA
customer.self_service_portal.inquiry.details.files,Файли,uk_UA
customer.self_service_portal.inquiry.details.order_reference,Номер замовлення,uk_UA
self_service_portal.inquiry.error.company_user_not_found,Користувача компанії не знайдено.,uk_UA
self_service_portal.inquiry.type.general-question,Загальне питання,uk_UA
self_service_portal.inquiry.type.general-ssp_inquiry,Загальний запит,uk_UA
self_service_portal.inquiry.order.create_ssp_inquiry,Запит,uk_UA
self_service_portal.inquiry.order_reference.label,Номер замовлення,uk_UA
self_service_portal.inquiry.file.unavailable,Файл недоступний,uk_UA
customer.ssp_inquiry.create.button,Створити запит,uk_UA
ssp_asset.details_page.search_service,Пошук послуг,uk_UA
general.confirm.button,Підтвердити,uk_UA
product_offer_service_point_availability_widget.all_items_not_available,Недоступно.,uk_UA
product_offer_service_point_availability_widget.all_items_available,Усі позиції в наявності.,uk_UA
shipment_type.name.shipment_type_in-center-service,Послуга в сервісному центрі,uk_UA
ssp_asset_management.ssp_asset_search_filter_form.label.active_filters,Активні фільтри:,uk_UA
self_service_portal.asset.business_unit_unassignment.denied,Ви не можете скасувати призначення бізнес-підрозділу активу.,uk_UA
self_service_portal.asset.business_unit_assignment.denied,Ви не можете призначити бізнес-підрозділ активу.,uk_UA
general.fileUpload.mb,MB,uk_UA
customer.address.single_address_per_shipment_type,Встановити однакову адресу для всіх товарів,uk_UA
service_point_widget.location_label,Розташування:,uk_UA
self_service_portal.company_file.file_search_filter_form.field.business_entity.label,Рівень доступу,uk_UA
self_service_portal.company_file.file_search_filter_form.field.ssp_asset_entity.label,Фільтрувати за активом,uk_UA
self_service_portal.company_file.file_attachment_type.all,Усі доступні файли,uk_UA
self_service_portal.company_file.file_attachment_business_type.none,Не показувати файли сутності компанії,uk_UA
self_service_portal.company_file.file_attachment_ssp_asset_type.none,Не показувати файли сутності активу,uk_UA
self_service_portal.company_file.file_attachment_type.company_user,Мої файли,uk_UA
self_service_portal.company_file.file_attachment_type.company,Файли компанії,uk_UA
self_service_portal.company_file.file_attachment_type.all,Усі доступні файли,uk_UA
self_service_portal.company_file.file_attachment_ssp_asset_type.none,Не показувати файли активу,uk_UA
self_service_portal.company_file.file_attachment_business_type.none,Не показувати файли бізнес-підрозділу,uk_UA
customer.account.ssp_booked_services,Заброньовані послуги,uk_UA
customer.self_service_portal.service.list.product_name,Назва товару,uk_UA
customer.self_service_portal.service.list.order_reference,Номер замовлення,uk_UA
customer.self_service_portal.service.list.scheduled_at,Дата й час,uk_UA
customer.self_service_portal.service.list.status,Статус,uk_UA
ssp_dashboard.general.booked_services,Заброньовані послуги,uk_UA
permission.name.ViewCompanySspServicePermissionPlugin,Переглянути послуги компанії,uk_UA
permission.name.ViewBusinessUnitSspServicePermissionPlugin,Переглянути послуги бізнес-підрозділу,uk_UA
self_service_portal.asset_filter.title,Фільтрувати за активом,uk_UA
self_service_portal.asset_filter.description,Фільтруйте позиції на основі ваших активів,uk_UA
self_service_portal.asset_filter.select_label,Виберіть мої активи,uk_UA
self_service_portal.asset_filter.serial_label,Серійний номер:,uk_UA
self_service_portal.asset_filter.change,Змінити актив,uk_UA
self_service_portal.asset_filter.clear,Очистити,uk_UA
self_service_portal.ssp_asset.details_page.catalog,Купити запасні частини,uk_UA
catalog.ssp.itemsFound,Знайдено %num_found% позицій для %ssp_asset_name%,uk_UA
self_service_portal.asset.selector.button,Виберіть актив,uk_UA
self_service_portal.asset.modal.header,Призначити актив,uk_UA
self_service_portal.asset.item.button,Призначити,uk_UA
self_service_portal.asset.item.serial,Серійний номер,uk_UA
self_service_portal.asset.error.attach_to_cart_item,Актив не можна додати в кошик.,uk_UA
self_service_portal.ssp_asset.success.attached_to_cart,Актив успішно оновлено для позиції %sku%.,uk_UA
global.search.results.no_query,Результати пошуку,uk_UA
self_service_portal.order.service.cancel.title,Скасувати послугу?,uk_UA
self_service_portal.order.service.cancel.description,Ви збираєтеся скасувати %name% (SKU: %sku%),uk_UA
self_service_portal.order.service.cancel.keep,Залишити послугу,uk_UA
self_service_portal.asset.error.not-found,Актив не знайдено,uk_UA
self_service_portal.asset.validation.unknown_error,Під час обробки вашого активу сталася неочікувана помилка,uk_UA
self_service_portal.inquiry.error.not-found,Запит не знайдено,uk_UA
self_service_portal.inquiry.validation.unknown_error,Під час обробки вашого запиту сталася неочікувана помилка,uk_UA
service_point.validation.service_point_key_exists,Точка обслуговування з таким ключем уже існує.,uk_UA
service_point.validation.service_point_key_is_not_unique,Точка обслуговування з таким ключем уже існує в запиті.,uk_UA
service_point.validation.service_point_key_wrong_length,Ключ точки обслуговування повинен мати довжину від %min% до %max% символів.,uk_UA
service_point.validation.service_point_name_wrong_length,Назва точки обслуговування повинна мати довжину від %min% до %max% символів.,uk_UA
service_point.validation.store_does_not_exist,Магазину з назвою '%name%' не існує.,uk_UA
service_point.validation.service_point_entity_not_found,Сутність точки обслуговування не знайдено.,uk_UA
service_point.validation.wrong_request_body,Неправильний вміст запиту.,uk_UA
service_point.validation.country_entity_not_found,Країни з кодом iso2 '%iso2Code%' не існує.,uk_UA
service_point.validation.region_entity_not_found,Регіон з uuid '%uuid%' не існує для країни з кодом iso2 '%countryIso2Code%'.,uk_UA
service_point.validation.service_point_address_address1_wrong_length,Поле address1 адреси точки обслуговування повинно мати довжину від %min% до %max% символів.,uk_UA
service_point.validation.service_point_address_address2_wrong_length,Поле address2 адреси точки обслуговування повинно мати довжину від %min% до %max% символів.,uk_UA
service_point.validation.service_point_address_address3_wrong_length,Поле address3 адреси точки обслуговування повинно мати довжину від %min% до %max% символів.,uk_UA
service_point.validation.service_point_address_city_wrong_length,Місто в адресі точки обслуговування повинно мати довжину від %min% до %max% символів.,uk_UA
service_point.validation.service_point_address_entity_not_found,Сутність адреси точки обслуговування не знайдено.,uk_UA
service_point.validation.service_point_address_zip_code_wrong_length,Поштовий індекс в адресі точки обслуговування повинен мати довжину від %min% до %max% символів.,uk_UA
service_point.validation.service_point_address_already_exists,Адреса для цієї точки обслуговування вже існує.,uk_UA
service_point.validation.service_point_uuid_is_not_unique,Точка обслуговування з таким uuid уже існує в запиті.,uk_UA
service_point.validation.service_type_key_exists,Тип послуги з таким ключем уже існує.,uk_UA
service_point.validation.service_type_key_wrong_length,Ключ типу послуги повинен мати довжину від %min% до %max% символів.,uk_UA
service_point.validation.service_type_key_is_not_unique,Тип послуги з таким ключем уже існує в запиті.,uk_UA
service_point.validation.service_type_name_exists,Тип послуги з такою назвою вже існує.,uk_UA
service_point.validation.service_type_name_wrong_length,Назва типу послуги повинна мати довжину від %min% до %max% символів.,uk_UA
service_point.validation.service_type_name_is_not_unique,Тип послуги з такою назвою вже існує в запиті.,uk_UA
service_point.validation.service_type_entity_not_found,Сутність типу послуги не знайдено.,uk_UA
service_point.validation.service_poinst_service_key_exists,Послуга з таким ключем уже існує.,uk_UA
service_point.validation.service_key_wrong_length,Ключ послуги повинен мати довжину від %min% до %max% символів.,uk_UA
service_point.validation.service_key_is_not_unique,Послуга з таким ключем уже існує в запиті.,uk_UA
service_point.validation.service_type_relation_already_exists,Послуга з визначеним зв'язком точки обслуговування та типу послуги вже існує.,uk_UA
service_point.validation.service_type_relation_is_not_unique,Послуга з визначеним зв'язком точки обслуговування та типу послуги вже існує в запиті.,uk_UA
service_point.validation.service_entity_not_found,Сутність послуги не знайдено.,uk_UA
service_point.validation.service_key_immutability,Ключ послуги незмінний.,uk_UA
service_point.validation.service_type_key_immutability,Ключ типу послуги незмінний.,uk_UA
service_point.validation.service_key_exists,Послуга з таким ключем уже існує.,uk_UA
service_points_rest_api.error.endpoint_not_found,Кінцеву точку не знайдено.,uk_UA
service_points_rest_api.error.service_point_identifier_is_not_specified,Не вказано ідентифікатор точки обслуговування.,uk_UA
service_point_widget.search,"Шукайте магазин, поштовий індекс або місто...",uk_UA
service_point_widget.select_store_action,Виберіть магазин,uk_UA
service_point_widget.no_results,Нічого не знайдено...,uk_UA
service_point_cart.checkout.validation.error,"Вибрана точка обслуговування ""%uuid%"" недоступна для магазину ""%store_name%""",uk_UA
service_point_widget.validation.error.service_point_not_selected,Виберіть точку обслуговування.,uk_UA
service_point_widget.validation.error.billing_address_not_provided,Додайте платіжну адресу вручну.,uk_UA
service_point_widget.select_location_action,Виберіть сервісний центр,uk_UA
service_point_widget.change_action,Змінити,uk_UA
service_point_widget.select_your_store_title,Виберіть свій магазин,uk_UA
service_point_widget.search,"Шукайте магазин, поштовий індекс або місто...",uk_UA
service_point_widget.select_store_action,Виберіть магазин,uk_UA
service_point_widget.no_results,Нічого не знайдено...,uk_UA
shipment_type.name.shipment_type_delivery,Доставка,uk_UA
shipment_type.name.shipment_type_pickup,Самовивіз,uk_UA
shipment_type.validation.shipment_type_entity_not_found,Сутність типу доставки не знайдено.,uk_UA
shipment_type.validation.shipment_type_key_exists,Тип доставки з таким ключем уже існує.,uk_UA
shipment_type.validation.shipment_type_key_is_not_unique,Щонайменше два типи доставки в цьому запиті мають однаковий ключ.,uk_UA
shipment_type.validation.shipment_type_key_invalid_length,Ключ типу доставки повинен мати довжину від %min% до %max% символів.,uk_UA
shipment_type.validation.shipment_type_name_invalid_length,Назва типу доставки повинна мати довжину від %min% до %max% символів.,uk_UA
shipment_type.validation.store_does_not_exist,Магазину з назвою ‘%name%’ не існує.,uk_UA
shipment_types_rest_api.error.shipment_type_not_available,"Вибраний тип доставки ""%name%"" недоступний.",uk_UA
merchant_product_offer.view_seller,Переглянути продавця,uk_UA
merchant_product_offer.sold_by,Продавець,uk_UA
product-offer.info.product-offer-inactive.removed,Неактивну позицію %sku% було видалено з вашого кошика.,uk_UA
product-offer.info.reference.invalid,Не знайдено номер пропозиції товару для товару з SKU '%sku%'.,uk_UA
product-offer.message.not-active-or-approved,Пропозиція товару не активна для товару з SKU '%sku%'.,uk_UA
merchant_product_offer_widget.merchant_name,Продавець,uk_UA
self_service_portal.asset.selector.label,Призначити цю позицію активу,uk_UA
self_service_portal.asset.selector.button,Виберіть актив,uk_UA
self_service_portal.asset.modal.header,Призначити актив,uk_UA
self_service_portal.asset.item.button,Призначити,uk_UA
self_service_portal.asset.item.serial,Серійний номер,uk_UA
self_service_portal.asset.selector.search_placeholder,"Пошук за назвою, номером або серійним номером",uk_UA
self_service_portal.asset.selector.no_assets_available,Немає доступних активів,uk_UA
self_service_portal.asset.selector.change,Змінити,uk_UA
self_service_portal.asset.compatibility.compatible,Сумісний,uk_UA
self_service_portal.asset.compatibility.not_compatible,Несумісний,uk_UA
cart.shipping,Доставка,uk_UA
self_service_portal.asset.assigned_asset,Призначений актив,uk_UA
self_service_portal.asset.name,Назва активу,uk_UA
self_service_portal.asset.serial_number,Серійний номер активу,uk_UA
self_service_portal.asset.compatibility,Сумісність активу,uk_UA
self_service_portal.service.cancellation.error.no_items,Не вказано позицій замовлення.,uk_UA
self_service_portal.service.cancel_service,Скасувати послугу,uk_UA
self_service_portal.service.cancellation.success,Послугу успішно скасовано.,uk_UA
self_service_portal.service.cancellation.error,Не вдалося скасувати послугу.,uk_UA
self_service_portal.service.validation.no_order_items_provided,Не вказано позицій замовлення.,uk_UA
self_service_portal.service.validation.status_change_failed,Не вдалося змінити статус.,uk_UA
permission.name.DownloadCompanyFilesPermissionPlugin,Завантажити файл(и) ,uk_UA
permission.name.ViewCompanyFilesPermissionPlugin,Переглянути файли компанії,uk_UA
permission.name.ViewCompanyUserFilesPermissionPlugin,Переглянути файли,uk_UA
permission.name.ViewCompanyBusinessUnitFilesPermissionPlugin,Переглянути файли бізнес-підрозділу,uk_UA
permission.name.CreateSspInquiryPermissionPlugin,Створити запит,uk_UA
permission.name.ViewCompanySspInquiryPermissionPlugin,Переглянути запити компанії,uk_UA
permission.name.ViewBusinessUnitSspInquiryPermissionPlugin,Переглянути запити бізнес-підрозділу,uk_UA
permission.name.ViewDashboardPermissionPlugin,Переглянути панель,uk_UA
self_service_portal.inquiry.success.created,Запит успішно надіслано,uk_UA
self_service_portal.inquiry.type.label,Тип,uk_UA
self_service_portal.inquiry.access.denied,Доступ заборонено.,uk_UA
self_service_portal.inquiry.success.canceled,Запит було скасовано.,uk_UA
self_service_portal.inquiry.cancel,Скасувати запит,uk_UA
self_service_portal.inquiry.create.select_type,Виберіть тип,uk_UA
self_service_portal.inquiry.status.pending,В очікуванні,uk_UA
self_service_portal.inquiry.status.in_review,На розгляді,uk_UA
self_service_portal.inquiry.status.approved,Затверджено,uk_UA
self_service_portal.inquiry.status.rejected,Відхилено,uk_UA
self_service_portal.inquiry.status.canceled,Скасовано,uk_UA
self_service_portal.inquiry.subject.label,Тема,uk_UA
self_service_portal.inquiry.mail.trans.ssp_inquiry_list_page,Переглянути запити,uk_UA
self_service_portal.inquiry.mail.trans.ssp_inquiry_approved.salutation,"Вітаємо, %name%",uk_UA
self_service_portal.inquiry.mail.trans.ssp_inquiry_approved.subject,Статус вашого запиту %reference% було змінено.,uk_UA
self_service_portal.inquiry.mail.trans.ssp_inquiry_approved.main_text,Ваш запит %reference% було затверджено.,uk_UA
self_service_portal.inquiry.mail.trans.ssp_inquiry_rejected.salutation,"Вітаємо, %name%",uk_UA
self_service_portal.inquiry.mail.trans.ssp_inquiry_rejected.subject,Статус вашого запиту %reference% було змінено.,uk_UA
self_service_portal.inquiry.mail.trans.ssp_inquiry_rejected.main_text,Ваш запит %reference% було відхилено.,uk_UA
self_service_portal.inquiry.description.label,Опис,uk_UA
self_service_portal.inquiry.files.label,Завантаження файлу,uk_UA
self_service_portal.inquiry.type.general,Загальне,uk_UA
self_service_portal.inquiry.type.order,Претензія щодо замовлення,uk_UA
customer.account.ssp_inquiries,Запити,uk_UA
customer.ssp_inquiries.access_level.placeholder,Виберіть рівень доступу,uk_UA
customer.ssp_inquiries.search.placeholder,Пошук за номером або описом,uk_UA
customer.ssp_inquiries.access_level.company_inquiries,Запити компанії,uk_UA
customer.ssp_inquiries.search.label,Пошук,uk_UA
customer.ssp_inquiries.search.placeholder,Пошук за номером або темою,uk_UA
customer.ssp_inquiries.access_level.label,Рівень доступу,uk_UA
customer.ssp_inquiries.access_level.my_inquiries,Мої запити,uk_UA
customer.self_service_portal.inquiry.create_ssp_inquiry,Створити запит,uk_UA
self_service_portal.inquiry.validation.type.invalid,Неправильний тип запиту.,uk_UA
self_service_portal.inquiry.list.widget.title,Запити,uk_UA
customer.self_service_portal.inquiry.list,Запити,uk_UA
self_service_portal.inquiry.file.file_not_found,Файл не знайдено,uk_UA
self_service_portal.inquiry.file.mime_type.error,Неправильний формат файлу.,uk_UA
self_service_portal.inquiry.validation.company_user.not_set,Відсутній користувач компанії.,uk_UA
self_service_portal.inquiry.validation.type.not_set,Відсутній тип запиту.,uk_UA
self_service_portal.inquiry.validation.subject.not_set,Відсутня тема запиту.,uk_UA
self_service_portal.inquiry.validation.description.not_set,Відсутній опис запиту.,uk_UA
self_service_portal.inquiry.error.file.format.invalid,Очікується масив файлів.,uk_UA
self_service_portal.inquiry.error.file.count.invalid,Неправильна кількість файлів. Максимальна кількість файлів: {{ limit }},uk_UA
self_service_portal.inquiry.error.file.size.invalid,"Неправильний загальний розмір файлів. Максимально допустимий розмір усіх файлів — %maxSize%, а завантажено %size%.",uk_UA
self_service_portal.inquiry.error.status_change,Не вдалося змінити статус.,uk_UA
self_service_portal.inquiry.submit.button,Надіслати запит,uk_UA
customer.self_service_portal.inquiry.create.button,Створити запит,uk_UA
customer.self_service_portal.inquiry.all_ssp_inquiries,Запити,uk_UA
customer.self_service_portal.inquiry.list.reference,Номер,uk_UA
customer.self_service_portal.inquiry.list.type,Тип,uk_UA
customer.self_service_portal.inquiry.list.subject,Тема,uk_UA
customer.self_service_portal.inquiry.list.owner,Власник,uk_UA
customer.self_service_portal.inquiry.list.date_created,Дата,uk_UA
customer.self_service_portal.inquiry.list.status,Статус,uk_UA
self_service_portal.inquiry.list.filter.type.placeholder,Виберіть тип,uk_UA
self_service_portal.inquiry.list.filter.type.label,Тип,uk_UA
self_service_portal.inquiry.list.filter.status.placeholder,Виберіть статус,uk_UA
self_service_portal.inquiry.list.filter.status.label,Статус,uk_UA
customer.account.no_ssp_inquiries,У вас ще немає запитів.,uk_UA
customer.self_service_portal.inquiry.view_ssp_inquiry,Переглянути,uk_UA
self_service_portal.service.validation.no_order_items_provided,Не вказано позицій замовлення.,uk_UA
self_service_portal.service.validation.order_not_found,Замовлення з ID %id% не знайдено.,uk_UA
self_service_portal.service.validation.no_payment_methods_found,Для цього замовлення не знайдено способів оплати.,uk_UA
self_service_portal.service.list.search_placeholder,Пошук,uk_UA
self_service_portal.service.list.search_button,Пошук,uk_UA
self_service_portal.service.list.title,Послуги,uk_UA
self_service_portal.service.list.order_reference,Номер замовлення,uk_UA
self_service_portal.service.list.product_name,Назва послуги,uk_UA
self_service_portal.service.list.service_sku,SKU,uk_UA
self_service_portal.service.list.scheduled_at,Час і дата,uk_UA
self_service_portal.service.list.created_at,Дата створення,uk_UA
self_service_portal.service.list.empty,У вас ще немає послуг.,uk_UA
self_service_portal.service.list.widget.title,Послуги,uk_UA
self_service_portal.service.list.state,Область,uk_UA
self_service_portal.service.list.reset_button,Скинути,uk_UA
self_service_portal.service.list.my_services,Мої послуги,uk_UA
self_service_portal.service.list.business_unit_services,Послуги бізнес-підрозділу,uk_UA
self_service_portal.service.list.company_services,Послуги компанії,uk_UA
self_service_portal.service.update_scheduled_time,Змінити запланований час,uk_UA
self_service_portal.service.update_scheduled_time.service.sku,SKU,uk_UA
self_service_portal.service.update_scheduled_time.service.name,Назва,uk_UA
self_service_portal.service.update_scheduled_time.service.quantity,Кількість,uk_UA
self_service_portal.service.update_scheduled_time.service.state,Область,uk_UA
self_service_portal.service.update_scheduled_time.title,Оновити запланований час послуги,uk_UA
self_service_portal.service.update_scheduled_time.success,Позицію замовлення успішно перенесено.,uk_UA
self_service_portal.service.update_scheduled_time.order_item_details,Деталі позиції замовлення,uk_UA
self_service_portal.service.update_scheduled_time.button.save,Зберегти,uk_UA
self_service_portal.service.update_scheduled_time.button.cancel,Скасувати,uk_UA
self_service_portal.service.update_scheduled_time.error.order_item_not_found,Позицію замовлення з uuid %uuid% не знайдено.,uk_UA
self_service_portal.service.list.field.business_unit,Рівень доступу,uk_UA
self_service_portal.service.list.button.view,Переглянути,uk_UA
self_service_portal.company_file.table.header.file_reference,Номер,uk_UA
self_service_portal.company_file.table.header.file_name,Назва файлу,uk_UA
self_service_portal.company_file.table.header.file_type,Формат файлу,uk_UA
self_service_portal.company_file.table.header.file_created_at,Дата додавання,uk_UA
self_service_portal.company_file.table.header.file_size,Розмір,uk_UA
self_service_portal.company_file.table.header.actions,Дії,uk_UA
self_service_portal.company_file.table.actions.download,Завантажити,uk_UA
self_service_portal.company_file,Файли,uk_UA
self_service_portal.company_file.view.empty,У вас ще немає файлів.,uk_UA
self_service_portal.company_file.file_search_filter_form.field.type.placeholder,Виберіть тип,uk_UA
self_service_portal.company_file.file_search_filter_form.field.type.label,Тип,uk_UA
self_service_portal.company_file.file_search_filter_form.field.date_from.label,Дата з,uk_UA
self_service_portal.company_file.file_search_filter_form.field.date_to.label,Дата по,uk_UA
self_service_portal.company_file.file_search_filter_form.field.access_level.placeholder,Виберіть рівень доступу,uk_UA
self_service_portal.company_file.file_search_filter_form.field.access_level.label,Рівень доступу,uk_UA
self_service_portal.company_file.file_search_filter_form.field.search.label,Пошук,uk_UA
self_service_portal.company_file.file_search_filter_form.field.reset_all.label,Скинути все,uk_UA
self_service_portal.company_file.file_search_filter_form.label.active_filters,Активні фільтри:,uk_UA
self_service_portal.company_file.file_search_filter_form.field.type.company,Файли компанії,uk_UA
self_service_portal.company_file.file_search_filter_form.field.type.company_user,Файли,uk_UA
self_service_portal.company_file.file_search_filter_form.field.type.company_business_unit,Файли бізнес-підрозділу,uk_UA
customer.ssp_inquiries.date_from,Дата з,uk_UA
customer.ssp_inquiries.date_to,Дата по,uk_UA
customer.account.ssp_inquiry.details,Запит,uk_UA
customer.ssp_inquiry.details.reference,Номер,uk_UA
customer.ssp_inquiry.details.date,Дата,uk_UA
customer.ssp_inquiry.details.status,Статус,uk_UA
customer.ssp_inquiry.details,Деталі запиту,uk_UA
customer.ssp_inquiry.details.type,Тип,uk_UA
customer.ssp_inquiry.details.subject,Тема,uk_UA
customer.ssp_inquiry.details.description,Опис,uk_UA
customer.ssp_inquiry.owner,Власник,uk_UA
customer.ssp_inquiry.details.first_name,Ім'я,uk_UA
customer.ssp_inquiry.details.last_name,Прізвище,uk_UA
customer.ssp_inquiry.details.email,E-mail,uk_UA
customer.ssp_inquiry.details.company,Компанія / Бізнес-підрозділ,uk_UA
customer.ssp_inquiry.details.file.name,Назва файлу,uk_UA
customer.ssp_inquiry.details.file.size,Розмір,uk_UA
customer.ssp_inquiry.details.file.extension,Тип,uk_UA
customer.ssp_inquiry.details.file.download,Завантажити,uk_UA
ssp_inquiry.file.unavailable,Файл недоступний,uk_UA
customer.ssp_inquiry.details.files,Файли,uk_UA
ssp_inquiry.order.create_ssp_inquiry,Запит,uk_UA
ssp_inquiry.order_reference.label,Номер замовлення,uk_UA
customer.ssp_inquiry.details.order_reference,Номер замовлення,uk_UA
ssp_inquiry.error.company_user_not_found,Користувача компанії не знайдено.,uk_UA
ssp_inquiry.type.general-question,Загальне питання,uk_UA
ssp_inquiry.type.general-ssp_inquiry,Загальний запит,uk_UA
ssp_dashboard.index.widget.title,Панель,uk_UA
ssp_dashboard.general.view_all,Переглянути все,uk_UA
ssp_dashboard.general.welcome,"Вітаємо, %name%",uk_UA
ssp_dashboard.overview.title,Мій огляд,uk_UA
ssp_dashboard.general.ssp_assets,Активи,uk_UA
ssp_dashboard.general.inquiries,Запити в очікуванні,uk_UA
ssp_dashboard.general.services,Заплановані послуги,uk_UA
ssp_dashboard.representatives.title,Представники сервісу,uk_UA
ssp_dashboard.general.no_data,Даних ще немає,uk_UA
ssp_dashboard.general.news,Новини та події,uk_UA
dashboard.access.denied,Доступ заборонено.,uk_UA
customer.account.files,Файли,uk_UA
customer.account.no_files,Немає файлів,uk_UA
customer.account.no_ssp_booked_services,У вас ще немає заброньованих послуг.,uk_UA
dashboard.overview.not_applicable,н/д,uk_UA
product.filter.product-abstract-types,Типи абстрактних товарів,uk_UA
self_service_portal.asset.access.denied,Доступ заборонено.,uk_UA
self_service_portal.asset.access.status.restricted,Обмежений доступ.,uk_UA
self_service_portal.service.checkout.item_count,Кількість позицій,uk_UA
ssp-service-management.info.service-without-shipment-type.removed,Позицію послуги %sku% без типу відправлення було видалено,uk_UA
product.filter.product-class-names,Клас товару,uk_UA
customer.account.ssp_services,Послуги,uk_UA
customer.account.no_ssp_services,Наразі немає жодних послуг,uk_UA
customer.ssp_service.order.reference,Номер замовлення,uk_UA
customer.ssp_service.customer,Клієнт,uk_UA
customer.ssp_service.company,Компанія,uk_UA
customer.ssp_service.service,Послуга,uk_UA
customer.ssp_service.created_at,Дата створення,uk_UA
customer.ssp_service.status,Статус,uk_UA
customer.ssp_service.scheduled_at,Час і дата,uk_UA
customer.ssp_service.actions,Дії,uk_UA
customer.ssp_service.view_ssp_service,Переглянути,uk_UA
ssp_inquiry.mail.trans.ssp_inquiry_approved.main_text,Ваш запит %reference% було затверджено.,uk_UA
ssp_inquiry.mail.trans.ssp_inquiry_list_page,Переглянути запити,uk_UA
ssp_asset.validation.cannot_delete_own_assignment,Ви не можете видалити власне призначення.,uk_UA
permission.name.DownloadCompanyFilesPermissionPlugin,Завантажити файл(и) ,uk_UA
permission.name.ViewCompanyFilesPermissionPlugin,Переглянути файли компанії,uk_UA
permission.name.ViewCompanyUserFilesPermissionPlugin,Переглянути мої файли,uk_UA
permission.name.ViewCompanyBusinessUnitFilesPermissionPlugin,Переглянути файли бізнес-підрозділу,uk_UA
permission.name.CreateSspInquiryPermissionPlugin,Створити запит,uk_UA
permission.name.ViewCompanySspInquiryPermissionPlugin,Переглянути запити компанії,uk_UA
permission.name.ViewBusinessUnitSspInquiryPermissionPlugin,Переглянути запити бізнес-підрозділу,uk_UA
permission.name.ViewDashboardPermissionPlugin,Переглянути панель,uk_UA
permission.name.ViewCompanySspAssetPermissionPlugin,Переглянути активи компанії,uk_UA
permission.name.ViewBusinessUnitSspAssetPermissionPlugin,Переглянути активи бізнес-підрозділу,uk_UA
permission.name.CreateSspAssetPermissionPlugin,Створити активи,uk_UA
permission.name.UpdateSspAssetPermissionPlugin,Оновити активи,uk_UA
permission.name.UnassignSspAssetPermissionPlugin,Скасувати призначення SSP-активів бізнес-підрозділу,uk_UA
ssp_dashboard.overview.not_applicable,н/д,uk_UA
self_service_portal.asset.form.image.description,Максимум до %size%. Допустимі формати файлів %format%,uk_UA
self_service_portal.asset.validation.name.not_set,Потрібно вказати назву активу,uk_UA
self_service_portal.asset.validation.business_unit.not_set,Потрібно вказати бізнес-підрозділ,uk_UA
self_service_portal.asset.validation.company_business_unit.not_set,Потрібно вказати бізнес-підрозділ компанії,uk_UA
self_service_portal.asset.validation.assets_not_provided,Не вказано активів,uk_UA
self_service_portal.asset.validation.id_not_provided,Не вказано ідентифікатор активу,uk_UA
self_service_portal.asset.validation.not_found,Актив не знайдено,uk_UA
self_service_portal.asset.list.widget.title,Активи,uk_UA
self_service_portal.asset.create.title,Створити актив,uk_UA
self_service_portal.asset.list.title,Активи,uk_UA
self_service_portal.asset.submit.button,Зберегти,uk_UA
self_service_portal.asset.success.created,Актив успішно створено,uk_UA
self_service_portal.asset.error.create,Не вдалося створити актив,uk_UA
self_service_portal.asset.form.name,Назва,uk_UA
self_service_portal.asset.form.serial_number,Серійний номер,uk_UA
self_service_portal.asset.form.note,Примітка,uk_UA
self_service_portal.asset.form.image,Зображення,uk_UA
self_service_portal.asset.form.image.mime_type_error,Неправильний формат файлу. Допустимі формати файлів: {{ types }},uk_UA
self_service_portal.asset.form.external_image_url,Зовнішня URL-адреса зображення,uk_UA
self_service_portal.asset.form.external_image_url.note,"Примітка: якщо зображення не завантажено локально, актив використає зображення за вказаною URL-адресою.",uk_UA
self_service_portal.asset.update.title,Редагувати актив,uk_UA
self_service_portal.asset.details.reference,Номер активу,uk_UA
self_service_portal.asset.cancel.button,Скасувати,uk_UA
self_service_portal.asset.details.created_date,Дата додавання,uk_UA
self_service_portal.asset.details.owner,Власник бізнес-підрозділу,uk_UA
self_service_portal.asset.details.confirm_delete_title,Підтвердити видалення,uk_UA
self_service_portal.asset.details.confirm_delete_body,"Ви впевнені, що хочете видалити зображення?",uk_UA
self_service_portal.asset.success.updated,Актив успішно оновлено,uk_UA
self_service_portal.asset.image.requirements,Вимоги до завантажуваного зображення,uk_UA
self_service_portal.asset.image.upload,Завантажити зображення,uk_UA
self_service_portal.asset.details_page.search_service,Пошук послуг,uk_UA
self_service_portal.asset.details_page.name,Назва,uk_UA
self_service_portal.asset.details_page.serial_number,Серійний номер,uk_UA
self_service_portal.asset.details_page.note,Примітка,uk_UA
self_service_portal.asset.details_page.reference,Номер,uk_UA
self_service_portal.asset.details_page.confirm_unassign_title,Підтвердити видалення,uk_UA
self_service_portal.asset.details_page.confirm_unassign_body,Скасувати призначення цього активу бізнес-підрозділу. Продовжити?,uk_UA
self_service_portal.asset.details_page.confirm_unassign_in_review,Актив на розгляді. Ви можете видалити його після затвердження.,uk_UA
self_service_portal.asset.details_page.unassign,Скасувати призначення,uk_UA
self_service_portal.inquiry.type.ssp_asset,Актив,uk_UA
customer.self_service_portal.inquiry.details.ssp_asset_reference,Номер активу,uk_UA
customer.self_service_portal.inquiry.ssp_asset.details,Деталі активу,uk_UA
customer.self_service_portal.inquiry.details.ssp_asset_not_available,Актив недоступний,uk_UA
self_service_portal.asset.error.reference_not_found,Номер активу не знайдено,uk_UA
self_service_portal.asset.error.company_user_not_found,Користувача компанії не знайдено,uk_UA
customer.self_service_portal.inquiry.create.button,Створити запит,uk_UA
self_service_portal.inquiry.ssp_asset_reference.label,Номер активу,uk_UA
customer.self_service_portal.inquiry.details.ssp_asset_name,Назва активу,uk_UA
customer.account.ssp_assets,Мої активи,uk_UA
customer.account.ssp_asset,Актив,uk_UA
customer.ssp_asset.list.reference,Номер,uk_UA
customer.ssp_asset.list.name,Назва активу,uk_UA
customer.ssp_asset.list.serial_number,Серійний номер,uk_UA
customer.ssp_asset.list.date_added,Дата додавання,uk_UA
customer.ssp_asset.view_ssp_asset,Переглянути,uk_UA
customer.ssp_asset.create.button,Створити актив,uk_UA
customer.account.no_ssp_assets,У вас ще немає активів.,uk_UA
company.error.company_user_not_found,Користувача компанії не знайдено,uk_UA
customer.ssp_asset.list.business_unit,Бізнес-підрозділ,uk_UA
customer.ssp_asset.list.image,Зображення,uk_UA
self_service_portal.asset.details_page.created_date,Дата додавання,uk_UA
self_service_portal.asset.details_page.owner,Власник бізнес-підрозділу,uk_UA
self_service_portal.asset.details_page.undefined,Не визначено,uk_UA
self_service_portal.asset.success.business_unit_relation_updated,Призначення бізнес-підрозділу активу успішно скасовано,uk_UA
self_service_portal.asset.details_page.status,Статус,uk_UA
self_service_portal.asset.details.status,Статус,uk_UA
self_service_portal.asset.status.pending,В очікуванні,uk_UA
self_service_portal.asset.status.approved,Затверджено,uk_UA
self_service_portal.asset.status.in_review,На розгляді,uk_UA
self_service_portal.asset.status.declined,Відхилено,uk_UA
customer.ssp_asset.list.business_unit,Власник бізнес-підрозділу,uk_UA
self_service_portal.asset.information.assigned_bu,Призначені бізнес-підрозділи,uk_UA
customer.ssp_asset.filter.scope,Рівень доступу,uk_UA
customer.ssp_asset.filter.scope.placeholder,Виберіть рівень доступу,uk_UA
customer.ssp_asset.filter_by_business_unit,Активи мого бізнес-підрозділу,uk_UA
customer.ssp_asset.filter_by_company,Активи компанії,uk_UA
self_service_portal.asset.error.cannot_unassign_own_business_unit,Ви не можете скасувати призначення власного бізнес-підрозділу активу,uk_UA
self_service_portal.search_filter_form.label.active_filters,Активні фільтри:,uk_UA
self_service_portal.search_filter_form.field.reset_all.label,Скинути все,uk_UA
general.fileUpload.upload,Завантажити,uk_UA
self_service_portal.service.product.no_shipment_types_available,Для цього товару немає доступних типів доставки.,uk_UA
self_service_portal.service.product.shipment_types,Типи відправлення,uk_UA
self_service_portal.service.product.select_service_point,Виберіть точку обслуговування,uk_UA
self_service_portal.service.product.service_point_required,Для цього товару потрібна точка обслуговування,uk_UA
self_service_portal.service.cart_item.service_point.name,Точка обслуговування,uk_UA
self_service_portal.service.product.service_date_time,Виберіть бажану дату й часовий інтервал,uk_UA
self_service_portal.service.product.label.service_date_time,Дата й час послуги,uk_UA
product.filter.product-abstract-types,Типи абстрактних товарів,uk_UA
self_service_portal.asset.access.denied,Доступ заборонено.,uk_UA
self_service_portal.asset.access.status.restricted,Обмежений доступ.,uk_UA
self_service_portal.service.checkout.item_count,Кількість позицій,uk_UA
ssp-service-management.info.service-without-shipment-type.removed,Позицію послуги %sku% без типу відправлення було видалено,uk_UA
self_service_portal.service.cart_item.scheduled_at,Дата й час послуги,uk_UA
self_service_portal.customer_navigation.title,Самообслуговування,uk_UA
customer.customer_navigation.title,Акаунт і покупки,uk_UA
forms.apply-btn,Застосувати,uk_UA
customer.account.button.filters,Фільтри,uk_UA
general.fileUpload.description,Максимум %amount% файлів (%format%) до %size%,uk_UA
customer.account.self_service_portal.inquiry.details,Запит,uk_UA
customer.self_service_portal.inquiry.details.reference,Номер,uk_UA
self_service_portal.company_file.file_search_filter_form.field.type.company,Файли компанії,uk_UA
self_service_portal.company_file.file_search_filter_form.field.type.company_user,Файли,uk_UA
self_service_portal.company_file.file_search_filter_form.field.type.company_business_unit,Файли бізнес-підрозділу,uk_UA
customer.self_service_portal.inquiry.details.date,Дата,uk_UA
customer.self_service_portal.inquiry.details.status,Статус,uk_UA
customer.self_service_portal.inquiry.details,Деталі запиту,uk_UA
customer.self_service_portal.inquiry.details.type,Тип,uk_UA
customer.self_service_portal.inquiry.details.subject,Тема,uk_UA
customer.self_service_portal.inquiry.details.description,Опис,uk_UA
customer.self_service_portal.inquiry.owner,Власник,uk_UA
customer.self_service_portal.inquiry.details.first_name,Ім'я,uk_UA
customer.self_service_portal.inquiry.details.last_name,Прізвище,uk_UA
customer.self_service_portal.inquiry.details.email,E-mail,uk_UA
customer.self_service_portal.inquiry.details.company,Компанія / Бізнес-підрозділ,uk_UA
customer.self_service_portal.inquiry.details.file.name,Назва файлу,uk_UA
customer.self_service_portal.inquiry.details.file.size,Розмір,uk_UA
customer.self_service_portal.inquiry.details.file.extension,Тип,uk_UA
customer.self_service_portal.inquiry.details.file.download,Завантажити,uk_UA
customer.self_service_portal.inquiry.details.files,Файли,uk_UA
customer.self_service_portal.inquiry.details.order_reference,Номер замовлення,uk_UA
self_service_portal.inquiry.error.company_user_not_found,Користувача компанії не знайдено.,uk_UA
self_service_portal.inquiry.type.general-question,Загальне питання,uk_UA
self_service_portal.inquiry.type.general-ssp_inquiry,Загальний запит,uk_UA
self_service_portal.inquiry.order.create_ssp_inquiry,Запит,uk_UA
self_service_portal.inquiry.order_reference.label,Номер замовлення,uk_UA
self_service_portal.inquiry.file.unavailable,Файл недоступний,uk_UA
customer.ssp_inquiry.create.button,Створити запит,uk_UA
ssp_asset.details_page.search_service,Пошук послуг,uk_UA
general.confirm.button,Підтвердити,uk_UA
product_offer_service_point_availability_widget.all_items_not_available,Недоступно.,uk_UA
product_offer_service_point_availability_widget.all_items_available,Усі позиції в наявності.,uk_UA
shipment_type.name.shipment_type_in-center-service,Послуга в сервісному центрі,uk_UA
ssp_asset_management.ssp_asset_search_filter_form.label.active_filters,Активні фільтри:,uk_UA
self_service_portal.asset.business_unit_unassignment.denied,Ви не можете скасувати призначення бізнес-підрозділу активу.,uk_UA
self_service_portal.asset.business_unit_assignment.denied,Ви не можете призначити бізнес-підрозділ активу.,uk_UA
general.fileUpload.mb,MB,uk_UA
customer.address.single_address_per_shipment_type,Встановити однакову адресу для всіх товарів,uk_UA
service_point_widget.location_label,Розташування:,uk_UA
self_service_portal.company_file.file_search_filter_form.field.business_entity.label,Рівень доступу,uk_UA
self_service_portal.company_file.file_search_filter_form.field.ssp_asset_entity.label,Фільтрувати за активом,uk_UA
self_service_portal.company_file.file_attachment_type.all,Усі доступні файли,uk_UA
self_service_portal.company_file.file_attachment_business_type.none,Не показувати файли сутності компанії,uk_UA
self_service_portal.company_file.file_attachment_ssp_asset_type.none,Не показувати файли сутності активу,uk_UA
self_service_portal.company_file.file_attachment_type.company_user,Мої файли,uk_UA
self_service_portal.company_file.file_attachment_type.company,Файли компанії,uk_UA
self_service_portal.company_file.file_attachment_type.all,Усі доступні файли,uk_UA
self_service_portal.company_file.file_attachment_ssp_asset_type.none,Не показувати файли активу,uk_UA
self_service_portal.company_file.file_attachment_business_type.none,Не показувати файли бізнес-підрозділу,uk_UA
customer.account.ssp_booked_services,Заброньовані послуги,uk_UA
customer.self_service_portal.service.list.product_name,Назва товару,uk_UA
customer.self_service_portal.service.list.order_reference,Номер замовлення,uk_UA
customer.self_service_portal.service.list.scheduled_at,Дата й час,uk_UA
customer.self_service_portal.service.list.status,Статус,uk_UA
ssp_dashboard.general.booked_services,Заброньовані послуги,uk_UA
permission.name.ViewCompanySspServicePermissionPlugin,ViewCompanySspServicePermissionPlugin,uk_UA
permission.name.ViewBusinessUnitSspServicePermissionPlugin,ViewBusinessUnitSspServicePermissionPlugin,uk_UA
self_service_portal.asset_filter.title,Фільтрувати за активом,uk_UA
self_service_portal.asset_filter.description,Фільтруйте позиції на основі ваших активів,uk_UA
self_service_portal.asset_filter.select_label,Виберіть мої активи,uk_UA
self_service_portal.asset_filter.serial_label,Серійний номер:,uk_UA
self_service_portal.asset_filter.change,Змінити актив,uk_UA
self_service_portal.asset_filter.clear,Очистити,uk_UA
self_service_portal.ssp_asset.details_page.catalog,Купити запасні частини,uk_UA
catalog.ssp.itemsFound,Знайдено %num_found% позицій для %ssp_asset_name%,uk_UA
self_service_portal.asset.selector.button,Виберіть актив,uk_UA
self_service_portal.asset.modal.header,Призначити актив,uk_UA
self_service_portal.asset.item.button,Призначити,uk_UA
self_service_portal.asset.item.serial,Серійний номер,uk_UA
self_service_portal.asset.error.attach_to_cart_item,Актив не можна додати в кошик.,uk_UA
self_service_portal.ssp_asset.success.attached_to_cart,Актив успішно оновлено для позиції %sku%.,uk_UA
global.search.results.no_query,Результати пошуку,uk_UA
self_service_portal.order.service.cancel.title,Скасувати послугу?,uk_UA
self_service_portal.order.service.cancel.description,Ви збираєтеся скасувати %name% (SKU: %sku%),uk_UA
self_service_portal.order.service.cancel.keep,Залишити послугу,uk_UA
self_service_portal.asset.error.not-found,Актив не знайдено,uk_UA
self_service_portal.asset.validation.unknown_error,Під час обробки вашого активу сталася неочікувана помилка,uk_UA
self_service_portal.inquiry.error.not-found,Запит не знайдено,uk_UA
self_service_portal.inquiry.validation.unknown_error,Під час обробки вашого запиту сталася неочікувана помилка,uk_UA
merchant_registration_request_page.page_title,Зареєструйтеся й почніть роботу на Spryker Marketplace,uk_UA
merchant_registration_request_page.company_subform_title,Реєстрація компанії,uk_UA
merchant_registration_request_page.company_subform_text,"Вкажіть дані своєї компанії, щоб розпочати процес реєстрації як продавця на маркетплейсі.",uk_UA
merchant_registration_request_page.account_subform_title,Створення акаунта користувача продавця,uk_UA
merchant_registration_request_page.account_subform_text,Вкажіть дані першого акаунта користувача продавця.,uk_UA
merchant_registration_request_page.accept_terms,Прийняти умови,uk_UA
merchant_registration_request_page.contact_person_role,Роль,uk_UA
merchant_registration_request_page.contact_person_phone,Телефон,uk_UA
merchant_registration_request_page.contact_person_first_name,Ім'я,uk_UA
merchant_registration_request_page.contact_person_last_name,Прізвище,uk_UA
merchant_registration_request_page.contact_person_title,Заголовок,uk_UA
merchant_registration_request_page.email,Email,uk_UA
merchant_registration_request_page.company_name,Назва компанії,uk_UA
merchant_registration_request_page.country,Країна,uk_UA
merchant_registration_request_page.street,Вулиця,uk_UA
merchant_registration_request_page.house_number,Номер будинку,uk_UA
merchant_registration_request_page.zip_code,Поштовий індекс,uk_UA
merchant_registration_request_page.city,Місто,uk_UA
merchant_registration_request_page.merchant_registration_number,Реєстраційний номер,uk_UA
merchant_registration_request_page.form_submit,Надіслати запит на реєстрацію,uk_UA
merchant_registration_request_page.success,Запит на реєстрацію продавця успішно передано на розгляд.,uk_UA
merchant_registration_request.error.email_already_exists,Адреса електронної пошти вже зареєстрована.,uk_UA
merchant_registration_request.error.company_name_already_exists,Назва компанії вже зареєстрована.,uk_UA
self_service_portal.asset.validation.status.not_valid,Статус недійсний.,uk_UA
self_service_portal.asset.business_unit.not_found,Бізнес-підрозділ не знайдено.,uk_UA
self_service_portal.inquiry.validation.ssp_asset_reference_required,Номер активу обов'язковий.,uk_UA
self_service_portal.inquiry.validation.ssp_asset_reference_not_allowed,Номер активу не допускається.,uk_UA
self_service_portal.inquiry.validation.order_reference_required,Номер замовлення обов'язковий.,uk_UA
self_service_portal.inquiry.validation.order_reference_not_allowed,Номер замовлення не допускається.,uk_UA
self_service_portal.inquiry.validation.type_required,Тип обов'язковий.,uk_UA
self_service_portal.inquiry.validation.subject_required,Тема обов'язкова.,uk_UA
self_service_portal.inquiry.validation.description_required,Опис обов'язковий.,uk_UA
product.availability.available,Доступний,uk_UA
product.availability.in_stock,%number% в наявності,uk_UA
product.availability.out_of_stock,Немає в наявності,uk_UA
measurement_units.item.name.short,pc,uk_UA
measurement_units.standard.weight.kilo.name.short,kg,uk_UA
measurement_units.standard.weight.gram.name.short,g,uk_UA
measurement_units.standard.weight.tone.name.short,t,uk_UA
measurement_units.standard.weight.gbou.name.short,oz,uk_UA
measurement_units.standard.weight.usou.name.short,oz,uk_UA
measurement_units.standard.weight.pund.name.short,lb,uk_UA
measurement_units.standard.weight.huwg.name.short,GB cwt,uk_UA
measurement_units.standard.weight.gbtn.name.short,GB ton,uk_UA
measurement_units.standard.weight.ustn.name.short,US ton,uk_UA
measurement_units.standard.weight.oztr.name.short,ozt,uk_UA
measurement_units.standard.weight.ucwt.name.short,US cwt,uk_UA
measurement_units.standard.length.metr.name.short,m,uk_UA
measurement_units.standard.length.cmet.name.short,cm,uk_UA
measurement_units.standard.length.mmet.name.short,mm,uk_UA
measurement_units.standard.length.kmet.name.short,km,uk_UA
measurement_units.standard.length.inch.name.short,in,uk_UA
measurement_units.standard.length.yard.name.short,yd,uk_UA
measurement_units.standard.length.foot.name.short,ft,uk_UA
measurement_units.standard.length.mile.name.short,mi,uk_UA
measurement_units.standard.area.smet.name.short,m²,uk_UA
measurement_units.standard.area.sqki.name.short,km²,uk_UA
measurement_units.standard.area.smil.name.short,mm²,uk_UA
measurement_units.standard.area.scmt.name.short,cm²,uk_UA
measurement_units.standard.area.sqin.name.short,in²,uk_UA
measurement_units.standard.area.sqfo.name.short,ft²,uk_UA
measurement_units.standard.area.sqmi.name.short,mi²,uk_UA
measurement_units.standard.area.sqya.name.short,yd²,uk_UA
measurement_units.standard.area.acre.name.short,ac,uk_UA
measurement_units.standard.area.ares.name.short,a,uk_UA
measurement_units.standard.area.hect.name.short,ha,uk_UA
measurement_units.standard.litr.name.short,L,uk_UA
measurement_units.standard.celi.name.short,cL,uk_UA
measurement_units.standard.mili.name.short,mL,uk_UA
measurement_units.standard.gbga.name.short,GB gal,uk_UA
measurement_units.standard.gbpi.name.short,GB pt,uk_UA
measurement_units.standard.uspi.name.short,US pt,uk_UA
measurement_units.standard.gbqa.name.short,GB qt,uk_UA
measurement_units.standard.usqa.name.short,US qt,uk_UA
measurement_units.standard.usga.name.short,US gal,uk_UA
measurement_units.standard.barl.name.short,bbl,uk_UA
measurement_units.standard.bcuf.name.short,BCF,uk_UA
measurement_units.standard.bdft.name.short,BF,uk_UA
measurement_units.standard.cbme.name.short,m³,uk_UA
measurement_units.standard.miba.name.short,MMbbl,uk_UA
measurement_units.standard.dgeu.name.short,DGE,uk_UA
measurement_units.standard.ggeu.name.short,GGE,uk_UA
measurement_units.standard.busl.name.short,bu,uk_UA
buy_box.sold_by,Продавець,uk_UA
buy_box.view_merchant,Переглянути продавця,uk_UA
Access Denied.,Доступ заборонено.,uk_UA
Passwords do not match,Паролі не збігаються,uk_UA
You must accept the terms and conditions to register,"Щоб зареєструватися, ви повинні прийняти правила та умови",uk_UA
This password has been compromised in a data breach. Please choose a different password.,Цей пароль було розкрито під час витоку даних. Виберіть інший пароль.,uk_UA
Please provide a valid date in YYYY-MM-DD format,Вкажіть дійсну дату у форматі РРРР-ММ-ДД,uk_UA
isDefaultShipping must be a boolean value,isDefaultShipping повинно бути логічним значенням,uk_UA
isDefaultBilling must be a boolean value,isDefaultBilling повинно бути логічним значенням,uk_UA
Country code must be exactly {{ limit }} characters,Код країни повинен містити рівно {{ limit }} символів,uk_UA
Customer reference is required,Номер клієнта обов'язковий,uk_UA
Invalid or expired registration key,Недійсний або прострочений ключ реєстрації,uk_UA
Customer not found,Клієнта не знайдено,uk_UA
Address creation failed,Не вдалося створити адресу,uk_UA
Failed to process customer request,Не вдалося обробити запит клієнта,uk_UA
The user credentials were incorrect.,Дані для входу користувача були неправильні.,uk_UA
purchasing_control.selector.label,Центр витрат,uk_UA
purchasing_control.selector.placeholder,Виберіть центр витрат,uk_UA
purchasing_control.budget.selector.label,Бюджет,uk_UA
purchasing_control.budget.selector.placeholder,Виберіть бюджет,uk_UA
purchasing_control.budget.remaining,Залишок бюджету,uk_UA
purchasing_control.budget.apply_warning,Застосуйте бюджет.,uk_UA
purchasing_control.selector.save,Виберіть,uk_UA
purchasing_control.summary.cost_center_label,Центр витрат,uk_UA
purchasing_control.summary.budget_label,Бюджет,uk_UA
purchasing_control.summary.budget_remaining,залишилось,uk_UA
purchasing_control.validation.block,Ваше замовлення перевищує виділений бюджет. Змініть замовлення або зв'яжіться зі своїм керівником.,uk_UA
purchasing_control.validation.warn,Ваше замовлення перевищує виділений бюджет.,uk_UA
purchasing_control.validation.require-approval,Це замовлення перевищує бюджет. Надішліть його на затвердження.,uk_UA
purchasing_control.validation.required,Виберіть центр витрат і бюджет перед оформленням замовлення.,uk_UA
permission.name.ManageCostCentersPermissionPlugin,Керувати центрами витрат,uk_UA
purchasing_control.validation.inactive-cost-center,Вибраний центр витрат більше не активний. Виберіть інший центр витрат або зв'яжіться зі своїм керівником.,uk_UA
purchasing_control.budget.no_budgets_found,Немає доступних бюджетів для вибраного центру витрат.,uk_UA
purchasing_control.budget.apply,Застосувати,uk_UA
purchasing_control.summary.no_budget_warning,Бюджет не призначено — оформлення замовлення заблоковано.,uk_UA
purchasing_control.error.quote_not_found,Пропозицію не знайдено.,uk_UA
purchasing_control.error.not_company_user,Вибір центру витрат доступний лише для користувачів компанії.,uk_UA
purchasing_control.error.cost_center_access_denied,Вибраний центр витрат недоступний для вашого бізнес-підрозділу.,uk_UA
purchasing_control.error.budget_access_denied,Вибраний бюджет не належить до вказаного центру витрат.,uk_UA
purchasing_control.error.quote_approved,Центр витрат і бюджет не можна змінити після затвердження пропозиції.,uk_UA
purchasing_control.title,Контроль центру витрат,uk_UA
purchasing_control.budget.validation.access_denied,У вас немає дозволу керувати цим бюджетом.,uk_UA
purchasing_control.budget.validation.amount_invalid,Сума бюджету має бути більшою за нуль.,uk_UA
purchasing_control.budget.validation.amount_too_large,Сума бюджету перевищує максимально допустиме значення.,uk_UA
purchasing_control.budget.validation.date_range_invalid,Дата початку бюджету має бути раніше дати завершення.,uk_UA
purchasing_control.budget.validation.currency_invalid,Валюта бюджету має бути 3-символьним кодом ISO.,uk_UA
purchasing_control.budget.validation.currency_changed,Валюту бюджету змінити неможливо.,uk_UA
purchasing_control.budget.validation.name_too_long,Назва бюджету не може перевищувати 100 символів.,uk_UA
purchasing_control.cost_center.validation.name_too_long,Назва центру витрат не може перевищувати 100 символів.,uk_UA
purchasing_control.cost_center.validation.name_empty,Назва центру витрат не може бути порожньою.,uk_UA
purchasing_control.cost_center.validation.business_unit_empty,Центру витрат має бути призначено щонайменше один бізнес-підрозділ.,uk_UA
purchasing_control.cost_center.validation.access_denied,У вас немає доступу до цього центру витрат.,uk_UA
purchasing_control.cost_center.validation.business_unit_not_in_company,Вибрані бізнес-підрозділи не належать до вашої компанії.,uk_UA
purchasing_control.cost_center.menu_item,Центри витрат,uk_UA
purchasing_control.cost_center.list.title,Центри витрат,uk_UA
purchasing_control.cost_center.list.empty,Центрів витрат не знайдено.,uk_UA
purchasing_control.cost_center.list.status,Статус,uk_UA
purchasing_control.cost_center.list.actions,Дії,uk_UA
purchasing_control.cost_center.create.title,Створити центр витрат,uk_UA
purchasing_control.cost_center.update.title,Редагувати центр витрат,uk_UA
purchasing_control.cost_center.form.name,Назва,uk_UA
purchasing_control.cost_center.form.description,Опис,uk_UA
purchasing_control.cost_center.form.business_unit,Бізнес-підрозділ,uk_UA
purchasing_control.cost_center.form.is_active,Центр витрат активний,uk_UA
purchasing_control.cost_center.success.created,Центр витрат успішно створено.,uk_UA
purchasing_control.cost_center.success.updated,Центр витрат успішно оновлено.,uk_UA
purchasing_control.cost_center.success.activated,Центр витрат успішно активовано.,uk_UA
purchasing_control.cost_center.success.deactivated,Центр витрат успішно деактивовано.,uk_UA
purchasing_control.cost_center.status.active,Активний,uk_UA
purchasing_control.cost_center.status.inactive,Неактивний,uk_UA
purchasing_control.cost_center.action.edit,Редагувати,uk_UA
purchasing_control.cost_center.action.activate,Активувати,uk_UA
purchasing_control.cost_center.action.deactivate,Деактивувати,uk_UA
purchasing_control.cost_center.action.save,Зберегти,uk_UA
purchasing_control.cost_center.action.cancel,Скасувати,uk_UA
purchasing_control.cost_center.error.company_user_not_found,Користувача компанії не знайдено.,uk_UA
purchasing_control.cost_center.error.not_found,Центр витрат не знайдено.,uk_UA
purchasing_control.cost_center.search.name_placeholder,Пошук за назвою...,uk_UA
purchasing_control.cost_center.search.all_business_units,Усі бізнес-підрозділи,uk_UA
purchasing_control.cost_center.search.status.all,Усі,uk_UA
purchasing_control.cost_center.search.status.active,Активний,uk_UA
purchasing_control.cost_center.search.status.inactive,Неактивний,uk_UA
purchasing_control.cost_center.search.active_filters,Активні фільтри:,uk_UA
purchasing_control.cost_center.search.reset_all,Скинути все,uk_UA
purchasing_control.cost_center.action.budgets,Бюджети,uk_UA
purchasing_control.cost_center.business_units.more,більше,uk_UA
purchasing_control.budget.list.title,Бюджети,uk_UA
purchasing_control.budget.list.empty,Для цього центру витрат бюджетів не знайдено.,uk_UA
purchasing_control.budget.create.title,Створити бюджет,uk_UA
purchasing_control.budget.update.title,Редагувати бюджет,uk_UA
purchasing_control.budget.success.created,Бюджет успішно створено.,uk_UA
purchasing_control.budget.success.updated,Бюджет успішно оновлено.,uk_UA
purchasing_control.budget.success.deactivated,Бюджет успішно деактивовано.,uk_UA
purchasing_control.budget.success.reactivated,Бюджет успішно повторно активовано.,uk_UA
purchasing_control.budget.error.not_found,Бюджет не знайдено.,uk_UA
purchasing_control.budget.error.cost_center_not_found,Центр витрат не знайдено.,uk_UA
purchasing_control.budget.form.name,Назва,uk_UA
purchasing_control.budget.form.amount,Загальна сума,uk_UA
purchasing_control.budget.form.currency,Валюта,uk_UA
purchasing_control.budget.form.starts_at,Дата початку,uk_UA
purchasing_control.budget.form.ends_at,Дата завершення,uk_UA
purchasing_control.budget.form.enforcement_rule,Правило застосування,uk_UA
purchasing_control.budget.form.enforcement_rule.block,Блок,uk_UA
purchasing_control.budget.form.enforcement_rule.warn,Показати попередження,uk_UA
purchasing_control.budget.form.enforcement_rule.require_approval,Вимагати затвердження,uk_UA
purchasing_control.budget.form.is_active,Бюджет активний,uk_UA
purchasing_control.budget.action.save,Зберегти,uk_UA
purchasing_control.budget.action.cancel,Скасувати,uk_UA
purchasing_control.budget.action.edit,Редагувати,uk_UA
purchasing_control.budget.action.deactivate,Деактивувати,uk_UA
purchasing_control.budget.action.reactivate,Активувати повторно,uk_UA
purchasing_control.budget.status.active,Активний,uk_UA
purchasing_control.budget.status.inactive,Неактивний,uk_UA
purchasing_control.budget.status.archived,Архівовано,uk_UA
purchasing_control.budget.list.column.amount,Сума,uk_UA
purchasing_control.budget.list.column.consumed,Використано,uk_UA
purchasing_control.budget.list.column.remaining,Залишилось,uk_UA
purchasing_control.budget.list.column.currency,Валюта,uk_UA
purchasing_control.budget.list.column.period,Період,uk_UA
purchasing_control.budget.list.column.enforcement_rule,Правило,uk_UA
purchasing_control.budget.list.column.status,Статус,uk_UA
purchasing_control.budget.list.column.actions,Дії,uk_UA
purchasing_control.budget.enforcement_rule.tooltip.block,"Замовлення, що перевищують цей бюджет, буде заблоковано. Оформлення замовлення не дозволяється.",uk_UA
purchasing_control.budget.enforcement_rule.tooltip.warn,"Коли замовлення перевищує цей бюджет, показується попередження. Замовлення продовжується, але може вимагати затвердження.",uk_UA
purchasing_control.budget.enforcement_rule.tooltip.require_approval,"Замовлення, що перевищують цей бюджет, автоматично надсилаються на затвердження.",uk_UA
purchasing_control.budget.search.name_placeholder,Пошук за назвою...,uk_UA
purchasing_control.budget.search.status.all,Усі,uk_UA
purchasing_control.budget.search.status.active,Активний,uk_UA
purchasing_control.budget.search.status.inactive,Неактивний,uk_UA
purchasing_control.budget.search.status.archived,Архівовано,uk_UA
purchasing_control.budget.search.all_currencies,Усі валюти,uk_UA
purchasing_control.budget.search.all_enforcement_rules,Усі правила,uk_UA
purchasing_control.budget.search.starts_at,Дата початку,uk_UA
purchasing_control.budget.search.ends_at,Дата завершення,uk_UA
purchasing_control.budget.search.active_filters,Активні фільтри:,uk_UA
purchasing_control.budget.search.reset_all,Скинути все,uk_UA
purchasing_control.cost_center.access.denied,У вас немає доступу до керування центрами витрат. Зв'яжіться зі своїм адміністратором.,uk_UA
purchasing_control.order.detail.title,Центр витрат і бюджет,uk_UA
purchasing_control.order.detail.not_available,Н/Д,uk_UA
purchasing_control.summary.active_cost_centers,Активні центри витрат,uk_UA
purchasing_control.summary.total_budget,Загальний виділений бюджет,uk_UA
purchasing_control.summary.consumed_budget,Усього витрачено,uk_UA
purchasing_control.summary.remaining_budget,Усього залишилось,uk_UA
purchasing_control.summary.title,Огляд бюджетів і центрів витрат,uk_UA
purchasing_control.summary.dashboard_title,Панель бюджету,uk_UA
purchasing_control.summary.no_budgets_assigned,Бюджети не призначено,uk_UA
purchasing_control.summary.column_budget_name,Назва бюджету,uk_UA
purchasing_control.summary.column_total,Разом,uk_UA
purchasing_control.summary.column_consumed,Використано,uk_UA
purchasing_control.summary.column_remaining,Залишилось,uk_UA
purchasing_control.order.table.cost_center,Центр витрат,uk_UA
purchasing_control.order.table.budget,Бюджет,uk_UA
purchasing_control.budget.validation.end_date_in_past,Дата завершення не може бути в минулому.,uk_UA
shop_ui.active_form_filters.reset_all.label,Скинути все,uk_UA
header.menu.open,Відкрити меню,uk_UA
header.menu.close,Закрити меню,uk_UA
header.cart,Кошик,uk_UA
header.cart.items,%d позицій у кошику,uk_UA
header.account.menu,Меню акаунта,uk_UA
header.drawer.browse,Переглядати,uk_UA
customer.account.user_account,Акаунт користувача,uk_UA
company.account.company_account,Корпоративний акаунт,uk_UA
search.form.placeholder,"Пошук за назвою товару, SKU або номером деталі...",uk_UA
cart_popover.title,Мої кошики,uk_UA
shopping_list_panel.title,Мої списки покупок,uk_UA
global.tagline,Створено для сучасної B2B-комерції.,uk_UA
customer.login.or,або,uk_UA
security_oauth_knpu:login:sso,Увійти через SSO,uk_UA
security_oauth_knpu:login:github,Увійти через GitHub,uk_UA
security_oauth_knpu.error.provider_not_found,Вхід через OAuth недоступний.,uk_UA
authentication.failed,Помилка аутентифікації. Спробуйте знову.,uk_UA
product.detail.in_stock,В наявності,uk_UA
product.detail.out_of_stock_label,Немає в наявності,uk_UA
product.detail.configure_product,Налаштувати товар,uk_UA
merchant_product_offer.change,Змінити,uk_UA
merchant_product_offer.compare_sellers,Порівняти продавців,uk_UA
merchant_product_offer.hide_sellers,Приховати продавців,uk_UA
merchant_product_offer.show_all_sellers,Показати всіх продавців,uk_UA
merchant_product_offer.view_all_sellers,Переглянути всіх продавців (%count%),uk_UA
merchant_product_offer.use_selected_seller,Використати вибраного продавця,uk_UA
merchant_product_offer.offers_count,%count% пропозицій для цього товару,uk_UA
shopping_list_widget.save_to_shopping_list,Зберегти до списку покупок,uk_UA
shopping_list_widget.save_popup_description,"Виберіть список покупок і кількість, щоб продовжити",uk_UA
shopping_list_widget.shopping_list_label,Список покупок,uk_UA
general.save.button,Зберегти,uk_UA
product.detail.select_options_notification,Виберіть потрібні опції перед додаванням у кошик!,uk_UA
catalog.no-results.title,Результатів не знайдено,uk_UA
catalog.no-results.message,"Ми не знайшли нічого, що відповідає вашому пошуку.",uk_UA
catalog.no-results.tip,"Порада: перевірте правопис, спробуйте загальніші ключові слова або шукайте за SKU чи номером деталі.",uk_UA
catalog.no-results.search-for,Пошук,uk_UA
catalog.filter.clearAll,Очистити все,uk_UA
catalog.filter.more,більше,uk_UA
catalog.filter.showLess,Показати менше,uk_UA
catalog.filter.collapseAll,Згорнути все,uk_UA
catalog.filter.expandAll,Розгорнути все,uk_UA
catalog.filter.search.placeholder,Фільтр пошуку,uk_UA
catalog.filter.search.noResults,Жоден фільтр не відповідає вашому пошуку,uk_UA
catalog.filter.showResults,Показати результати,uk_UA
catalog.filter.close,Закрити фільтри,uk_UA
catalog.filter.by,Фільтрувати за,uk_UA
product.detail.select_options_shopping_list_notification,Виберіть потрібні опції перед додаванням до списку покупок!,uk_UA
product.detail.sign_in_to_see_prices,"Увійдіть, щоб побачити ціни",uk_UA
cart.item.variants.more,+%count% більше,uk_UA
cart.item.variants.less,Показати менше,uk_UA
recurring_orders.summary_of_changes,Підсумок змін,uk_UA
recurring_orders.attention_banner.link.failed,Переглянути невдалі,uk_UA
recurring_orders.attention_banner.link.paused,Переглянути призупинені,uk_UA
recurring_orders.attention_banner.link.review_required,"Переглянути ті, що потребують перевірки",uk_UA
recurring_orders.attention_banner.message,"У вас %count% регулярний(их) розклад(ів), що потребують вашої уваги.",uk_UA
recurring_orders.cadence.bi_weekly,Раз на два тижні,uk_UA
recurring_orders.cadence.every_n_weeks,Кожні N тижнів,uk_UA
recurring_orders.cadence.monthly,Щомісяця,uk_UA
recurring_orders.cadence.weekly,Щотижня,uk_UA
recurring_orders.checkout.cadence_label,Частота,uk_UA
recurring_orders.checkout.cadence_placeholder,Виберіть частоту,uk_UA
recurring_orders.checkout.cadence_value_label,Інтервал (тижні),uk_UA
recurring_orders.checkout.confirm_button,Підтвердити,uk_UA
recurring_orders.checkout.enable_description,Отримуйте це замовлення автоматично за своїм розкладом. Пропустіть або скасуйте будь-коли.,uk_UA
recurring_orders.checkout.enable_label,Налаштувати як регулярне замовлення,uk_UA
recurring_orders.checkout.remove_button,Видалити,uk_UA
recurring_orders.checkout.schedule_name_label,Назва розкладу,uk_UA
recurring_orders.checkout.section_title,Регулярне замовлення,uk_UA
recurring_orders.detail.access_denied,У вас немає доступу до цього регулярного замовлення.,uk_UA
recurring_orders.detail.action.error,Під час обробки дії сталася помилка. Спробуйте знову.,uk_UA
recurring_orders.detail.actions.cancel,Скасувати розклад,uk_UA
recurring_orders.detail.actions.pause,Призупинити,uk_UA
recurring_orders.detail.actions.resume,Відновити,uk_UA
recurring_orders.detail.actions.retry,Спробувати знову,uk_UA
recurring_orders.detail.actions.review,Відгук,uk_UA
recurring_orders.detail.actions.skip,Пропустити це виконання,uk_UA
recurring_orders.detail.cancel.modal.title,Скасувати розклад?,uk_UA
recurring_orders.detail.cancel.modal.warning,"Ця дія незворотна. Розклад буде негайно зупинено, і його не можна буде активувати повторно.",uk_UA
recurring_orders.detail.error.failed.title,Остання спроба оформити замовлення не вдалася з таких причин:,uk_UA
recurring_orders.detail.estimated_total.info,Орієнтовна загальна сума показує суму позицій замовлення без витрат на доставку та знижок.,uk_UA
recurring_orders.detail.estimated_total.label,Орієнтовна сума,uk_UA
recurring_orders.detail.skip.modal.title,Пропустити це виконання?,uk_UA
recurring_orders.detail.skip.modal.execution_being_skipped,Виконання буде пропущено,uk_UA
recurring_orders.detail.skip.modal.next_scheduled_execution,Наступне заплановане виконання,uk_UA
recurring_orders.detail.skip.modal.summary,Замовлення від %skippedDate% не буде оформлено. Розклад продовжиться й наступного разу спрацює %nextDate%.,uk_UA
recurring_orders.detail.skip.modal.confirm,Пропустити це виконання,uk_UA
recurring_orders.detail.history.description,Переглянути всі минулі та майбутні виконання цього розкладу,uk_UA
recurring_orders.detail.history.actions,Дії,uk_UA
recurring_orders.detail.history.date,Дата,uk_UA
recurring_orders.detail.history.empty,Історії виконання ще немає.,uk_UA
recurring_orders.detail.history.order_reference,Номер замовлення,uk_UA
recurring_orders.detail.history.status,Статус,uk_UA
recurring_orders.detail.history.title,Попередні замовлення за розкладом,uk_UA
recurring_orders.detail.history.view_order,Переглянути замовлення,uk_UA
recurring_orders.detail.next_execution.paused,"Розклад призупинено. Відновіть його, щоб задати дату наступного виконання.",uk_UA
recurring_orders.detail.next_execution.title,Наступне заплановане виконання,uk_UA
recurring_orders.detail.order_items.column.product,Товар,uk_UA
recurring_orders.detail.order_items.column.quantity,Кільк.,uk_UA
recurring_orders.detail.order_items.column.total,Разом,uk_UA
recurring_orders.detail.order_items.empty,Позицій не знайдено.,uk_UA
recurring_orders.detail.order_items.label,Позиції замовлення,uk_UA
recurring_orders.detail.pause.modal.title,Призупинити розклад?,uk_UA
recurring_orders.detail.pause.modal.warning,Бажаєте призупинити розклад зараз?,uk_UA
recurring_orders.detail.resume.modal.title,Відновити розклад,uk_UA
recurring_orders.detail.review_required.attention,"Регулярне замовлення не вдалося обробити автоматично, воно потребує вашої уваги.",uk_UA
recurring_orders.detail.sidebar.cadence,Цикл,uk_UA
recurring_orders.detail.sidebar.created,Створено,uk_UA
recurring_orders.detail.sidebar.created_by,Створено,uk_UA
recurring_orders.detail.sidebar.status,Статус,uk_UA
recurring_orders.detail.sidebar.title,Деталі розкладу,uk_UA
recurring_orders.detail.source_order,Початкове замовлення,uk_UA
recurring_orders.detail.title,Деталі регулярного замовлення,uk_UA
recurring_orders.error.items_not_purchasable,"Наступні позиції більше не можна придбати, тому регулярне замовлення не було оформлено: %skus%",uk_UA
recurring_orders.history.errors.show,Показати помилки,uk_UA
recurring_orders.history.event.cancelled,Скасовано,uk_UA
recurring_orders.history.event.failed,Помилка,uk_UA
recurring_orders.history.event.paused,Призупинено,uk_UA
recurring_orders.history.event.placed,Завершено,uk_UA
recurring_orders.history.event.resumed,Відновлено,uk_UA
recurring_orders.history.event.skipped,Пропущено,uk_UA
recurring_orders.item.configurable_bundle_label,Комплект: %name%,uk_UA
recurring_orders.list.column.actions,Дії,uk_UA
recurring_orders.list.column.frequency,Частота,uk_UA
recurring_orders.list.column.name,Назва розкладу,uk_UA
recurring_orders.list.column.next_order_date,Дата наступного замовлення,uk_UA
recurring_orders.list.column.status,Статус,uk_UA
recurring_orders.list.empty,Регулярних замовлень не знайдено.,uk_UA
recurring_orders.list.form.scope,Показати розклади для,uk_UA
recurring_orders.list.form.search,Пошук,uk_UA
recurring_orders.list.form.search_placeholder,Пошук розкладів...,uk_UA
recurring_orders.list.form.status,Статус,uk_UA
recurring_orders.list.form.status.all,Усі статуси,uk_UA
recurring_orders.list.scope.company,Усі розклади компанії,uk_UA
recurring_orders.list.scope.my_business_unit,Мій бізнес-підрозділ,uk_UA
recurring_orders.list.scope.my_schedules,Мої розклади,uk_UA
recurring_orders.list.title,Регулярні замовлення,uk_UA
recurring_orders.mail.notify_buyer_placement_failure.body.cta,Перевірте замовлення,uk_UA
recurring_orders.mail.notify_buyer_placement_failure.body.detail,Перегляньте деталі замовлення та причину помилки в панелі регулярних замовлень.,uk_UA
recurring_orders.mail.notify_buyer_placement_failure.body.intro,"Нам не вдалося автоматично оформити ваше регулярне замовлення ""%schedule_name%"".",uk_UA
recurring_orders.mail.notify_buyer_placement_failure.body.sign_off,З повагою,uk_UA
recurring_orders.mail.notify_buyer_placement_failure.salutation,Вітаємо,uk_UA
recurring_orders.mail.notify_buyer_placement_failure.subject,"Не вдалося оформити регулярне замовлення ""%schedule_name%""",uk_UA
recurring_orders.mail.notify_buyer_validation_failed.body.cta,Перевірте замовлення,uk_UA
recurring_orders.mail.notify_buyer_validation_failed.body.detail,Перегляньте деталі свого замовлення та внесіть потрібні коригування до запланованої дати.,uk_UA
recurring_orders.mail.notify_buyer_validation_failed.body.intro,"Ваше регулярне замовлення ""%schedule_name%"", заплановане на %execution_date%, не вдалося обробити автоматично, воно потребує вашої уваги.",uk_UA
recurring_orders.mail.notify_buyer_validation_failed.salutation,Вітаємо,uk_UA
recurring_orders.mail.notify_buyer_validation_failed.subject,"Потрібна дія: ""%schedule_name%"" — ваше замовлення потребує уваги",uk_UA
recurring_orders.mail.notify_buyer_upcoming_order.body.cta,Переглянути замовлення,uk_UA
recurring_orders.mail.notify_buyer_upcoming_order.body.intro,"Ваше регулярне замовлення ""%schedule_name%"" заплановано на %execution_date%. Ми обробимо його автоматично цього дня.",uk_UA
recurring_orders.mail.notify_buyer_upcoming_order.body.review,"Якщо потрібно внести зміни, перевірте та оновіть своє замовлення до %expiry_date%.",uk_UA
recurring_orders.mail.notify_buyer_upcoming_order.salutation,Вітаємо,uk_UA
recurring_orders.mail.notify_buyer_upcoming_order.subject,"Найближче регулярне замовлення: ""%schedule_name%"" %execution_date%",uk_UA
recurring_orders.menu_item,Регулярні замовлення,uk_UA
recurring_orders.review.all_items_removed,"Замовлення не можна оформити — усі позиції недоступні, а розклад не може виконуватися без позицій.",uk_UA
recurring_orders.review.approve_error,Не вдалося застосувати зміни. Спробуйте знову.,uk_UA
recurring_orders.review.approve_failed,Не вдалося застосувати зміни.,uk_UA
recurring_orders.review.approve_success,"Ваші зміни застосовано, а замовлення оформлено.",uk_UA
recurring_orders.review.back_to_detail,Повернутися до деталей розкладу,uk_UA
recurring_orders.review.banner.price_change,%count% зміна ціни,uk_UA
recurring_orders.review.banner.substituted,%count% товар замінено,uk_UA
recurring_orders.review.banner.unavailable,%count% недоступно,uk_UA
recurring_orders.review.blocking.title,Неможливо продовжити — блокуючі проблеми,uk_UA
recurring_orders.review.column.current_price,Поточна ціна,uk_UA
recurring_orders.review.column.previous_price,Попередня ціна,uk_UA
recurring_orders.review.column.reason,Причина,uk_UA
recurring_orders.review.cta.accept_and_place,Прийняти зміни та оформити замовлення,uk_UA
recurring_orders.review.execution_scheduled,Виконання заплановано на %date%,uk_UA
recurring_orders.review.flagged.title,"Позиції, що потребують вашої перевірки",uk_UA
recurring_orders.review.footer.helper,Прийняття цих змін оновить це замовлення та майбутні виконання розкладу.,uk_UA
recurring_orders.review.footer.new_total,Нова сума,uk_UA
recurring_orders.review.footer.summary,%removed% видалень,uk_UA
recurring_orders.review.invalid_form,Не вдалося обробити запит. Перевірте його та спробуйте знову.,uk_UA
recurring_orders.review.modal.accepted_prices,Прийняті зміни цін,uk_UA
recurring_orders.review.modal.body,Видалення недоступних позицій і прийняття оновлених цін вплине на це замовлення та на всі майбутні виконання цього розкладу. Ці зміни стануть новим базовим станом для регулярного замовлення.,uk_UA
recurring_orders.review.modal.headline,Підтвердити замовлення та застосувати зміни,uk_UA
recurring_orders.review.modal.new_total,Нова сума замовлення,uk_UA
recurring_orders.review.modal.original_total,Сума початкового замовлення,uk_UA
recurring_orders.review.modal.removed_items,Видалені позиції,uk_UA
recurring_orders.review.not_available,Цей розклад не потребує перевірки.,uk_UA
recurring_orders.review.prices_changed,Ціни знову змінилися після вашої перевірки. Перегляньте оновлене замовлення перед затвердженням.,uk_UA
recurring_orders.review.reason.discontinued,Знято з виробництва,uk_UA
recurring_orders.review.reason.not_approved,Не затверджено,uk_UA
recurring_orders.review.reason.price_increased,Ціна зросла,uk_UA
recurring_orders.review.reason.price_unavailable,Ціна недоступна,uk_UA
recurring_orders.review.reason.substituted,Замінено,uk_UA
recurring_orders.review.reason.unavailable,Недоступно,uk_UA
recurring_orders.review.title,Потрібна перевірка — %name%,uk_UA
recurring_orders.review.unchanged.title,Незмінені позиції (%count%),uk_UA
recurring_orders.review.unchanged.title.plural,%count% незмінених позицій,uk_UA
recurring_orders.status.active,Активний,uk_UA
recurring_orders.status.cancelled,Скасовано,uk_UA
recurring_orders.status.draft,Чернетка,uk_UA
recurring_orders.status.failed,Помилка,uk_UA
recurring_orders.status.paused,Призупинено,uk_UA
recurring_orders.status.review_required,Потрібна перевірка,uk_UA
recurring_orders.detail.resume.date_label,Дата наступного виконання,uk_UA
recurring_orders.detail.resume.validation.date_required,Виберіть дату відновлення.,uk_UA
recurring_orders.detail.resume.validation.date_in_past,Дата відновлення повинна бути в майбутньому.,uk_UA
recurring_orders.checkout.validation.cadence_required,Виберіть частоту.,uk_UA
recurring_orders.scheduled.order.errors.title,"У вашому регулярному замовленні виявлено такі проблеми, тому його не вдалося оформити:",uk_UA
catalog.no-results.browse-all,Переглянути всі товари,uk_UA
configurable_bundle.template.name.3,Комплект котельної системи,uk_UA
configurable_bundle.template_slots.boiler-pump.name,Насоси та гідравлічні компоненти,uk_UA
configurable_bundle.template_slots.boiler-control.name,Керування та вимірювання,uk_UA
configurable_bundle.template_slots.boiler-valves.name,Клапани та запобіжна арматура,uk_UA
configurable_bundle.template_slots.boiler-seals.name,Ущільнення та комплекти прокладок,uk_UA
product.option.group.name.hrs_warranty,Розширення гарантії,uk_UA
product.option.group.name.hrs_insurance,Страхування монтажу,uk_UA
